GEOID,raster_file,vpd_file,tmax_mean_raw,tmax_mean_C,vpd_mean_raw,vpd_mean_kPa,ea_kPa,wbgt_C,period,year,month
BK0101,prism_tmax_us_30s_202001_avg_30y.tif,prism_vpdmax_us_30s_202001_avg_30y.tif,4.289366722106934,-0.7106332778930664,4.088616689046224,0.4088616689046224,0.17106195915676703,3.6042982813832407,2020-01,2020,01
BK0102,prism_tmax_us_30s_202001_avg_30y.tif,prism_vpdmax_us_30s_202001_avg_30y.tif,4.314500172932942,-0.6854998270670576,4.097500271267361,0.4097500271267361,0.1712416126695971,3.61861955183213,2020-01,2020,01
BK0103,prism_tmax_us_30s_202001_avg_30y.tif,prism_vpdmax_us_30s_202001_avg_30y.tif,4.307685579572405,-0.6923144204275946,4.093171255929129,0.40931712559291294,0.17138476557759946,3.6148119364895503,2020-01,2020,01
BK0104,prism_tmax_us_30s_202001_avg_30y.tif,prism_vpdmax_us_30s_202001_avg_30y.tif,4.286659749348958,-0.7133402506510418,4.073546600341797,0.4073546600341797,0.17245404256638192,3.6033105166094472,2020-01,2020,01
BK0201,prism_tmax_us_30s_202001_avg_30y.tif,prism_vpdmax_us_30s_202001_avg_30y.tif,4.3092498779296875,-0.6907501220703125,4.12037467956543,0.41203746795654295,0.16873092406534385,3.614655933943813,2020-01,2020,01
BK0202,prism_tmax_us_30s_202001_avg_30y.tif,prism_vpdmax_us_30s_202001_avg_30y.tif,4.320929718017578,-0.6790702819824217,4.116149520874023,0.4116149520874023,0.16965018176500202,3.6216396715496124,2020-01,2020,01
BK0203,prism_tmax_us_30s_202001_avg_30y.tif,prism_vpdmax_us_30s_202001_avg_30y.tif,4.296700371636285,-0.7032996283637152,4.104499816894531,0.4104499816894531,0.1697851002340811,3.607954655109767,2020-01,2020,01
BK0204,prism_tmax_us_30s_202001_avg_30y.tif,prism_vpdmax_us_30s_202001_avg_30y.tif,4.259000142415364,-0.7409998575846357,4.079283396402995,0.4079283396402995,0.1707072188904909,3.5869410177734746,2020-01,2020,01
BK0261,prism_tmax_us_30s_202001_avg_30y.tif,prism_vpdmax_us_30s_202001_avg_30y.tif,4.336057118007115,-0.6639428819928854,4.115785598754883,0.4115785598754883,0.17033049856246418,3.6304842718450825,2020-01,2020,01
BK0301,prism_tmax_us_30s_202001_avg_30y.tif,prism_vpdmax_us_30s_202001_avg_30y.tif,4.27388350168864,-0.7261164983113604,4.075816472371419,0.4075816472371419,0.17168490724686664,3.595764114005477,2020-01,2020,01
BK0302,prism_tmax_us_30s_202001_avg_30y.tif,prism_vpdmax_us_30s_202001_avg_30y.tif,4.270378385271345,-0.7296216147286554,4.060292652675083,0.4060292652675083,0.17308863128673552,3.5943283765445395,2020-01,2020,01
BK0401,prism_tmax_us_30s_202001_avg_30y.tif,prism_vpdmax_us_30s_202001_avg_30y.tif,4.266720199584961,-0.7332798004150387,4.05756950378418,0.40575695037841797,0.1732058323082828,3.592300245261828,2020-01,2020,01
BK0402,prism_tmax_us_30s_202001_avg_30y.tif,prism_vpdmax_us_30s_202001_avg_30y.tif,4.268219757080078,-0.731780242919922,4.058409881591797,0.4058409881591797,0.17318537410528057,3.5931424542877792,2020-01,2020,01
BK0471,prism_tmax_us_30s_202001_avg_30y.tif,prism_vpdmax_us_30s_202001_avg_30y.tif,4.266749858856201,-0.7332501411437988,4.0610246658325195,0.40610246658325194,0.17286157356385184,3.59218176838206,2020-01,2020,01
BK0501,prism_tmax_us_30s_202001_avg_30y.tif,prism_vpdmax_us_30s_202001_avg_30y.tif,4.321840286254883,-0.6781597137451172,4.075889968872071,0.40758899688720707,0.17371487908099215,3.6237533897853487,2020-01,2020,01
BK0502,prism_tmax_us_30s_202001_avg_30y.tif,prism_vpdmax_us_30s_202001_avg_30y.tif,4.351150131225586,-0.6488498687744144,4.068219757080078,0.40682197570800777,0.17573017231067217,3.641164082123001,2020-01,2020,01
BK0503,prism_tmax_us_30s_202001_avg_30y.tif,prism_vpdmax_us_30s_202001_avg_30y.tif,4.34376859664917,-0.6562314033508301,4.0296311378479,0.40296311378479005,0.17927444014517874,3.6383716492771345,2020-01,2020,01
BK0504,prism_tmax_us_30s_202001_avg_30y.tif,prism_vpdmax_us_30s_202001_avg_30y.tif,4.319636258212003,-0.6803637417879971,3.9843725724653765,0.39843725724653767,0.18277284745779432,3.626063487457119,2020-01,2020,01
BK0505,prism_tmax_us_30s_202001_avg_30y.tif,prism_vpdmax_us_30s_202001_avg_30y.tif,4.361579895019531,-0.6384201049804688,4.045909881591797,0.4045909881591797,0.17840592292116875,3.6481293281840936,2020-01,2020,01
BK0571,prism_tmax_us_30s_202001_avg_30y.tif,prism_vpdmax_us_30s_202001_avg_30y.tif,4.312166213989258,-0.6878337860107422,4.082200050354004,0.4082200050354004,0.17267238313140182,3.61785848990255,2020-01,2020,01
BK0601,prism_tmax_us_30s_202001_avg_30y.tif,prism_vpdmax_us_30s_202001_avg_30y.tif,4.352964513442096,-0.647035486557904,4.1260824764476105,0.41260824764476106,0.17002125066038715,3.6399492306312005,2020-01,2020,01
BK0602,prism_tmax_us_30s_202001_avg_30y.tif,prism_vpdmax_us_30s_202001_avg_30y.tif,4.2567454251376065,-0.7432545748623935,4.07683632590554,0.407683632590554,0.1708563878360086,3.585721216472574,2020-01,2020,01
BK0701,prism_tmax_us_30s_202001_avg_30y.tif,prism_vpdmax_us_30s_202001_avg_30y.tif,4.254443032400949,-0.7455569675990512,4.0578427995954245,0.40578427995954247,0.17265819663147985,3.5851238706475095,2020-01,2020,01
BK0702,prism_tmax_us_30s_202001_avg_30y.tif,prism_vpdmax_us_30s_202001_avg_30y.tif,4.337647287469161,-0.662352712530839,4.09115279348273,0.409115279348273,0.17286150410540974,3.63238058310844,2020-01,2020,01
BK0703,prism_tmax_us_30s_202001_avg_30y.tif,prism_vpdmax_us_30s_202001_avg_30y.tif,4.306262493133545,-0.6937375068664551,4.0665998458862305,0.40665998458862307,0.1739814147283134,3.615025529594947,2020-01,2020,01
BK0771,prism_tmax_us_30s_202001_avg_30y.tif,prism_vpdmax_us_30s_202001_avg_30y.tif,4.281324863433838,-0.7186751365661621,4.0625,0.40625,0.1733322671543105,3.6006307785586302,2020-01,2020,01
BK0801,prism_tmax_us_30s_202001_avg_30y.tif,prism_vpdmax_us_30s_202001_avg_30y.tif,4.230466524759929,-0.7695334752400713,4.072616895039876,0.4072616895039876,0.17016585567076264,3.570549700817489,2020-01,2020,01
BK0802,prism_tmax_us_30s_202001_avg_30y.tif,prism_vpdmax_us_30s_202001_avg_30y.tif,4.249558130900065,-0.7504418690999346,4.058974901835124,0.4058974901835124,0.17233807943379997,3.5822283254378204,2020-01,2020,01
BK0891,prism_tmax_us_30s_202001_avg_30y.tif,prism_vpdmax_us_30s_202001_avg_30y.tif,4.2729997634887695,-0.7270002365112305,4.046199798583984,0.4046199798583984,0.17460909060828206,3.5964122385071873,2020-01,2020,01
BK0901,prism_tmax_us_30s_202001_avg_30y.tif,prism_vpdmax_us_30s_202001_avg_30y.tif,4.247871398925781,-0.7521286010742188,4.058742795671735,0.40587427956717353,0.17228986131725305,3.5812529986885986,2020-01,2020,01
BK0902,prism_tmax_us_30s_202001_avg_30y.tif,prism_vpdmax_us_30s_202001_avg_30y.tif,4.271399688720703,-0.7286003112792967,4.05651969909668,0.405651969909668,0.1735092383711262,3.5950727541844913,2020-01,2020,01
BK1001,prism_tmax_us_30s_202001_avg_30y.tif,prism_vpdmax_us_30s_202001_avg_30y.tif,4.344394683837891,-0.6556053161621094,4.0581105550130205,0.40581105550130203,0.17645317584466058,3.6376178838430357,2020-01,2020,01
BK1002,prism_tmax_us_30s_202001_avg_30y.tif,prism_vpdmax_us_30s_202001_avg_30y.tif,4.277981844815341,-0.7220181551846592,4.019599914550781,0.4019599914550781,0.17748042351536675,3.6003655124518374,2020-01,2020,01
BK1061,prism_tmax_us_30s_202001_avg_30y.tif,prism_vpdmax_us_30s_202001_avg_30y.tif,4.3619570050920755,-0.6380429949079245,4.026199885777065,0.40261998857770653,0.18039300947230796,3.6491240746098237,2020-01,2020,01
BK1091,prism_tmax_us_30s_202001_avg_30y.tif,prism_vpdmax_us_30s_202001_avg_30y.tif,4.339528492518833,-0.6604715074811667,4.012300218854632,0.4012300218854632,0.18082689073697333,3.636577623317809,2020-01,2020,01
BK1101,prism_tmax_us_30s_202001_avg_30y.tif,prism_vpdmax_us_30s_202001_avg_30y.tif,4.311072794596354,-0.6889272054036457,3.988300069173177,0.39883000691731774,0.18201588873690655,3.6209105188097372,2020-01,2020,01
BK1102,prism_tmax_us_30s_202001_avg_30y.tif,prism_vpdmax_us_30s_202001_avg_30y.tif,4.368577745225695,-0.6314222547743054,4.002444373236762,0.4002444373236762,0.18305105587809478,3.65392264650306,2020-01,2020,01
BK1103,prism_tmax_us_30s_202001_avg_30y.tif,prism_vpdmax_us_30s_202001_avg_30y.tif,4.374179840087891,-0.6258201599121094,3.9996299743652344,0.3999629974365234,0.18357162169925012,3.6573036166576394,2020-01,2020,01
BK1201,prism_tmax_us_30s_202001_avg_30y.tif,prism_vpdmax_us_30s_202001_avg_30y.tif,4.277571269444057,-0.7224287305559427,4.049742562430246,0.4049742562430246,0.17444873916130182,3.598941264265172,2020-01,2020,01
BK1202,prism_tmax_us_30s_202001_avg_30y.tif,prism_vpdmax_us_30s_202001_avg_30y.tif,4.245075225830078,-0.7549247741699219,4.005858421325684,0.40058584213256837,0.17745990525294325,3.581699395810061,2020-01,2020,01
BK1203,prism_tmax_us_30s_202001_avg_30y.tif,prism_vpdmax_us_30s_202001_avg_30y.tif,4.263990020751953,-0.7360099792480472,4.023380279541016,0.40233802795410156,0.1765090140287756,3.592050384279666,2020-01,2020,01
BK1204,prism_tmax_us_30s_202001_avg_30y.tif,prism_vpdmax_us_30s_202001_avg_30y.tif,4.272989654541016,-0.727010345458984,3.9743099212646484,0.3974309921264648,0.18179764957861633,3.599231610409152,2020-01,2020,01
BK1301,prism_tmax_us_30s_202001_avg_30y.tif,prism_vpdmax_us_30s_202001_avg_30y.tif,4.362241744995117,-0.6377582550048828,3.987574577331543,0.3987574577331543,0.18426768716898934,3.6508082704696445,2020-01,2020,01
BK1302,prism_tmax_us_30s_202001_avg_30y.tif,prism_vpdmax_us_30s_202001_avg_30y.tif,4.319811652688419,-0.6801883473115806,3.9601884729721966,0.39601884729721964,0.18519871914596248,3.627116303698697,2020-01,2020,01
BK1303,prism_tmax_us_30s_202001_avg_30y.tif,prism_vpdmax_us_30s_202001_avg_30y.tif,4.337683041890462,-0.6623169581095381,3.9655497868855796,0.39655497868855794,0.18542332761928426,3.637337652506271,2020-01,2020,01
BK1391,prism_tmax_us_30s_202001_avg_30y.tif,prism_vpdmax_us_30s_202001_avg_30y.tif,4.363466262817383,-0.6365337371826172,3.9872665405273438,0.3987266540527344,0.1843507306767294,3.651535208173411,2020-01,2020,01
BK1401,prism_tmax_us_30s_202001_avg_30y.tif,prism_vpdmax_us_30s_202001_avg_30y.tif,4.262341499328613,-0.7376585006713867,4.002891540527344,0.40028915405273435,0.17848801193141983,3.5918934188083718,2020-01,2020,01
BK1402,prism_tmax_us_30s_202001_avg_30y.tif,prism_vpdmax_us_30s_202001_avg_30y.tif,4.256672599098899,-0.7433274009011006,3.9992814497514204,0.39992814497514206,0.17860878985961437,3.5887266181039044,2020-01,2020,01
BK1403,prism_tmax_us_30s_202001_avg_30y.tif,prism_vpdmax_us_30s_202001_avg_30y.tif,4.282507676344651,-0.7174923236553488,3.9607306260329027,0.3960730626032903,0.18355940145564337,3.605320697259485,2020-01,2020,01
BK1501,prism_tmax_us_30s_202001_avg_30y.tif,prism_vpdmax_us_30s_202001_avg_30y.tif,4.363884559044471,-0.6361154409555292,3.9920152517465444,0.39920152517465446,0.18389370566855434,3.651592771305957,2020-01,2020,01
BK1502,prism_tmax_us_30s_202001_avg_30y.tif,prism_vpdmax_us_30s_202001_avg_30y.tif,4.353379821777343,-0.6466201782226566,3.9822601318359374,0.39822601318359374,0.1844211917196994,3.6458438872935957,2020-01,2020,01
BK1503,prism_tmax_us_30s_202001_avg_30y.tif,prism_vpdmax_us_30s_202001_avg_30y.tif,4.341370010375977,-0.6586299896240231,3.9678298950195314,0.3967829895019531,0.1853523712809647,3.639400277796598,2020-01,2020,01
BK1601,prism_tmax_us_30s_202001_avg_30y.tif,prism_vpdmax_us_30s_202001_avg_30y.tif,4.279122246636285,-0.7208777533637152,4.055322011311849,0.4055322011311849,0.17395660033321708,3.5996272577737276,2020-01,2020,01
BK1602,prism_tmax_us_30s_202001_avg_30y.tif,prism_vpdmax_us_30s_202001_avg_30y.tif,4.314145174893466,-0.6858548251065342,4.047535982998935,0.40475359829989344,0.1762229442337605,3.620375931248463,2020-01,2020,01
BK1701,prism_tmax_us_30s_202001_avg_30y.tif,prism_vpdmax_us_30s_202001_avg_30y.tif,4.287256028917101,-0.7127439710828991,4.034433152940538,0.40344331529405386,0.1763907008307677,3.605195713822488,2020-01,2020,01
BK1702,prism_tmax_us_30s_202001_avg_30y.tif,prism_vpdmax_us_30s_202001_avg_30y.tif,4.262032826741536,-0.7379671732584638,3.978755103217231,0.3978755103217231,0.18088857276416226,3.592661821858767,2020-01,2020,01
BK1703,prism_tmax_us_30s_202001_avg_30y.tif,prism_vpdmax_us_30s_202001_avg_30y.tif,4.28764551336115,-0.7123544866388496,4.017009041526101,0.40170090415261006,0.17814964706609182,3.606107817372746,2020-01,2020,01
BK1704,prism_tmax_us_30s_202001_avg_30y.tif,prism_vpdmax_us_30s_202001_avg_30y.tif,4.300590861927379,-0.6994091380726211,4.025908730246804,0.4025908730246804,0.17780949477181313,3.6133141501581463,2020-01,2020,01
BK1771,prism_tmax_us_30s_202001_avg_30y.tif,prism_vpdmax_us_30s_202001_avg_30y.tif,4.28125,-0.71875,4.008199691772461,0.4008199691772461,0.17875912100836006,3.6027210845562854,2020-01,2020,01
BK1801,prism_tmax_us_30s_202001_avg_30y.tif,prism_vpdmax_us_30s_202001_avg_30y.tif,4.260235057157629,-0.7397649428423714,3.94092918844784,0.39409291884478403,0.18459497207837172,3.5930991014351754,2020-01,2020,01
BK1802,prism_tmax_us_30s_202001_avg_30y.tif,prism_vpdmax_us_30s_202001_avg_30y.tif,4.308194054497613,-0.691805945502387,3.9456384446885853,0.3945638444688585,0.18615966205363021,3.620906776087223,2020-01,2020,01
BK1803,prism_tmax_us_30s_202001_avg_30y.tif,prism_vpdmax_us_30s_202001_avg_30y.tif,4.301636545281661,-0.698363454718339,3.971536736739309,0.3971536736739309,0.18329112664854935,3.616061333947582,2020-01,2020,01
BK1891,prism_tmax_us_30s_202001_avg_30y.tif,prism_vpdmax_us_30s_202001_avg_30y.tif,4.314994430541992,-0.6850055694580082,3.9487548828125,0.39487548828125,0.18613717174979266,3.624753750614978,2020-01,2020,01
BK1892,prism_tmax_us_30s_202001_avg_30y.tif,prism_vpdmax_us_30s_202001_avg_30y.tif,4.30186653137207,-0.6981334686279297,3.9282665252685547,0.39282665252685545,0.18762792062500933,3.6178960960935926,2020-01,2020,01
BK1893,prism_tmax_us_30s_202001_avg_30y.tif,prism_vpdmax_us_30s_202001_avg_30y.tif,4.296622382269965,-0.7033776177300348,3.9453222486707897,0.39453222486707895,0.1856995441361634,3.614164811592582,2020-01,2020,01
BK5591,prism_tmax_us_30s_202001_avg_30y.tif,prism_vpdmax_us_30s_202001_avg_30y.tif,4.23402468363444,-0.7659753163655596,4.054933230082194,0.40549332300821944,0.1720847402904771,3.5733212985548852,2020-01,2020,01
BK5691,prism_tmax_us_30s_202001_avg_30y.tif,prism_vpdmax_us_30s_202001_avg_30y.tif,4.3178052400287825,-0.6821947599712175,3.9437263890316614,0.39437263890316615,0.18675957456752706,3.626592083901358,2020-01,2020,01
BK5692,prism_tmax_us_30s_202001_avg_30y.tif,prism_vpdmax_us_30s_202001_avg_30y.tif,4.254690731272978,-0.7453092687270217,3.9003708783318016,0.39003708783318014,0.18841588214138427,3.591457086313343,2020-01,2020,01
BK5693,prism_tmax_us_30s_202001_avg_30y.tif,prism_vpdmax_us_30s_202001_avg_30y.tif,4.307555304633246,-0.6924446953667536,3.955688900417752,0.3955688900417752,0.18512746323435625,3.620138950778153,2020-01,2020,01
BX0101,prism_tmax_us_30s_202001_avg_30y.tif,prism_vpdmax_us_30s_202001_avg_30y.tif,4.221400040846604,-0.7785999591533956,4.077000251183143,0.40770002511831427,0.16934414422852262,3.565086071841834,2020-01,2020,01
BX0102,prism_tmax_us_30s_202001_avg_30y.tif,prism_vpdmax_us_30s_202001_avg_30y.tif,4.200266520182292,-0.799733479817708,4.046299828423394,0.4046299828423394,0.17152143058020708,3.5539590391613807,2020-01,2020,01
BX0201,prism_tmax_us_30s_202001_avg_30y.tif,prism_vpdmax_us_30s_202001_avg_30y.tif,4.259014129638672,-0.7409858703613281,4.063235691615513,0.4063235691615513,0.17231258208700906,3.5875798562653216,2020-01,2020,01
BX0202,prism_tmax_us_30s_202001_avg_30y.tif,prism_vpdmax_us_30s_202001_avg_30y.tif,4.21144962310791,-0.7885503768920898,4.043337345123291,0.4043337345123291,0.17228994107808593,3.560601883145873,2020-01,2020,01
BX0291,prism_tmax_us_30s_202001_avg_30y.tif,prism_vpdmax_us_30s_202001_avg_30y.tif,4.244750022888184,-0.7552499771118164,4.082025051116943,0.4082025051116943,0.16982947416291372,3.578516246323625,2020-01,2020,01
BX0301,prism_tmax_us_30s_202001_avg_30y.tif,prism_vpdmax_us_30s_202001_avg_30y.tif,4.187885556902204,-0.812114443097796,4.024957111903599,0.4024957111903599,0.17313325356124998,3.547572479413121,2020-01,2020,01
BX0302,prism_tmax_us_30s_202001_avg_30y.tif,prism_vpdmax_us_30s_202001_avg_30y.tif,4.173249880472819,-0.8267501195271807,4.0124664306640625,0.40124664306640623,0.17376526975053774,3.53952243324005,2020-01,2020,01
BX0303,prism_tmax_us_30s_202001_avg_30y.tif,prism_vpdmax_us_30s_202001_avg_30y.tif,4.195212364196777,-0.8047876358032227,4.019712448120117,0.40197124481201174,0.17396684400652562,3.5520543801941376,2020-01,2020,01
BX0391,prism_tmax_us_30s_202001_avg_30y.tif,prism_vpdmax_us_30s_202001_avg_30y.tif,4.180459976196289,-0.8195400238037109,4.012979888916016,0.4012979888916016,0.17401783421921924,3.5437098153514492,2020-01,2020,01
BX0401,prism_tmax_us_30s_202001_avg_30y.tif,prism_vpdmax_us_30s_202001_avg_30y.tif,4.190529632568359,-0.8094703674316408,4.043740081787109,0.40437400817871094,0.17136649538493964,3.548377334352541,2020-01,2020,01
BX0402,prism_tmax_us_30s_202001_avg_30y.tif,prism_vpdmax_us_30s_202001_avg_30y.tif,4.170132954915364,-0.8298670450846357,4.039683024088542,0.4039683024088542,0.17091227391068287,3.53663390908391,2020-01,2020,01
BX0403,prism_tmax_us_30s_202001_avg_30y.tif,prism_vpdmax_us_30s_202001_avg_30y.tif,4.162399927775065,-0.8376000722249346,4.0160166422526045,0.40160166422526045,0.17295318357000855,3.5330513601914753,2020-01,2020,01
BX0491,prism_tmax_us_30s_202001_avg_30y.tif,prism_vpdmax_us_30s_202001_avg_30y.tif,4.193400065104167,-0.806599934895833,4.054099718729655,0.4054099718729655,0.1704516408802073,3.5496453317799843,2020-01,2020,01
BX0492,prism_tmax_us_30s_202001_avg_30y.tif,prism_vpdmax_us_30s_202001_avg_30y.tif,4.169099807739258,-0.8309001922607422,4.012549877166748,0.4012549877166748,0.1735820611986556,3.537097341039231,2020-01,2020,01
BX0501,prism_tmax_us_30s_202001_avg_30y.tif,prism_vpdmax_us_30s_202001_avg_30y.tif,4.126062393188477,-0.8739376068115234,4.004312515258789,0.4004312515258789,0.17259518125766438,3.5123072831721283,2020-01,2020,01
BX0502,prism_tmax_us_30s_202001_avg_30y.tif,prism_vpdmax_us_30s_202001_avg_30y.tif,4.138677808973524,-0.8613221910264759,4.001766628689236,0.40017666286892356,0.17337998646042568,3.5197686523669356,2020-01,2020,01
BX0503,prism_tmax_us_30s_202001_avg_30y.tif,prism_vpdmax_us_30s_202001_avg_30y.tif,4.111540222167969,-0.8884597778320309,3.988880157470703,0.39888801574707033,0.17352859787779595,3.504440044935212,2020-01,2020,01
BX0601,prism_tmax_us_30s_202001_avg_30y.tif,prism_vpdmax_us_30s_202001_avg_30y.tif,4.22323751449585,-0.7767624855041504,4.021725177764893,0.40217251777648927,0.17494933085659142,3.568330757745787,2020-01,2020,01
BX0602,prism_tmax_us_30s_202001_avg_30y.tif,prism_vpdmax_us_30s_202001_avg_30y.tif,4.163987636566162,-0.8360123634338379,4.005999565124512,0.40059995651245117,0.17402175501060335,3.534371539652181,2020-01,2020,01
BX0603,prism_tmax_us_30s_202001_avg_30y.tif,prism_vpdmax_us_30s_202001_avg_30y.tif,4.132842472621372,-0.8671575273786276,3.989856719970703,0.3989856719970703,0.17432566856311943,3.516831669721624,2020-01,2020,01
BX0701,prism_tmax_us_30s_202001_avg_30y.tif,prism_vpdmax_us_30s_202001_avg_30y.tif,4.114333258734809,-0.8856667412651911,3.993655310736762,0.3993655310736762,0.1731683239317212,3.505882109007803,2020-01,2020,01
BX0702,prism_tmax_us_30s_202001_avg_30y.tif,prism_vpdmax_us_30s_202001_avg_30y.tif,4.079866197374132,-0.9201338026258679,3.980533175998264,0.3980533175998264,0.17303522253240727,3.486286976366369,2020-01,2020,01
BX0703,prism_tmax_us_30s_202001_avg_30y.tif,prism_vpdmax_us_30s_202001_avg_30y.tif,4.098599910736084,-0.901400089263916,3.9877748489379883,0.39877748489379883,0.17309621924898888,3.4969329635522124,2020-01,2020,01
BX0801,prism_tmax_us_30s_202001_avg_30y.tif,prism_vpdmax_us_30s_202001_avg_30y.tif,4.095371246337891,-0.9046287536621094,3.9932141985212053,0.39932141985212055,0.17241689702221596,3.4948353372033147,2020-01,2020,01
BX0802,prism_tmax_us_30s_202001_avg_30y.tif,prism_vpdmax_us_30s_202001_avg_30y.tif,4.107249577840169,-0.892750422159831,4.011016209920247,0.40110162099202473,0.17113492857134316,3.5010665375639136,2020-01,2020,01
BX0803,prism_tmax_us_30s_202001_avg_30y.tif,prism_vpdmax_us_30s_202001_avg_30y.tif,4.061027526855469,-0.9389724731445312,4.0065502590603295,0.40065502590603297,0.16964491309746765,3.4742730585743558,2020-01,2020,01
BX0901,prism_tmax_us_30s_202001_avg_30y.tif,prism_vpdmax_us_30s_202001_avg_30y.tif,4.25629979913885,-0.7437002008611504,4.038554451682351,0.40385544516823507,0.17466569460311904,3.5869656040907536,2020-01,2020,01
BX0902,prism_tmax_us_30s_202001_avg_30y.tif,prism_vpdmax_us_30s_202001_avg_30y.tif,4.298709487915039,-0.7012905120849613,4.050270080566406,0.4050270080566406,0.1752934251425733,3.611258595728858,2020-01,2020,01
BX0903,prism_tmax_us_30s_202001_avg_30y.tif,prism_vpdmax_us_30s_202001_avg_30y.tif,4.297535215105329,-0.702464784894671,4.037778581891741,0.4037778581891741,0.17649268820530994,3.6110640934294085,2020-01,2020,01
BX0904,prism_tmax_us_30s_202001_avg_30y.tif,prism_vpdmax_us_30s_202001_avg_30y.tif,4.247983296712239,-0.7520167032877607,4.017016728719075,0.4017016728719075,0.17646720635239443,3.582958141332331,2020-01,2020,01
BX0991,prism_tmax_us_30s_202001_avg_30y.tif,prism_vpdmax_us_30s_202001_avg_30y.tif,4.278971263340542,-0.7210287366594583,4.051942552839007,0.4051942552839007,0.17428813985399988,3.599671945276709,2020-01,2020,01
BX1001,prism_tmax_us_30s_202001_avg_30y.tif,prism_vpdmax_us_30s_202001_avg_30y.tif,4.270424842834473,-0.7295751571655273,4.015174865722656,0.4015174865722656,0.17760238010530005,3.596128621268529,2020-01,2020,01
BX1002,prism_tmax_us_30s_202001_avg_30y.tif,prism_vpdmax_us_30s_202001_avg_30y.tif,4.36452241377397,-0.6354775862260302,4.045272480357777,0.4045272480357777,0.1785951970550344,3.649872121052469,2020-01,2020,01
BX1003,prism_tmax_us_30s_202001_avg_30y.tif,prism_vpdmax_us_30s_202001_avg_30y.tif,4.346469879150391,-0.6535301208496094,4.011504745483398,0.4011504745483398,0.18120218807338268,3.6406608813911108,2020-01,2020,01
BX1004,prism_tmax_us_30s_202001_avg_30y.tif,prism_vpdmax_us_30s_202001_avg_30y.tif,4.297236355868253,-0.7027636441317471,4.019981731068004,0.4019981731068004,0.17825967741227522,3.6115890670003234,2020-01,2020,01
BX1071,prism_tmax_us_30s_202001_avg_30y.tif,prism_vpdmax_us_30s_202001_avg_30y.tif,4.3218997319539385,-0.6781002680460615,3.9534997940063477,0.39534997940063477,0.18595642589417616,3.6285980233942943,2020-01,2020,01
BX1091,prism_tmax_us_30s_202001_avg_30y.tif,prism_vpdmax_us_30s_202001_avg_30y.tif,4.352662086486816,-0.6473379135131836,4.050312519073486,0.4050312519073486,0.17758535277701198,3.6427504466793907,2020-01,2020,01
BX1101,prism_tmax_us_30s_202001_avg_30y.tif,prism_vpdmax_us_30s_202001_avg_30y.tif,4.2073750495910645,-0.7926249504089355,3.998087167739868,0.3998087167739868,0.17664285003701913,3.560002293182682,2020-01,2020,01
BX1102,prism_tmax_us_30s_202001_avg_30y.tif,prism_vpdmax_us_30s_202001_avg_30y.tif,4.223440170288086,-0.7765598297119141,3.9962699890136717,0.39962699890136716,0.1775034175813212,3.5694494196628037,2020-01,2020,01
BX1103,prism_tmax_us_30s_202001_avg_30y.tif,prism_vpdmax_us_30s_202001_avg_30y.tif,4.196572390469638,-0.8034276095303623,3.984181837602095,0.39841818376020954,0.17757730184909448,3.5542444250229788,2020-01,2020,01
BX1104,prism_tmax_us_30s_202001_avg_30y.tif,prism_vpdmax_us_30s_202001_avg_30y.tif,4.138785770961216,-0.8612142290387839,3.974971498761858,0.3974971498761858,0.17606403888754552,3.520884699417815,2020-01,2020,01
BX1161,prism_tmax_us_30s_202001_avg_30y.tif,prism_vpdmax_us_30s_202001_avg_30y.tif,4.28648567199707,-0.7135143280029297,4.011657169886997,0.40116571698869974,0.17863559578738208,3.60564116516678,2020-01,2020,01
BX1201,prism_tmax_us_30s_202001_avg_30y.tif,prism_vpdmax_us_30s_202001_avg_30y.tif,4.074891408284505,-0.9251085917154951,3.9602416356404624,0.39602416356404624,0.17485603441954323,3.4841818500241946,2020-01,2020,01
BX1202,prism_tmax_us_30s_202001_avg_30y.tif,prism_vpdmax_us_30s_202001_avg_30y.tif,4.198095049176898,-0.8019049508231024,3.9851760864257812,0.3985176086425781,0.1775421432901031,3.5550939551963117,2020-01,2020,01
BX1203,prism_tmax_us_30s_202001_avg_30y.tif,prism_vpdmax_us_30s_202001_avg_30y.tif,3.994292667933873,-1.0057073320661272,3.929835728236607,0.3929835728236607,0.1745305391346319,3.438354444598416,2020-01,2020,01
BX1271,prism_tmax_us_30s_202001_avg_30y.tif,prism_vpdmax_us_30s_202001_avg_30y.tif,4.001142501831055,-0.9988574981689453,3.947571345738002,0.39475713457380024,0.17304236616983115,3.4416534484429517,2020-01,2020,01
BX2691,prism_tmax_us_30s_202001_avg_30y.tif,prism_vpdmax_us_30s_202001_avg_30y.tif,4.022605895996094,-0.9773941040039062,3.9685529821059284,0.39685529821059284,0.17183926732845423,3.4533503750898675,2020-01,2020,01
BX2791,prism_tmax_us_30s_202001_avg_30y.tif,prism_vpdmax_us_30s_202001_avg_30y.tif,4.172484764685998,-0.8275152353140021,4.002130068265474,0.4002130068265474,0.1747666641910997,3.539482160604063,2020-01,2020,01
BX2891,prism_tmax_us_30s_202001_avg_30y.tif,prism_vpdmax_us_30s_202001_avg_30y.tif,4.319376482282366,-0.6806235177176339,4.00586896623884,0.40058689662388397,0.1806121566900067,3.6250670430332743,2020-01,2020,01
MN0101,prism_tmax_us_30s_202001_avg_30y.tif,prism_vpdmax_us_30s_202001_avg_30y.tif,4.344149780273438,-0.6558502197265623,4.133399963378906,0.41333999633789065,0.16891379960069253,3.6345160486581114,2020-01,2020,01
MN0102,prism_tmax_us_30s_202001_avg_30y.tif,prism_vpdmax_us_30s_202001_avg_30y.tif,4.330474853515625,-0.669525146484375,4.120325088500977,0.4120325088500977,0.16963885718854277,3.6270473128184566,2020-01,2020,01
MN0191,prism_tmax_us_30s_202001_avg_30y.tif,prism_vpdmax_us_30s_202001_avg_30y.tif,4.386791229248047,-0.6132087707519531,4.151408513387044,0.4151408513387044,0.16893240344056681,3.658701061535785,2020-01,2020,01
MN0201,prism_tmax_us_30s_202001_avg_30y.tif,prism_vpdmax_us_30s_202001_avg_30y.tif,4.3039499918619795,-0.6960500081380205,4.104749997456868,0.4104749997456868,0.1700681128001943,3.6121764137162184,2020-01,2020,01
MN0202,prism_tmax_us_30s_202001_avg_30y.tif,prism_vpdmax_us_30s_202001_avg_30y.tif,4.280550003051758,-0.7194499969482422,4.096224784851074,0.4096224784851074,0.16992690677671535,3.5988531260935956,2020-01,2020,01
MN0203,prism_tmax_us_30s_202001_avg_30y.tif,prism_vpdmax_us_30s_202001_avg_30y.tif,4.307899898952908,-0.6921001010470924,4.110800001356337,0.41108000013563367,0.16963100169992312,3.6142442263743684,2020-01,2020,01
MN0301,prism_tmax_us_30s_202001_avg_30y.tif,prism_vpdmax_us_30s_202001_avg_30y.tif,4.325933456420898,-0.6740665435791016,4.114216486612956,0.4114216486612956,0.17005640838897051,3.624636438287515,2020-01,2020,01
MN0302,prism_tmax_us_30s_202001_avg_30y.tif,prism_vpdmax_us_30s_202001_avg_30y.tif,4.319642748151507,-0.680357251848493,4.108314514160156,0.4108314514160156,0.1703789293857737,3.6211963574505135,2020-01,2020,01
MN0303,prism_tmax_us_30s_202001_avg_30y.tif,prism_vpdmax_us_30s_202001_avg_30y.tif,4.31343994140625,-0.6865600585937504,4.1081501007080075,0.41081501007080073,0.17013154150914428,3.6175821425904373,2020-01,2020,01
MN0401,prism_tmax_us_30s_202001_avg_30y.tif,prism_vpdmax_us_30s_202001_avg_30y.tif,4.2641251881917315,-0.7358748118082685,4.099850018819173,0.4099850018819173,0.16886776978415846,3.589124015229886,2020-01,2020,01
MN0402,prism_tmax_us_30s_202001_avg_30y.tif,prism_vpdmax_us_30s_202001_avg_30y.tif,4.2330121994018555,-0.7669878005981445,4.1062750816345215,0.41062750816345217,0.16690772124236364,3.5707126515091008,2020-01,2020,01
MN0501,prism_tmax_us_30s_202001_avg_30y.tif,prism_vpdmax_us_30s_202001_avg_30y.tif,4.2559123039245605,-0.7440876960754395,4.0865373611450195,0.40865373611450195,0.16985098637839113,3.5848537139719334,2020-01,2020,01
MN0502,prism_tmax_us_30s_202001_avg_30y.tif,prism_vpdmax_us_30s_202001_avg_30y.tif,4.20685043334961,-0.7931495666503903,4.084320068359375,0.4084320068359375,0.16799740364264526,3.5563071753407884,2020-01,2020,01
MN0601,prism_tmax_us_30s_202001_avg_30y.tif,prism_vpdmax_us_30s_202001_avg_30y.tif,4.313775062561035,-0.6862249374389648,4.1072998046875,0.41072998046875,0.1702308223950567,3.6178111736733642,2020-01,2020,01
MN0602,prism_tmax_us_30s_202001_avg_30y.tif,prism_vpdmax_us_30s_202001_avg_30y.tif,4.278916358947754,-0.7210836410522461,4.095766703287761,0.4095766703287761,0.1699033951929927,3.5979176098342225,2020-01,2020,01
MN0603,prism_tmax_us_30s_202001_avg_30y.tif,prism_vpdmax_us_30s_202001_avg_30y.tif,4.288379669189453,-0.7116203308105469,4.103639602661133,0.41036396026611327,0.1695177597898187,3.6031317520278185,2020-01,2020,01
MN0604,prism_tmax_us_30s_202001_avg_30y.tif,prism_vpdmax_us_30s_202001_avg_30y.tif,4.229233423868815,-0.7707665761311846,4.094083468119304,0.4094083468119304,0.16796704351795066,3.568986399436173,2020-01,2020,01
MN0661,prism_tmax_us_30s_202001_avg_30y.tif,prism_vpdmax_us_30s_202001_avg_30y.tif,4.278199672698975,-0.7218003273010254,4.112199783325195,0.41121997833251955,0.16822967865463134,3.596853478131589,2020-01,2020,01
MN0701,prism_tmax_us_30s_202001_avg_30y.tif,prism_vpdmax_us_30s_202001_avg_30y.tif,4.2050671047634545,-0.7949328952365455,4.11141120062934,0.411141120062934,0.16521298000219375,3.5542017495417406,2020-01,2020,01
MN0702,prism_tmax_us_30s_202001_avg_30y.tif,prism_vpdmax_us_30s_202001_avg_30y.tif,4.173739624023438,-0.8262603759765623,4.110419845581054,0.4110419845581054,0.16399056677634122,3.5359586595643915,2020-01,2020,01
MN0703,prism_tmax_us_30s_202001_avg_30y.tif,prism_vpdmax_us_30s_202001_avg_30y.tif,4.174928392682757,-0.825071607317243,4.102299554007394,0.4102299554007394,0.16485269512880757,3.5369715078367445,2020-01,2020,01
MN0801,prism_tmax_us_30s_202001_avg_30y.tif,prism_vpdmax_us_30s_202001_avg_30y.tif,4.233425140380859,-0.7665748596191406,4.108033498128255,0.4108033498128255,0.1667493490266202,3.570884548763409,2020-01,2020,01
MN0802,prism_tmax_us_30s_202001_avg_30y.tif,prism_vpdmax_us_30s_202001_avg_30y.tif,4.178240203857422,-0.8217597961425778,4.096229934692383,0.4096229934692383,0.1655992496374083,3.5391427006946596,2020-01,2020,01
MN0803,prism_tmax_us_30s_202001_avg_30y.tif,prism_vpdmax_us_30s_202001_avg_30y.tif,4.221799850463867,-0.7782001495361328,4.120616277058919,0.4120616277058919,0.1649994428243033,3.563605296242964,2020-01,2020,01
MN0901,prism_tmax_us_30s_202001_avg_30y.tif,prism_vpdmax_us_30s_202001_avg_30y.tif,4.185162544250488,-0.8148374557495117,4.098012447357178,0.4098012447357178,0.16571287127206913,3.54311232099995,2020-01,2020,01
MN0902,prism_tmax_us_30s_202001_avg_30y.tif,prism_vpdmax_us_30s_202001_avg_30y.tif,4.173016548156738,-0.8269834518432617,4.081149737040202,0.4081149737040202,0.1668871063745147,3.5366870156100547,2020-01,2020,01
MN0903,prism_tmax_us_30s_202001_avg_30y.tif,prism_vpdmax_us_30s_202001_avg_30y.tif,4.145683288574219,-0.8543167114257812,4.058066685994466,0.4058066685994466,0.16804460320615056,3.521643953681599,2020-01,2020,01
MN1001,prism_tmax_us_30s_202001_avg_30y.tif,prism_vpdmax_us_30s_202001_avg_30y.tif,4.200766563415527,-0.7992334365844727,4.093633651733398,0.4093633651733398,0.16680915775328875,3.5523906404536465,2020-01,2020,01
MN1002,prism_tmax_us_30s_202001_avg_30y.tif,prism_vpdmax_us_30s_202001_avg_30y.tif,4.180110168457031,-0.8198898315429686,4.065649795532226,0.4065649795532226,0.16873609565158482,3.5414357511062096,2020-01,2020,01
MN1101,prism_tmax_us_30s_202001_avg_30y.tif,prism_vpdmax_us_30s_202001_avg_30y.tif,4.214166429307726,-0.7858335706922741,4.116744147406684,0.4116744147406684,0.16506404319616558,3.5593025343935736,2020-01,2020,01
MN1102,prism_tmax_us_30s_202001_avg_30y.tif,prism_vpdmax_us_30s_202001_avg_30y.tif,4.225690668279475,-0.7743093317205254,4.099281657825816,0.4099281657825816,0.16729740446184316,3.5667144888679667,2020-01,2020,01
MN1191,prism_tmax_us_30s_202001_avg_30y.tif,prism_vpdmax_us_30s_202001_avg_30y.tif,4.247762680053711,-0.7522373199462891,4.106074810028076,0.41060748100280764,0.16755205618657176,3.579329397671777,2020-01,2020,01
MN1201,prism_tmax_us_30s_202001_avg_30y.tif,prism_vpdmax_us_30s_202001_avg_30y.tif,4.108899858262804,-0.891100141737196,4.03098890516493,0.40309889051649306,0.16920690989264187,3.5012445352228183,2020-01,2020,01
MN1202,prism_tmax_us_30s_202001_avg_30y.tif,prism_vpdmax_us_30s_202001_avg_30y.tif,4.104455735948351,-0.8955442640516491,4.0223888821072045,0.40223888821072046,0.16988044004545516,3.4989894152205787,2020-01,2020,01
MN1203,prism_tmax_us_30s_202001_avg_30y.tif,prism_vpdmax_us_30s_202001_avg_30y.tif,4.134585789271763,-0.865414210728237,4.0128568921770364,0.40128568921770363,0.1720989280302197,3.516945021232966,2020-01,2020,01
MN1291,prism_tmax_us_30s_202001_avg_30y.tif,prism_vpdmax_us_30s_202001_avg_30y.tif,4.106199900309245,-0.8938000996907549,4.011283238728841,0.4011283238728841,0.17106418184768946,3.5004435669414837,2020-01,2020,01
MN1292,prism_tmax_us_30s_202001_avg_30y.tif,prism_vpdmax_us_30s_202001_avg_30y.tif,4.133799961635044,-0.8662000383649557,4.0255568368094305,0.4025556836809431,0.17079590191197203,3.515987367698475,2020-01,2020,01
MN6491,prism_tmax_us_30s_202001_avg_30y.tif,prism_vpdmax_us_30s_202001_avg_30y.tif,4.1657867431640625,-0.8342132568359375,4.094053141276041,0.4094053141276041,0.16529217211093267,3.53196090701362,2020-01,2020,01
QN0101,prism_tmax_us_30s_202001_avg_30y.tif,prism_vpdmax_us_30s_202001_avg_30y.tif,4.236299991607666,-0.763700008392334,4.086855888366699,0.40868558883666994,0.1689887432989604,3.573394671358038,2020-01,2020,01
QN0102,prism_tmax_us_30s_202001_avg_30y.tif,prism_vpdmax_us_30s_202001_avg_30y.tif,4.2479595184326175,-0.7520404815673825,4.111899566650391,0.4111899566650391,0.1669779156591652,3.579215367805346,2020-01,2020,01
QN0103,prism_tmax_us_30s_202001_avg_30y.tif,prism_vpdmax_us_30s_202001_avg_30y.tif,4.225379943847656,-0.7746200561523438,4.084110260009766,0.40841102600097656,0.16880140561506796,3.5671293805683426,2020-01,2020,01
QN0104,prism_tmax_us_30s_202001_avg_30y.tif,prism_vpdmax_us_30s_202001_avg_30y.tif,4.218772541392934,-0.7812274586070664,4.072254527698863,0.4072254527698863,0.1697076549802572,3.5637391393770343,2020-01,2020,01
QN0105,prism_tmax_us_30s_202001_avg_30y.tif,prism_vpdmax_us_30s_202001_avg_30y.tif,4.248836170543324,-0.7511638294566758,4.100254405628551,0.41002544056285506,0.1681795549467373,3.5801846737921323,2020-01,2020,01
QN0151,prism_tmax_us_30s_202001_avg_30y.tif,prism_vpdmax_us_30s_202001_avg_30y.tif,4.281333499484592,-0.7186665005154076,4.097267150878906,0.4097267150878906,0.16985591855424653,3.599269470199583,2020-01,2020,01
QN0161,prism_tmax_us_30s_202001_avg_30y.tif,prism_vpdmax_us_30s_202001_avg_30y.tif,4.225299835205078,-0.7747001647949219,4.071125030517578,0.40711250305175783,0.17009654130454976,3.567592947293967,2020-01,2020,01
QN0171,prism_tmax_us_30s_202001_avg_30y.tif,prism_vpdmax_us_30s_202001_avg_30y.tif,4.236399968465169,-0.763600031534831,4.0836334228515625,0.40836334228515625,0.1693152202212852,3.573579663666716,2020-01,2020,01
QN0191,prism_tmax_us_30s_202001_avg_30y.tif,prism_vpdmax_us_30s_202001_avg_30y.tif,4.2386250495910645,-0.7613749504089355,4.100849628448486,0.41008496284484863,0.16768775772498834,3.574201691904054,2020-01,2020,01
QN0201,prism_tmax_us_30s_202001_avg_30y.tif,prism_vpdmax_us_30s_202001_avg_30y.tif,4.272959899902344,-0.7270401000976561,4.102140045166015,0.4102140045166015,0.1690133751748355,3.5941905196883392,2020-01,2020,01
QN0202,prism_tmax_us_30s_202001_avg_30y.tif,prism_vpdmax_us_30s_202001_avg_30y.tif,4.237483554416233,-0.762516445583767,4.0660887824164496,0.40660887824164493,0.1711155363375637,3.5749015811346667,2020-01,2020,01
QN0203,prism_tmax_us_30s_202001_avg_30y.tif,prism_vpdmax_us_30s_202001_avg_30y.tif,4.225663271817294,-0.774336728182706,4.059390328147194,0.40593903281471944,0.17128537899089946,3.568266229063829,2020-01,2020,01
QN0261,prism_tmax_us_30s_202001_avg_30y.tif,prism_vpdmax_us_30s_202001_avg_30y.tif,4.238613946097238,-0.7613860539027621,4.080056871686663,0.4080056871686663,0.16976656350438762,3.575012366894358,2020-01,2020,01
QN0271,prism_tmax_us_30s_202001_avg_30y.tif,prism_vpdmax_us_30s_202001_avg_30y.tif,4.211799894060407,-0.7882001059395929,4.044700077601841,0.4044700077601841,0.17216846529308888,3.560752746792435,2020-01,2020,01
QN0301,prism_tmax_us_30s_202001_avg_30y.tif,prism_vpdmax_us_30s_202001_avg_30y.tif,4.241525014241536,-0.7584749857584638,4.080099741617839,0.40800997416178386,0.1698854836831153,3.5767096781624153,2020-01,2020,01
QN0302,prism_tmax_us_30s_202001_avg_30y.tif,prism_vpdmax_us_30s_202001_avg_30y.tif,4.275354558771307,-0.7246454412286933,4.103581515225497,0.41035815152254973,0.16897080304153766,3.5955315604186553,2020-01,2020,01
QN0303,prism_tmax_us_30s_202001_avg_30y.tif,prism_vpdmax_us_30s_202001_avg_30y.tif,4.2934250831604,-0.7065749168395996,4.093574523925781,0.40935745239257815,0.17073851253440842,3.6064722575779697,2020-01,2020,01
QN0401,prism_tmax_us_30s_202001_avg_30y.tif,prism_vpdmax_us_30s_202001_avg_30y.tif,4.251499762901893,-0.7485002370981073,4.066353724553035,0.40663537245530346,0.17168242991558702,3.5830715605221988,2020-01,2020,01
QN0402,prism_tmax_us_30s_202001_avg_30y.tif,prism_vpdmax_us_30s_202001_avg_30y.tif,4.335644192165798,-0.6643558078342018,4.0992889404296875,0.40992889404296873,0.1719625791019075,3.630891550545057,2020-01,2020,01
QN0501,prism_tmax_us_30s_202001_avg_30y.tif,prism_vpdmax_us_30s_202001_avg_30y.tif,4.219743728637695,-0.7802562713623047,4.039499759674072,0.4039499759674072,0.17302418062766312,3.5655931971242447,2020-01,2020,01
QN0502,prism_tmax_us_30s_202001_avg_30y.tif,prism_vpdmax_us_30s_202001_avg_30y.tif,4.223700130687041,-0.7762998693129592,4.037393906537225,0.40373939065372244,0.17340201655843046,3.5679849666070154,2020-01,2020,01
QN0503,prism_tmax_us_30s_202001_avg_30y.tif,prism_vpdmax_us_30s_202001_avg_30y.tif,4.274431228637695,-0.7255687713623047,4.068962574005127,0.4068962574005127,0.17239353016118497,3.5963531639909188,2020-01,2020,01
QN0504,prism_tmax_us_30s_202001_avg_30y.tif,prism_vpdmax_us_30s_202001_avg_30y.tif,4.221038231482873,-0.7789617685171271,4.044161283052885,0.4044161283052885,0.17261274662331594,3.566165486673752,2020-01,2020,01
QN0571,prism_tmax_us_30s_202001_avg_30y.tif,prism_vpdmax_us_30s_202001_avg_30y.tif,4.162042890276227,-0.8379571097237726,4.0105999537876675,0.40105999537876674,0.17347981732111245,3.533055886993818,2020-01,2020,01
QN0572,prism_tmax_us_30s_202001_avg_30y.tif,prism_vpdmax_us_30s_202001_avg_30y.tif,4.2019500732421875,-0.7980499267578125,4.031224727630615,0.4031224727630615,0.17310001518046975,3.555533997494245,2020-01,2020,01
QN0573,prism_tmax_us_30s_202001_avg_30y.tif,prism_vpdmax_us_30s_202001_avg_30y.tif,4.284349759419759,-0.7156502405802412,4.075183550516765,0.40751835505167644,0.17219229206188702,3.6018978843713247,2020-01,2020,01
QN0574,prism_tmax_us_30s_202001_avg_30y.tif,prism_vpdmax_us_30s_202001_avg_30y.tif,4.266691525777181,-0.7333084742228193,4.063499450683594,0.40634994506835936,0.17261162194080598,3.592050462538398,2020-01,2020,01
QN0601,prism_tmax_us_30s_202001_avg_30y.tif,prism_vpdmax_us_30s_202001_avg_30y.tif,4.308555179172092,-0.6914448208279076,4.083100212944879,0.40831002129448785,0.1724288371289971,3.6157153195822724,2020-01,2020,01
QN0602,prism_tmax_us_30s_202001_avg_30y.tif,prism_vpdmax_us_30s_202001_avg_30y.tif,4.347206115722656,-0.6527938842773438,4.090449810028076,0.4090449810028076,0.17333905806969663,3.637988117436137,2020-01,2020,01
QN0701,prism_tmax_us_30s_202001_avg_30y.tif,prism_vpdmax_us_30s_202001_avg_30y.tif,4.352350408380682,-0.6476495916193183,4.098617900501598,0.40986179005015977,0.17274152686545952,3.640670101609972,2020-01,2020,01
QN0702,prism_tmax_us_30s_202001_avg_30y.tif,prism_vpdmax_us_30s_202001_avg_30y.tif,4.378188638126149,-0.621811361873851,4.072058733771829,0.40720587337718295,0.17649991489126327,3.6567974243697927,2020-01,2020,01
QN0703,prism_tmax_us_30s_202001_avg_30y.tif,prism_vpdmax_us_30s_202001_avg_30y.tif,4.397423083965595,-0.6025769160344048,4.067023057204026,0.4067023057204026,0.17782537987186525,3.6682242628981356,2020-01,2020,01
QN0704,prism_tmax_us_30s_202001_avg_30y.tif,prism_vpdmax_us_30s_202001_avg_30y.tif,4.392199867650082,-0.6078001323499178,4.107720626027961,0.4107720626027961,0.17353233121052236,3.663575531123332,2020-01,2020,01
QN0705,prism_tmax_us_30s_202001_avg_30y.tif,prism_vpdmax_us_30s_202001_avg_30y.tif,4.393321990966797,-0.6066780090332031,4.103633032904731,0.4103633032904731,0.17398905477616455,3.6643912674052066,2020-01,2020,01
QN0706,prism_tmax_us_30s_202001_avg_30y.tif,prism_vpdmax_us_30s_202001_avg_30y.tif,4.386059951782227,-0.6139400482177733,4.100270080566406,0.4100270080566406,0.1740150016694617,3.660283888316621,2020-01,2020,01
QN0707,prism_tmax_us_30s_202001_avg_30y.tif,prism_vpdmax_us_30s_202001_avg_30y.tif,4.381907536433293,-0.6180924635667067,4.112453754131611,0.4112453754131611,0.17261924344981383,3.657380935833454,2020-01,2020,01
QN0761,prism_tmax_us_30s_202001_avg_30y.tif,prism_vpdmax_us_30s_202001_avg_30y.tif,4.3576663335164385,-0.6423336664835615,4.009816487630208,0.4009816487630208,0.18184833862806093,3.6472632081846488,2020-01,2020,01
QN0791,prism_tmax_us_30s_202001_avg_30y.tif,prism_vpdmax_us_30s_202001_avg_30y.tif,4.393599987030029,-0.6064000129699707,4.093025207519531,0.4093025207519531,0.17506172056972719,3.6649704488299295,2020-01,2020,01
QN0801,prism_tmax_us_30s_202001_avg_30y.tif,prism_vpdmax_us_30s_202001_avg_30y.tif,4.4186585744222,-0.5813414255777998,4.118583043416341,0.41185830434163406,0.17357797292440746,3.67859555505668,2020-01,2020,01
QN0802,prism_tmax_us_30s_202001_avg_30y.tif,prism_vpdmax_us_30s_202001_avg_30y.tif,4.434128625052316,-0.565871374947684,4.120600019182477,0.41206000191824776,0.17403897045764583,3.687548245794518,2020-01,2020,01
QN0803,prism_tmax_us_30s_202001_avg_30y.tif,prism_vpdmax_us_30s_202001_avg_30y.tif,4.410724957784017,-0.5892750422159834,4.093816757202148,0.40938167572021483,0.17571500403497792,3.6749370476492835,2020-01,2020,01
QN0804,prism_tmax_us_30s_202001_avg_30y.tif,prism_vpdmax_us_30s_202001_avg_30y.tif,4.468807220458984,-0.5311927795410156,4.132857186453683,0.41328571864536834,0.17430120213655786,3.7073140664399116,2020-01,2020,01
QN0805,prism_tmax_us_30s_202001_avg_30y.tif,prism_vpdmax_us_30s_202001_avg_30y.tif,4.48015022277832,-0.5198497772216797,4.143758455912272,0.41437584559122725,0.17369849200311077,3.71350868367253,2020-01,2020,01
QN0871,prism_tmax_us_30s_202001_avg_30y.tif,prism_vpdmax_us_30s_202001_avg_30y.tif,4.37660026550293,-0.6233997344970703,4.0997748374938965,0.40997748374938964,0.17366047828938386,3.654780918507889,2020-01,2020,01
QN0891,prism_tmax_us_30s_202001_avg_30y.tif,prism_vpdmax_us_30s_202001_avg_30y.tif,4.444811079237196,-0.555188920762804,4.118721856011285,0.4118721856011285,0.17468478138083943,3.69385900101016,2020-01,2020,01
QN0901,prism_tmax_us_30s_202001_avg_30y.tif,prism_vpdmax_us_30s_202001_avg_30y.tif,4.416977776421441,-0.5830222235785589,4.112322065565321,0.4112322065565321,0.17413210980098398,3.6778603183827436,2020-01,2020,01
QN0902,prism_tmax_us_30s_202001_avg_30y.tif,prism_vpdmax_us_30s_202001_avg_30y.tif,4.412882024591619,-0.5871179754083808,4.1080637845126065,0.41080637845126067,0.17438261703978486,3.6756364764400837,2020-01,2020,01
QN0903,prism_tmax_us_30s_202001_avg_30y.tif,prism_vpdmax_us_30s_202001_avg_30y.tif,4.426855299207899,-0.5731447007921009,4.098910861545139,0.4098910861545139,0.17589623402820992,3.6841541746239654,2020-01,2020,01
QN0904,prism_tmax_us_30s_202001_avg_30y.tif,prism_vpdmax_us_30s_202001_avg_30y.tif,4.390574932098389,-0.6094250679016113,4.086287498474121,0.4086287498474121,0.17560619358268764,3.663469220577783,2020-01,2020,01
QN0905,prism_tmax_us_30s_202001_avg_30y.tif,prism_vpdmax_us_30s_202001_avg_30y.tif,4.3741100311279295,-0.6258899688720705,4.098649978637695,0.4098649978637695,0.1736666409366997,3.653371377537659,2020-01,2020,01
QN1001,prism_tmax_us_30s_202001_avg_30y.tif,prism_vpdmax_us_30s_202001_avg_30y.tif,4.423239898681641,-0.5767601013183592,4.062704849243164,0.4062704849243164,0.17936197477079363,3.6834662786374124,2020-01,2020,01
QN1002,prism_tmax_us_30s_202001_avg_30y.tif,prism_vpdmax_us_30s_202001_avg_30y.tif,4.380433082580566,-0.6195669174194336,4.054849624633789,0.4054849624633789,0.17831667931096046,3.6587840127923887,2020-01,2020,01
QN1003,prism_tmax_us_30s_202001_avg_30y.tif,prism_vpdmax_us_30s_202001_avg_30y.tif,4.348656177520752,-0.651343822479248,4.0037994384765625,0.40037994384765624,0.1820658973870372,3.642239950327372,2020-01,2020,01
QN1091,prism_tmax_us_30s_202001_avg_30y.tif,prism_vpdmax_us_30s_202001_avg_30y.tif,4.3169665866427955,-0.6830334133572045,3.9585109286838107,0.39585109286838105,0.1852454474986076,3.6255215154934177,2020-01,2020,01
QN1101,prism_tmax_us_30s_202001_avg_30y.tif,prism_vpdmax_us_30s_202001_avg_30y.tif,4.406200408935547,-0.5937995910644531,4.095250129699707,0.4095250129699707,0.17537807204124323,3.6722392141786635,2020-01,2020,01
QN1102,prism_tmax_us_30s_202001_avg_30y.tif,prism_vpdmax_us_30s_202001_avg_30y.tif,4.416384245219984,-0.5836157547800163,4.081557825991982,0.40815578259919816,0.17718312445704332,3.6787228349513486,2020-01,2020,01
QN1103,prism_tmax_us_30s_202001_avg_30y.tif,prism_vpdmax_us_30s_202001_avg_30y.tif,4.4447998046875,-0.5552001953124996,4.097040176391602,0.40970401763916015,0.17685246579615393,3.6947045083157013,2020-01,2020,01
QN1104,prism_tmax_us_30s_202001_avg_30y.tif,prism_vpdmax_us_30s_202001_avg_30y.tif,4.44427844456264,-0.5557215554373602,4.120171138218471,0.41201711382184714,0.17451700973136997,3.6934910628914452,2020-01,2020,01
QN1191,prism_tmax_us_30s_202001_avg_30y.tif,prism_vpdmax_us_30s_202001_avg_30y.tif,4.428633371988933,-0.5713666280110674,4.0971330006917315,0.40971330006917317,0.1761501945925137,3.6852621483925825,2020-01,2020,01
QN1201,prism_tmax_us_30s_202001_avg_30y.tif,prism_vpdmax_us_30s_202001_avg_30y.tif,4.462859209846048,-0.537140790153952,4.11541748046875,0.411541748046875,0.17578972535734033,3.704526534048144,2020-01,2020,01
QN1202,prism_tmax_us_30s_202001_avg_30y.tif,prism_vpdmax_us_30s_202001_avg_30y.tif,4.444542476109096,-0.5554575238909036,4.08427129473005,0.408427129473005,0.17811831766412883,3.69505608279586,2020-01,2020,01
QN1203,prism_tmax_us_30s_202001_avg_30y.tif,prism_vpdmax_us_30s_202001_avg_30y.tif,4.440124988555908,-0.5598750114440918,4.058406352996826,0.4058406352996826,0.18051538343743234,3.693493414202111,2020-01,2020,01
QN1204,prism_tmax_us_30s_202001_avg_30y.tif,prism_vpdmax_us_30s_202001_avg_30y.tif,4.44378427358774,-0.55621572641226,4.054307790902945,0.40543077909029446,0.18108215135403538,3.6957909686063846,2020-01,2020,01
QN1205,prism_tmax_us_30s_202001_avg_30y.tif,prism_vpdmax_us_30s_202001_avg_30y.tif,4.472804193911345,-0.5271958060886552,4.089039346446162,0.4089039346446162,0.1788546981210108,3.7113698743092898,2020-01,2020,01
QN1206,prism_tmax_us_30s_202001_avg_30y.tif,prism_vpdmax_us_30s_202001_avg_30y.tif,4.478720092773438,-0.5212799072265621,4.118609619140625,0.4118609619140625,0.17615190229049071,3.713661990202702,2020-01,2020,01
QN1301,prism_tmax_us_30s_202001_avg_30y.tif,prism_vpdmax_us_30s_202001_avg_30y.tif,4.555278233119419,-0.44472176688058074,4.173599788120815,0.41735997881208153,0.1739517001130212,3.756205776323128,2020-01,2020,01
QN1302,prism_tmax_us_30s_202001_avg_30y.tif,prism_vpdmax_us_30s_202001_avg_30y.tif,4.514161003960504,-0.48583899603949643,4.153483072916667,0.4153483072916667,0.17418964186427432,3.7329858184982654,2020-01,2020,01
QN1303,prism_tmax_us_30s_202001_avg_30y.tif,prism_vpdmax_us_30s_202001_avg_30y.tif,4.504799652099609,-0.4952003479003908,4.133065032958984,0.4133065032958984,0.17582827076569812,3.728321913151398,2020-01,2020,01
QN1304,prism_tmax_us_30s_202001_avg_30y.tif,prism_vpdmax_us_30s_202001_avg_30y.tif,4.497718117453835,-0.502281882546165,4.107472853227095,0.4107472853227095,0.17808266293664926,3.7251926591304274,2020-01,2020,01
QN1305,prism_tmax_us_30s_202001_avg_30y.tif,prism_vpdmax_us_30s_202001_avg_30y.tif,4.449758529663086,-0.5502414703369141,4.058391571044922,0.4058391571044922,0.1809300318100065,3.699118588820302,2020-01,2020,01
QN1306,prism_tmax_us_30s_202001_avg_30y.tif,prism_vpdmax_us_30s_202001_avg_30y.tif,4.3878944798519735,-0.6121055201480265,4.007447092156661,0.4007447092156661,0.18337568658921755,3.6650028149056313,2020-01,2020,01
QN1307,prism_tmax_us_30s_202001_avg_30y.tif,prism_vpdmax_us_30s_202001_avg_30y.tif,4.384605831570095,-0.6153941684299049,4.007744683159722,0.40077446831597224,0.18320541608390145,3.663071235021217,2020-01,2020,01
QN1371,prism_tmax_us_30s_202001_avg_30y.tif,prism_vpdmax_us_30s_202001_avg_30y.tif,4.478799819946289,-0.5212001800537109,4.088259887695313,0.40882598876953125,0.1791903023162249,3.7149012867198223,2020-01,2020,01
QN1401,prism_tmax_us_30s_202001_avg_30y.tif,prism_vpdmax_us_30s_202001_avg_30y.tif,4.303829417509191,-0.6961705824908089,3.924923167509191,0.3924923167509191,0.1880456715035982,3.6191732286286253,2020-01,2020,01
QN1402,prism_tmax_us_30s_202001_avg_30y.tif,prism_vpdmax_us_30s_202001_avg_30y.tif,4.256961398654514,-0.7430386013454857,3.8875609503851996,0.38875609503851993,0.18979307613082297,3.593285791956523,2020-01,2020,01
QN1403,prism_tmax_us_30s_202001_avg_30y.tif,prism_vpdmax_us_30s_202001_avg_30y.tif,4.278363545735677,-0.7216364542643232,3.9115558200412326,0.39115558200412326,0.18830102788565273,3.6048344343911904,2020-01,2020,01
QN1491,prism_tmax_us_30s_202001_avg_30y.tif,prism_vpdmax_us_30s_202001_avg_30y.tif,4.2573394775390625,-0.7426605224609375,3.893259811401367,0.3893259811401367,0.1892392094432671,3.5932824930758525,2020-01,2020,01
QN8081,prism_tmax_us_30s_202001_avg_30y.tif,prism_vpdmax_us_30s_202001_avg_30y.tif,4.288553678072416,-0.7114463219275837,4.11591544518104,0.411591544518104,0.16829756336182633,3.6027508778682575,2020-01,2020,01
QN8191,prism_tmax_us_30s_202001_avg_30y.tif,prism_vpdmax_us_30s_202001_avg_30y.tif,4.373124694824218,-0.6268753051757816,4.107574844360352,0.4107574844360352,0.17273208910062698,3.652445412981878,2020-01,2020,01
QN8291,prism_tmax_us_30s_202001_avg_30y.tif,prism_vpdmax_us_30s_202001_avg_30y.tif,4.360650253295899,-0.6393497467041014,4.103639602661133,0.41036396026611327,0.17259329532126894,3.645317858680033,2020-01,2020,01
QN8381,prism_tmax_us_30s_202001_avg_30y.tif,prism_vpdmax_us_30s_202001_avg_30y.tif,4.3511959711710615,-0.6488040288289385,3.9810768763224282,0.3981076876322428,0.18444641451161958,3.644615556557058,2020-01,2020,01
QN8491,prism_tmax_us_30s_202001_avg_30y.tif,prism_vpdmax_us_30s_202001_avg_30y.tif,4.25543212890625,-0.74456787109375,3.898889077676309,0.3898889077676309,0.1885954713890155,3.591948037345727,2020-01,2020,01
QN8492,prism_tmax_us_30s_202001_avg_30y.tif,prism_vpdmax_us_30s_202001_avg_30y.tif,4.300043189007303,-0.6999568109926972,3.936160875403363,0.3936160875403363,0.18676101007996382,3.6165215651285663,2020-01,2020,01
SI0101,prism_tmax_us_30s_202001_avg_30y.tif,prism_vpdmax_us_30s_202001_avg_30y.tif,4.357089614868164,-0.6429103851318363,4.1305999755859375,0.41305999755859374,0.1697453948397571,3.6421797518022734,2020-01,2020,01
SI0102,prism_tmax_us_30s_202001_avg_30y.tif,prism_vpdmax_us_30s_202001_avg_30y.tif,4.327845139936968,-0.6721548600630323,4.09456357088956,0.40945635708895595,0.1721030657046097,3.6265246991661724,2020-01,2020,01
SI0103,prism_tmax_us_30s_202001_avg_30y.tif,prism_vpdmax_us_30s_202001_avg_30y.tif,4.424876873309795,-0.5751231266902046,4.127407367412861,0.4127407367412861,0.17296183592389514,3.6818791886847446,2020-01,2020,01
SI0104,prism_tmax_us_30s_202001_avg_30y.tif,prism_vpdmax_us_30s_202001_avg_30y.tif,4.326660819675611,-0.6733391803243887,4.139008231784986,0.41390082317849863,0.1676081909745255,3.62408670380906,2020-01,2020,01
SI0105,prism_tmax_us_30s_202001_avg_30y.tif,prism_vpdmax_us_30s_202001_avg_30y.tif,4.317156837100074,-0.6828431628999256,4.139723641531808,0.41397236415318084,0.1671322685698965,3.6185109081837115,2020-01,2020,01
SI0106,prism_tmax_us_30s_202001_avg_30y.tif,prism_vpdmax_us_30s_202001_avg_30y.tif,4.421384958120493,-0.5786150418795071,4.193576225867639,0.41935762258676385,0.16619539745002881,3.6772400624521806,2020-01,2020,01
SI0107,prism_tmax_us_30s_202001_avg_30y.tif,prism_vpdmax_us_30s_202001_avg_30y.tif,4.455355834960938,-0.5446441650390623,4.222119750976563,0.4222119750976563,0.16479739328794296,3.6959521339850134,2020-01,2020,01
SI0191,prism_tmax_us_30s_202001_avg_30y.tif,prism_vpdmax_us_30s_202001_avg_30y.tif,4.420999526977539,-0.5790004730224609,4.184000015258789,0.4184000015258789,0.16713651323821826,3.6773913814988846,2020-01,2020,01
SI0201,prism_tmax_us_30s_202001_avg_30y.tif,prism_vpdmax_us_30s_202001_avg_30y.tif,4.494721454122792,-0.505278545877208,4.135551784349524,0.41355517843495243,0.17514581997728956,3.722339371738698,2020-01,2020,01
SI0202,prism_tmax_us_30s_202001_avg_30y.tif,prism_vpdmax_us_30s_202001_avg_30y.tif,4.483749771118164,-0.5162502288818356,4.1140998840332035,0.4114099884033203,0.1768190990506623,3.7167760261509093,2020-01,2020,01
SI0203,prism_tmax_us_30s_202001_avg_30y.tif,prism_vpdmax_us_30s_202001_avg_30y.tif,4.347362429596657,-0.6526375704033427,4.126097568245822,0.4126097568245822,0.16978094412324335,3.6366784086217394,2020-01,2020,01
SI0204,prism_tmax_us_30s_202001_avg_30y.tif,prism_vpdmax_us_30s_202001_avg_30y.tif,4.445249875386556,-0.5547501246134443,4.198785146077474,0.4198785146077474,0.16669727188394423,3.690968707194567,2020-01,2020,01
SI0291,prism_tmax_us_30s_202001_avg_30y.tif,prism_vpdmax_us_30s_202001_avg_30y.tif,4.456366766066778,-0.5436332339332219,4.179961431594122,0.4179961431594122,0.16905661338675176,3.6981992054208566,2020-01,2020,01
SI0301,prism_tmax_us_30s_202001_avg_30y.tif,prism_vpdmax_us_30s_202001_avg_30y.tif,4.542138841417101,-0.4578611585828991,4.159250047471788,0.41592500474717886,0.17481934995237802,3.7490967276147806,2020-01,2020,01
SI0302,prism_tmax_us_30s_202001_avg_30y.tif,prism_vpdmax_us_30s_202001_avg_30y.tif,4.59039622339709,-0.4096037766029097,4.216751624797952,0.42167516247979525,0.17115518419118952,3.7750186460532875,2020-01,2020,01
SI0303,prism_tmax_us_30s_202001_avg_30y.tif,prism_vpdmax_us_30s_202001_avg_30y.tif,4.5248046875,-0.47519531250000036,4.227809906005859,0.42278099060058594,0.16721565760363855,3.73628001125073,2020-01,2020,01
SI0304,prism_tmax_us_30s_202001_avg_30y.tif,prism_vpdmax_us_30s_202001_avg_30y.tif,4.570035129123264,-0.42996487087673607,4.237653266059028,0.4237653266059028,0.16818409054439032,3.762306265796836,2020-01,2020,01
SI0305,prism_tmax_us_30s_202001_avg_30y.tif,prism_vpdmax_us_30s_202001_avg_30y.tif,4.506457704486269,-0.4935422955137314,4.240660696318655,0.42406606963186555,0.1651400957235044,3.7250615760630517,2020-01,2020,01
SI0391,prism_tmax_us_30s_202001_avg_30y.tif,prism_vpdmax_us_30s_202001_avg_30y.tif,4.435759480794271,-0.5642405192057289,4.175947062174479,0.4175947062174479,0.1685741662497221,3.6863252729464926,2020-01,2020,01
SI9561,prism_tmax_us_30s_202001_avg_30y.tif,prism_vpdmax_us_30s_202001_avg_30y.tif,4.506785801478794,-0.49321419852120574,4.128214154924665,0.4128214154924665,0.17639887774721558,3.7296723083931322,2020-01,2020,01
SI9591,prism_tmax_us_30s_202001_avg_30y.tif,prism_vpdmax_us_30s_202001_avg_30y.tif,4.294760131835938,-0.7052398681640621,3.971299743652344,0.3971299743652344,0.18302269283252964,3.612056913034161,2020-01,2020,01
SI9592,prism_tmax_us_30s_202001_avg_30y.tif,prism_vpdmax_us_30s_202001_avg_30y.tif,4.4655375480651855,-0.5344624519348145,4.0896501541137695,0.408965015411377,0.1784814715995794,3.707103008091595,2020-01,2020,01
SI9593,prism_tmax_us_30s_202001_avg_30y.tif,prism_vpdmax_us_30s_202001_avg_30y.tif,4.531566619873047,-0.4684333801269531,4.134674708048503,0.4134674708048503,0.1768207528525773,3.7438888293390806,2020-01,2020,01
BK0101,prism_tmax_us_30s_202002_avg_30y.tif,prism_vpdmax_us_30s_202002_avg_30y.tif,5.501566569010417,0.501566569010417,4.970074971516927,0.4970074971516927,0.13645140974948045,4.278013648660452,2020-02,2020,02
BK0102,prism_tmax_us_30s_202002_avg_30y.tif,prism_vpdmax_us_30s_202002_avg_30y.tif,5.579744127061632,0.5797441270616321,5.002699957953559,0.5002699957953559,0.1367868094303304,4.322472136150065,2020-02,2020,02
BK0103,prism_tmax_us_30s_202002_avg_30y.tif,prism_vpdmax_us_30s_202002_avg_30y.tif,5.574642726353237,0.574642726353237,4.984885624476841,0.49848856244768414,0.13833291573614293,4.3201872617265895,2020-02,2020,02
BK0104,prism_tmax_us_30s_202002_avg_30y.tif,prism_vpdmax_us_30s_202002_avg_30y.tif,5.470252990722656,0.47025299072265625,4.92416025797526,0.492416025797526,0.13960680900453276,4.261498921678528,2020-02,2020,02
BK0201,prism_tmax_us_30s_202002_avg_30y.tif,prism_vpdmax_us_30s_202002_avg_30y.tif,5.62814998626709,0.6281499862670898,5.033324718475342,0.5033324718475342,0.13596111814057166,4.3495937616426845,2020-02,2020,02
BK0202,prism_tmax_us_30s_202002_avg_30y.tif,prism_vpdmax_us_30s_202002_avg_30y.tif,5.6294097900390625,0.6294097900390625,5.027069473266602,0.5027069473266602,0.13664494945769845,4.350576816089024,2020-02,2020,02
BK0203,prism_tmax_us_30s_202002_avg_30y.tif,prism_vpdmax_us_30s_202002_avg_30y.tif,5.609811147054036,0.6098111470540362,5.012766520182292,0.5012766520182292,0.1371687037060132,4.339670220936101,2020-02,2020,02
BK0204,prism_tmax_us_30s_202002_avg_30y.tif,prism_vpdmax_us_30s_202002_avg_30y.tif,5.562766393025716,0.5627663930257158,4.977216720581055,0.49772167205810547,0.13855224984356873,4.313539579034103,2020-02,2020,02
BK0261,prism_tmax_us_30s_202002_avg_30y.tif,prism_vpdmax_us_30s_202002_avg_30y.tif,5.622271401541574,0.6222714015415738,5.018599918910435,0.5018599918910435,0.13716158496438124,4.3467323875650745,2020-02,2020,02
BK0301,prism_tmax_us_30s_202002_avg_30y.tif,prism_vpdmax_us_30s_202002_avg_30y.tif,5.576175053914388,0.5761750539143877,4.976274808247884,0.49762748082478836,0.1392646753823451,4.321422272994719,2020-02,2020,02
BK0302,prism_tmax_us_30s_202002_avg_30y.tif,prism_vpdmax_us_30s_202002_avg_30y.tif,5.538114275251116,0.5381142752511163,4.94654301234654,0.494654301234654,0.14048436732770436,4.300321150427171,2020-02,2020,02
BK0401,prism_tmax_us_30s_202002_avg_30y.tif,prism_vpdmax_us_30s_202002_avg_30y.tif,5.466259765625,0.4662597656249998,4.912929916381836,0.49129299163818363,0.14054691691240961,4.259604225455952,2020-02,2020,02
BK0402,prism_tmax_us_30s_202002_avg_30y.tif,prism_vpdmax_us_30s_202002_avg_30y.tif,5.515320205688477,0.5153202056884769,4.940480041503906,0.49404800415039063,0.14004256943758064,4.287223286414336,2020-02,2020,02
BK0471,prism_tmax_us_30s_202002_avg_30y.tif,prism_vpdmax_us_30s_202002_avg_30y.tif,5.575099945068359,0.5750999450683594,4.9815497398376465,0.4981549739837646,0.138687592512877,4.32058589271132,2020-02,2020,02
BK0501,prism_tmax_us_30s_202002_avg_30y.tif,prism_vpdmax_us_30s_202002_avg_30y.tif,5.5757396697998045,0.5757396697998045,4.970190048217773,0.49701900482177735,0.13985306875429843,4.321406648796929,2020-02,2020,02
BK0502,prism_tmax_us_30s_202002_avg_30y.tif,prism_vpdmax_us_30s_202002_avg_30y.tif,5.526459884643555,0.5264598846435549,4.9047595977783205,0.49047595977783204,0.14412663664885422,4.295144522795895,2020-02,2020,02
BK0503,prism_tmax_us_30s_202002_avg_30y.tif,prism_vpdmax_us_30s_202002_avg_30y.tif,5.486518859863281,0.48651885986328125,4.828474998474121,0.4828474998474121,0.14992094442823017,4.274775124702775,2020-02,2020,02
BK0504,prism_tmax_us_30s_202002_avg_30y.tif,prism_vpdmax_us_30s_202002_avg_30y.tif,5.435709173029119,0.43570917302911916,4.749072681773793,0.47490726817737927,0.15553469165809397,4.248172234929141,2020-02,2020,02
BK0505,prism_tmax_us_30s_202002_avg_30y.tif,prism_vpdmax_us_30s_202002_avg_30y.tif,5.470319747924805,0.4703197479248047,4.833539962768555,0.4833539962768555,0.1486718970137686,4.265099352599775,2020-02,2020,02
BK0571,prism_tmax_us_30s_202002_avg_30y.tif,prism_vpdmax_us_30s_202002_avg_30y.tif,5.611499786376953,0.6114997863769531,5.010416666666667,0.5010416666666667,0.13748175281815977,4.340750707733269,2020-02,2020,02
BK0601,prism_tmax_us_30s_202002_avg_30y.tif,prism_vpdmax_us_30s_202002_avg_30y.tif,5.6638641357421875,0.6638641357421875,5.031917796415441,0.5031917796415442,0.1377565716665593,4.370549297630778,2020-02,2020,02
BK0602,prism_tmax_us_30s_202002_avg_30y.tif,prism_vpdmax_us_30s_202002_avg_30y.tif,5.631190560080788,0.6311905600807881,5.011154521595348,0.5011154521595348,0.13831887103066132,4.352244363880857,2020-02,2020,02
BK0701,prism_tmax_us_30s_202002_avg_30y.tif,prism_vpdmax_us_30s_202002_avg_30y.tif,5.6619431631905695,0.6619431631905695,5.0032855442592075,0.5003285544259207,0.14053069526998796,4.370550336770158,2020-02,2020,02
BK0702,prism_tmax_us_30s_202002_avg_30y.tif,prism_vpdmax_us_30s_202002_avg_30y.tif,5.692700034693668,0.6927000346936678,5.0157418502004525,0.5015741850200452,0.14071299539382198,4.388061126861081,2020-02,2020,02
BK0703,prism_tmax_us_30s_202002_avg_30y.tif,prism_vpdmax_us_30s_202002_avg_30y.tif,5.728462219238281,0.7284622192382812,5.034562110900879,0.5034562110900879,0.1404948139034119,4.408252540172146,2020-02,2020,02
BK0771,prism_tmax_us_30s_202002_avg_30y.tif,prism_vpdmax_us_30s_202002_avg_30y.tif,5.70259952545166,0.7025995254516602,5.017999649047852,0.5017999649047852,0.14094741102856057,4.393766263465316,2020-02,2020,02
BK0801,prism_tmax_us_30s_202002_avg_30y.tif,prism_vpdmax_us_30s_202002_avg_30y.tif,5.60604985555013,0.6060498555501299,5.006566683451335,0.5006566683451334,0.13761483772686878,4.337712899323583,2020-02,2020,02
BK0802,prism_tmax_us_30s_202002_avg_30y.tif,prism_vpdmax_us_30s_202002_avg_30y.tif,5.620524724324544,0.620524724324544,4.995383262634277,0.49953832626342776,0.1394024482798022,4.346622680865979,2020-02,2020,02
BK0891,prism_tmax_us_30s_202002_avg_30y.tif,prism_vpdmax_us_30s_202002_avg_30y.tif,5.574699878692627,0.574699878692627,4.947199821472168,0.4947199821472168,0.14210413204195582,4.321701755111208,2020-02,2020,02
BK0901,prism_tmax_us_30s_202002_avg_30y.tif,prism_vpdmax_us_30s_202002_avg_30y.tif,5.644985198974609,0.6449851989746094,5.011014120919364,0.5011014120919364,0.13897174105624732,4.360322502053709,2020-02,2020,02
BK0902,prism_tmax_us_30s_202002_avg_30y.tif,prism_vpdmax_us_30s_202002_avg_30y.tif,5.634939575195313,0.6349395751953129,4.9842994689941404,0.49842994689941406,0.14117793745173618,4.355493668554274,2020-02,2020,02
BK1001,prism_tmax_us_30s_202002_avg_30y.tif,prism_vpdmax_us_30s_202002_avg_30y.tif,5.685899946424696,0.685899946424696,4.981949700249566,0.4981949700249566,0.14377626488565454,4.385409341722864,2020-02,2020,02
BK1002,prism_tmax_us_30s_202002_avg_30y.tif,prism_vpdmax_us_30s_202002_avg_30y.tif,5.619454470547763,0.6194544705477627,4.93114540793679,0.493114540793679,0.14577672764451566,4.348520938764876,2020-02,2020,02
BK1061,prism_tmax_us_30s_202002_avg_30y.tif,prism_vpdmax_us_30s_202002_avg_30y.tif,5.617900303431919,0.6179003034319193,4.903928484235491,0.49039284842354913,0.14842653584885535,4.348681100634498,2020-02,2020,02
BK1091,prism_tmax_us_30s_202002_avg_30y.tif,prism_vpdmax_us_30s_202002_avg_30y.tif,5.596728188650949,0.5967281886509488,4.884956359863281,0.4884956359863281,0.14934519614336667,4.337037545049431,2020-02,2020,02
BK1101,prism_tmax_us_30s_202002_avg_30y.tif,prism_vpdmax_us_30s_202002_avg_30y.tif,5.532746887207031,0.5327468872070309,4.832513427734375,0.48325134277343745,0.1516403899751672,4.301662158306627,2020-02,2020,02
BK1102,prism_tmax_us_30s_202002_avg_30y.tif,prism_vpdmax_us_30s_202002_avg_30y.tif,5.5459107293023004,0.5459107293023004,4.838244120279948,0.4838244120279948,0.15167309688037295,4.309138910588391,2020-02,2020,02
BK1103,prism_tmax_us_30s_202002_avg_30y.tif,prism_vpdmax_us_30s_202002_avg_30y.tif,5.532540130615234,0.5325401306152342,4.8273193359375,0.48273193359375,0.15215028866397717,4.301745317503781,2020-02,2020,02
BK1201,prism_tmax_us_30s_202002_avg_30y.tif,prism_vpdmax_us_30s_202002_avg_30y.tif,5.710213797433036,0.7102137974330356,5.0139280046735495,0.5013928004673549,0.14170873676506635,4.398382756693202,2020-02,2020,02
BK1202,prism_tmax_us_30s_202002_avg_30y.tif,prism_vpdmax_us_30s_202002_avg_30y.tif,5.56071662902832,0.5607166290283203,4.876691500345866,0.4876691500345866,0.1485103099768234,4.316290880479949,2020-02,2020,02
BK1203,prism_tmax_us_30s_202002_avg_30y.tif,prism_vpdmax_us_30s_202002_avg_30y.tif,5.577130126953125,0.5771301269531248,4.895639419555664,0.4895639419555664,0.14737227013808385,4.325150084146689,2020-02,2020,02
BK1204,prism_tmax_us_30s_202002_avg_30y.tif,prism_vpdmax_us_30s_202002_avg_30y.tif,5.502909851074219,0.5029098510742189,4.811160278320313,0.4811160278320313,0.1524045477987302,4.285044872843983,2020-02,2020,02
BK1301,prism_tmax_us_30s_202002_avg_30y.tif,prism_vpdmax_us_30s_202002_avg_30y.tif,5.469983418782552,0.4699834187825518,4.78439998626709,0.478439998626709,0.15357048584032224,4.266833799384953,2020-02,2020,02
BK1302,prism_tmax_us_30s_202002_avg_30y.tif,prism_vpdmax_us_30s_202002_avg_30y.tif,5.386464287252987,0.38646428725298687,4.728935690487132,0.4728935690487132,0.15530077467409192,4.220158455319361,2020-02,2020,02
BK1303,prism_tmax_us_30s_202002_avg_30y.tif,prism_vpdmax_us_30s_202002_avg_30y.tif,5.404966354370117,0.4049663543701172,4.739199956258138,0.4739199956258138,0.15511798020051548,4.230577289146659,2020-02,2020,02
BK1391,prism_tmax_us_30s_202002_avg_30y.tif,prism_vpdmax_us_30s_202002_avg_30y.tif,5.445733388264974,0.44573338826497366,4.765699704488118,0.47656997044881183,0.15433038057058374,4.253382670710479,2020-02,2020,02
BK1401,prism_tmax_us_30s_202002_avg_30y.tif,prism_vpdmax_us_30s_202002_avg_30y.tif,5.525966644287109,0.5259666442871094,4.845208168029785,0.48452081680297854,0.15005910065399275,4.29719631386781,2020-02,2020,02
BK1402,prism_tmax_us_30s_202002_avg_30y.tif,prism_vpdmax_us_30s_202002_avg_30y.tif,5.520517869429155,0.5205178694291552,4.835336164994673,0.4835336164994673,0.15079581640704215,4.294396387814299,2020-02,2020,02
BK1403,prism_tmax_us_30s_202002_avg_30y.tif,prism_vpdmax_us_30s_202002_avg_30y.tif,5.4885077843299275,0.4885077843299275,4.785161531888521,0.4785161531888521,0.15434351451557282,4.277640914919689,2020-02,2020,02
BK1501,prism_tmax_us_30s_202002_avg_30y.tif,prism_vpdmax_us_30s_202002_avg_30y.tif,5.526692903958834,0.5266929039588337,4.825853494497446,0.4825853494497446,0.1520279613494192,4.298381865354981,2020-02,2020,02
BK1502,prism_tmax_us_30s_202002_avg_30y.tif,prism_vpdmax_us_30s_202002_avg_30y.tif,5.525319671630859,0.525319671630859,4.811579895019531,0.48115798950195315,0.15339218152946382,4.298139381155776,2020-02,2020,02
BK1503,prism_tmax_us_30s_202002_avg_30y.tif,prism_vpdmax_us_30s_202002_avg_30y.tif,5.449195098876953,0.4491950988769533,4.765480041503906,0.4765480041503906,0.15451071373384345,4.255416331560633,2020-02,2020,02
BK1601,prism_tmax_us_30s_202002_avg_30y.tif,prism_vpdmax_us_30s_202002_avg_30y.tif,5.574422200520833,0.574422200520833,4.961133321126302,0.4961133321126302,0.14069797497212222,4.320991691859357,2020-02,2020,02
BK1602,prism_tmax_us_30s_202002_avg_30y.tif,prism_vpdmax_us_30s_202002_avg_30y.tif,5.549508875066584,0.549508875066584,4.908518010919744,0.4908518010919744,0.14481137684877415,4.308482403264321,2020-02,2020,02
BK1701,prism_tmax_us_30s_202002_avg_30y.tif,prism_vpdmax_us_30s_202002_avg_30y.tif,5.569277445475261,0.5692774454752607,4.895355224609375,0.4895355224609375,0.14703853882398116,4.320566457342298,2020-02,2020,02
BK1702,prism_tmax_us_30s_202002_avg_30y.tif,prism_vpdmax_us_30s_202002_avg_30y.tif,5.479555765787761,0.4795557657877607,4.785199483235677,0.4785199483235677,0.15392922028392675,4.272402302773243,2020-02,2020,02
BK1703,prism_tmax_us_30s_202002_avg_30y.tif,prism_vpdmax_us_30s_202002_avg_30y.tif,5.536799690940163,0.5367996909401631,4.86239970814098,0.48623997081409803,0.14883821021293137,4.302858841376755,2020-02,2020,02
BK1704,prism_tmax_us_30s_202002_avg_30y.tif,prism_vpdmax_us_30s_202002_avg_30y.tif,5.53804536299272,0.5380453629927198,4.878572637384588,0.4878572637384588,0.14727823386035638,4.302952066723992,2020-02,2020,02
BK1771,prism_tmax_us_30s_202002_avg_30y.tif,prism_vpdmax_us_30s_202002_avg_30y.tif,5.531949996948242,0.5319499969482422,4.835999965667725,0.48359999656677244,0.1512550811264468,4.301058895152347,2020-02,2020,02
BK1801,prism_tmax_us_30s_202002_avg_30y.tif,prism_vpdmax_us_30s_202002_avg_30y.tif,5.4423527437097885,0.4423527437097885,4.733576157513787,0.4733576157513787,0.15738811093377192,4.252667533280422,2020-02,2020,02
BK1802,prism_tmax_us_30s_202002_avg_30y.tif,prism_vpdmax_us_30s_202002_avg_30y.tif,5.4637167188856335,0.4637167188856335,4.743505689832899,0.4743505689832899,0.1573728691494632,4.264774917183893,2020-02,2020,02
BK1803,prism_tmax_us_30s_202002_avg_30y.tif,prism_vpdmax_us_30s_202002_avg_30y.tif,5.4568738435444075,0.4568738435444075,4.75867381848787,0.475867381848787,0.15554274984951583,4.260175769980538,2020-02,2020,02
BK1891,prism_tmax_us_30s_202002_avg_30y.tif,prism_vpdmax_us_30s_202002_avg_30y.tif,5.429349899291992,0.4293498992919922,4.741129684448242,0.4741129684448242,0.15603834471852351,4.244764462372939,2020-02,2020,02
BK1892,prism_tmax_us_30s_202002_avg_30y.tif,prism_vpdmax_us_30s_202002_avg_30y.tif,5.458449681599935,0.4584496815999346,4.736583073933919,0.4736583073933919,0.15782396311464053,4.261965786971216,2020-02,2020,02
BK1893,prism_tmax_us_30s_202002_avg_30y.tif,prism_vpdmax_us_30s_202002_avg_30y.tif,5.426410675048828,0.4264106750488281,4.717777676052517,0.4717777676052517,0.15823925016187101,4.2439628780663,2020-02,2020,02
BK5591,prism_tmax_us_30s_202002_avg_30y.tif,prism_vpdmax_us_30s_202002_avg_30y.tif,5.632058461507161,0.6320584615071612,4.9950745900472,0.49950745900472004,0.13996704009577732,4.353384194432201,2020-02,2020,02
BK5691,prism_tmax_us_30s_202002_avg_30y.tif,prism_vpdmax_us_30s_202002_avg_30y.tif,5.432394328870271,0.43239432887027096,4.734899420487253,0.47348994204872535,0.15680050010249708,4.246790181009725,2020-02,2020,02
BK5692,prism_tmax_us_30s_202002_avg_30y.tif,prism_vpdmax_us_30s_202002_avg_30y.tif,5.352914697983685,0.35291469798368524,4.6653612922219665,0.46653612922219667,0.16013101677193486,4.20303412334812,2020-02,2020,02
BK5693,prism_tmax_us_30s_202002_avg_30y.tif,prism_vpdmax_us_30s_202002_avg_30y.tif,5.423555162217882,0.42355516221788214,4.721022288004558,0.47210222880045577,0.1577843426388063,4.24216502363459,2020-02,2020,02
BX0101,prism_tmax_us_30s_202002_avg_30y.tif,prism_vpdmax_us_30s_202002_avg_30y.tif,5.443268409142127,0.44326840914212706,4.985984215369592,0.49859842153695916,0.13218918265746854,4.243283536767971,2020-02,2020,02
BX0102,prism_tmax_us_30s_202002_avg_30y.tif,prism_vpdmax_us_30s_202002_avg_30y.tif,5.438799540201823,0.4387995402018232,4.965088738335504,0.49650887383355036,0.13407437210356887,4.2414905675311365,2020-02,2020,02
BX0201,prism_tmax_us_30s_202002_avg_30y.tif,prism_vpdmax_us_30s_202002_avg_30y.tif,5.413992745535714,0.4139927455357144,4.942928314208984,0.4942928314208984,0.13515708088452727,4.227850619506369,2020-02,2020,02
BX0202,prism_tmax_us_30s_202002_avg_30y.tif,prism_vpdmax_us_30s_202002_avg_30y.tif,5.430486679077148,0.43048667907714844,4.956299781799316,0.49562997817993165,0.13457328210420877,4.236973246903697,2020-02,2020,02
BX0291,prism_tmax_us_30s_202002_avg_30y.tif,prism_vpdmax_us_30s_202002_avg_30y.tif,5.433349609375,0.433349609375,4.993074417114258,0.49930744171142577,0.13102666190239737,4.237202706643267,2020-02,2020,02
BX0301,prism_tmax_us_30s_202002_avg_30y.tif,prism_vpdmax_us_30s_202002_avg_30y.tif,5.432885851178851,0.4328858511788507,4.953856876918247,0.4953856876918247,0.1349272193415046,4.2384726748196195,2020-02,2020,02
BX0302,prism_tmax_us_30s_202002_avg_30y.tif,prism_vpdmax_us_30s_202002_avg_30y.tif,5.438049952189128,0.4380499521891279,4.94623343149821,0.494623343149821,0.1359256303829916,4.241793095631751,2020-02,2020,02
BX0303,prism_tmax_us_30s_202002_avg_30y.tif,prism_vpdmax_us_30s_202002_avg_30y.tif,5.431099891662598,0.43109989166259766,4.934162139892578,0.49341621398925783,0.13681506967757684,4.238201960955981,2020-02,2020,02
BX0391,prism_tmax_us_30s_202002_avg_30y.tif,prism_vpdmax_us_30s_202002_avg_30y.tif,5.437159729003906,0.4371597290039064,4.9336597442626955,0.49336597442626956,0.13714229876841905,4.241766489761203,2020-02,2020,02
BX0401,prism_tmax_us_30s_202002_avg_30y.tif,prism_vpdmax_us_30s_202002_avg_30y.tif,5.443180084228516,0.4431800842285156,4.967789840698242,0.49677898406982424,0.13400458052091335,4.243946907902287,2020-02,2020,02
BX0402,prism_tmax_us_30s_202002_avg_30y.tif,prism_vpdmax_us_30s_202002_avg_30y.tif,5.442883173624675,0.4428831736246748,4.969849904378255,0.4969849904378255,0.1337849948997355,4.243692262440787,2020-02,2020,02
BX0403,prism_tmax_us_30s_202002_avg_30y.tif,prism_vpdmax_us_30s_202002_avg_30y.tif,5.4436492919921875,0.4436492919921875,4.9541168212890625,0.49541168212890624,0.13539334227958572,4.244758732075447,2020-02,2020,02
BX0491,prism_tmax_us_30s_202002_avg_30y.tif,prism_vpdmax_us_30s_202002_avg_30y.tif,5.445666631062825,0.4456666310628252,4.974866549173991,0.49748665491739913,0.13341064242864648,4.24512336228708,2020-02,2020,02
BX0492,prism_tmax_us_30s_202002_avg_30y.tif,prism_vpdmax_us_30s_202002_avg_30y.tif,5.437649726867676,0.4376497268676758,4.947350025177002,0.4947350025177002,0.13579567272544657,4.241515094515073,2020-02,2020,02
BX0501,prism_tmax_us_30s_202002_avg_30y.tif,prism_vpdmax_us_30s_202002_avg_30y.tif,5.4464497566223145,0.44644975662231445,4.962075233459473,0.49620752334594725,0.13472559731913297,4.246084171751272,2020-02,2020,02
BX0502,prism_tmax_us_30s_202002_avg_30y.tif,prism_vpdmax_us_30s_202002_avg_30y.tif,5.445599873860677,0.4455998738606768,4.948388417561849,0.49483884175618487,0.13605540192957644,4.2461249014373275,2020-02,2020,02
BX0503,prism_tmax_us_30s_202002_avg_30y.tif,prism_vpdmax_us_30s_202002_avg_30y.tif,5.451319885253906,0.4513198852539064,4.953759765625,0.4953759765625,0.13577996377595636,4.249259900702916,2020-02,2020,02
BX0601,prism_tmax_us_30s_202002_avg_30y.tif,prism_vpdmax_us_30s_202002_avg_30y.tif,5.424274921417236,0.42427492141723633,4.89502477645874,0.489502477645874,0.14041697178164697,4.23574775035376,2020-02,2020,02
BX0602,prism_tmax_us_30s_202002_avg_30y.tif,prism_vpdmax_us_30s_202002_avg_30y.tif,5.443337440490723,0.44333744049072266,4.928424835205078,0.4928424835205078,0.13794827788840608,4.245586001968383,2020-02,2020,02
BX0603,prism_tmax_us_30s_202002_avg_30y.tif,prism_vpdmax_us_30s_202002_avg_30y.tif,5.439642769949777,0.4396427699497769,4.925785609654018,0.4925785609654018,0.1380432407992091,4.243528444195612,2020-02,2020,02
BX0701,prism_tmax_us_30s_202002_avg_30y.tif,prism_vpdmax_us_30s_202002_avg_30y.tif,5.445543924967448,0.4455439249674482,4.951155344645183,0.4951155344645183,0.13577614997316345,4.245983432395996,2020-02,2020,02
BX0702,prism_tmax_us_30s_202002_avg_30y.tif,prism_vpdmax_us_30s_202002_avg_30y.tif,5.438822428385417,0.43882242838541696,4.951199849446614,0.4951199849446614,0.1354643075039929,4.242049789743601,2020-02,2020,02
BX0703,prism_tmax_us_30s_202002_avg_30y.tif,prism_vpdmax_us_30s_202002_avg_30y.tif,5.435362815856934,0.4353628158569336,4.937824726104736,0.49378247261047364,0.13664365413389784,4.240551672665503,2020-02,2020,02
BX0801,prism_tmax_us_30s_202002_avg_30y.tif,prism_vpdmax_us_30s_202002_avg_30y.tif,5.442999703543527,0.4429997035435269,4.959056854248047,0.4959056854248047,0.13486962939611963,4.244184596261855,2020-02,2020,02
BX0802,prism_tmax_us_30s_202002_avg_30y.tif,prism_vpdmax_us_30s_202002_avg_30y.tif,5.445082982381185,0.4450829823811846,4.966233571370442,0.49662335713704425,0.1342472429355978,4.245121217483821,2020-02,2020,02
BX0803,prism_tmax_us_30s_202002_avg_30y.tif,prism_vpdmax_us_30s_202002_avg_30y.tif,5.443738725450304,0.443738725450304,4.998555077446832,0.4998555077446832,0.1309536070907375,4.2430646249169826,2020-02,2020,02
BX0901,prism_tmax_us_30s_202002_avg_30y.tif,prism_vpdmax_us_30s_202002_avg_30y.tif,5.415172576904297,0.4151725769042969,4.901636297052557,0.4901636297052557,0.139340144060411,4.230163527720478,2020-02,2020,02
BX0902,prism_tmax_us_30s_202002_avg_30y.tif,prism_vpdmax_us_30s_202002_avg_30y.tif,5.404080200195312,0.4040802001953123,4.880409240722656,0.4880409240722656,0.14095662327714098,4.224509426458658,2020-02,2020,02
BX0903,prism_tmax_us_30s_202002_avg_30y.tif,prism_vpdmax_us_30s_202002_avg_30y.tif,5.405835287911551,0.4058352879115512,4.861313956124442,0.4861313956124442,0.142946225274782,4.2262864747788385,2020-02,2020,02
BX0904,prism_tmax_us_30s_202002_avg_30y.tif,prism_vpdmax_us_30s_202002_avg_30y.tif,5.406566619873047,0.4065666198730469,4.865583419799805,0.4865583419799805,0.14255264761290232,4.226546463979888,2020-02,2020,02
BX0991,prism_tmax_us_30s_202002_avg_30y.tif,prism_vpdmax_us_30s_202002_avg_30y.tif,5.412014007568359,0.4120140075683594,4.909871782575335,0.4909871782575335,0.13837241018557594,4.227992299494191,2020-02,2020,02
BX1001,prism_tmax_us_30s_202002_avg_30y.tif,prism_vpdmax_us_30s_202002_avg_30y.tif,5.403524398803711,0.40352439880371094,4.836799621582031,0.48367996215820314,0.14529222937199832,4.225898180264899,2020-02,2020,02
BX1002,prism_tmax_us_30s_202002_avg_30y.tif,prism_vpdmax_us_30s_202002_avg_30y.tif,5.426413449374112,0.4264134493741123,4.806217887184837,0.4806217887184837,0.1493953557977461,4.240488800623636,2020-02,2020,02
BX1003,prism_tmax_us_30s_202002_avg_30y.tif,prism_vpdmax_us_30s_202002_avg_30y.tif,5.372185134887696,0.37218513488769567,4.715680313110352,0.4715680313110352,0.15597591501153063,4.212327506080855,2020-02,2020,02
BX1004,prism_tmax_us_30s_202002_avg_30y.tif,prism_vpdmax_us_30s_202002_avg_30y.tif,5.409045132723722,0.40904513272372167,4.7870542352849785,0.4787054235284979,0.1505186655607046,4.231082425819707,2020-02,2020,02
BX1071,prism_tmax_us_30s_202002_avg_30y.tif,prism_vpdmax_us_30s_202002_avg_30y.tif,5.240633010864258,0.2406330108642578,4.525683085123698,0.45256830851236984,0.16901155229916365,4.142860457213605,2020-02,2020,02
BX1091,prism_tmax_us_30s_202002_avg_30y.tif,prism_vpdmax_us_30s_202002_avg_30y.tif,5.425012588500977,0.42501258850097656,4.841700077056885,0.48417000770568847,0.14578313930112724,4.238274911425397,2020-02,2020,02
BX1101,prism_tmax_us_30s_202002_avg_30y.tif,prism_vpdmax_us_30s_202002_avg_30y.tif,5.420924663543701,0.42092466354370117,4.877624988555908,0.4877624988555908,0.14200392654316957,4.2344718273607445,2020-02,2020,02
BX1102,prism_tmax_us_30s_202002_avg_30y.tif,prism_vpdmax_us_30s_202002_avg_30y.tif,5.416999816894531,0.41699981689453125,4.849769592285156,0.48497695922851564,0.14461023942632084,4.233270720273743,2020-02,2020,02
BX1103,prism_tmax_us_30s_202002_avg_30y.tif,prism_vpdmax_us_30s_202002_avg_30y.tif,5.42706333507191,0.4270633350719102,4.849063526500355,0.48490635265003557,0.14514048346563413,4.239185120987767,2020-02,2020,02
BX1104,prism_tmax_us_30s_202002_avg_30y.tif,prism_vpdmax_us_30s_202002_avg_30y.tif,5.435299464634487,0.435299464634487,4.8992429460797995,0.4899242946079799,0.14049893618797094,4.242030878369627,2020-02,2020,02
BX1161,prism_tmax_us_30s_202002_avg_30y.tif,prism_vpdmax_us_30s_202002_avg_30y.tif,5.420114244733538,0.4201142447335382,4.816186087472098,0.4816186087472098,0.1481108054666827,4.236412323312322,2020-02,2020,02
BX1201,prism_tmax_us_30s_202002_avg_30y.tif,prism_vpdmax_us_30s_202002_avg_30y.tif,5.4190419514973955,0.41904195149739554,4.909275054931641,0.49092750549316405,0.13875294089350604,4.232126692270171,2020-02,2020,02
BX1202,prism_tmax_us_30s_202002_avg_30y.tif,prism_vpdmax_us_30s_202002_avg_30y.tif,5.402123587472098,0.4021235874720981,4.811247326078869,0.48112473260788685,0.1477835575151774,4.226083012200144,2020-02,2020,02
BX1203,prism_tmax_us_30s_202002_avg_30y.tif,prism_vpdmax_us_30s_202002_avg_30y.tif,5.353193010602679,0.3531930106026788,4.879528045654297,0.48795280456542967,0.13872699687563683,4.194780146783844,2020-02,2020,02
BX1271,prism_tmax_us_30s_202002_avg_30y.tif,prism_vpdmax_us_30s_202002_avg_30y.tif,5.436200278145926,0.4362002781459262,4.967728206089565,0.4967728206089565,0.13369158981042434,4.239866352504237,2020-02,2020,02
BX2691,prism_tmax_us_30s_202002_avg_30y.tif,prism_vpdmax_us_30s_202002_avg_30y.tif,5.430611554314108,0.43061155431410825,4.974240920122932,0.49742409201229315,0.13278487489279217,4.236341207128967,2020-02,2020,02
BX2791,prism_tmax_us_30s_202002_avg_30y.tif,prism_vpdmax_us_30s_202002_avg_30y.tif,5.4334845909705525,0.4334845909705525,4.907369173490084,0.4907369173490084,0.13960335586609252,4.240649881935678,2020-02,2020,02
BX2891,prism_tmax_us_30s_202002_avg_30y.tif,prism_vpdmax_us_30s_202002_avg_30y.tif,5.350830950055804,0.350830950055804,4.692256818498884,0.46922568184988844,0.15734671902015263,4.200758409256561,2020-02,2020,02
MN0101,prism_tmax_us_30s_202002_avg_30y.tif,prism_vpdmax_us_30s_202002_avg_30y.tif,5.651289749145508,0.6512897491455076,5.052729797363281,0.5052729797363281,0.135092325011117,4.362372571494872,2020-02,2020,02
MN0102,prism_tmax_us_30s_202002_avg_30y.tif,prism_vpdmax_us_30s_202002_avg_30y.tif,5.634336948394775,0.6343369483947754,5.0441999435424805,0.504419994354248,0.13515998849944633,4.35278692522012,2020-02,2020,02
MN0191,prism_tmax_us_30s_202002_avg_30y.tif,prism_vpdmax_us_30s_202002_avg_30y.tif,5.703149795532227,0.7031497955322266,5.064683278401692,0.5064683278401693,0.13630463692898043,4.392253656379862,2020-02,2020,02
MN0201,prism_tmax_us_30s_202002_avg_30y.tif,prism_vpdmax_us_30s_202002_avg_30y.tif,5.6024831136067705,0.6024831136067705,5.0212663014729815,0.5021266301472982,0.1359800571499724,4.335048087874978,2020-02,2020,02
MN0202,prism_tmax_us_30s_202002_avg_30y.tif,prism_vpdmax_us_30s_202002_avg_30y.tif,5.57765007019043,0.5776500701904297,5.007149696350098,0.5007149696350097,0.1362452276836823,4.32107196427766,2020-02,2020,02
MN0203,prism_tmax_us_30s_202002_avg_30y.tif,prism_vpdmax_us_30s_202002_avg_30y.tif,5.605222066243489,0.6052220662434893,5.027855343288845,0.5027855343288845,0.135447716332464,4.336391864078717,2020-02,2020,02
MN0301,prism_tmax_us_30s_202002_avg_30y.tif,prism_vpdmax_us_30s_202002_avg_30y.tif,5.623083114624023,0.6230831146240234,5.035550117492676,0.5035550117492675,0.13550411850315003,4.346541244563559,2020-02,2020,02
MN0302,prism_tmax_us_30s_202002_avg_30y.tif,prism_vpdmax_us_30s_202002_avg_30y.tif,5.6097564697265625,0.6097564697265625,5.020300183977399,0.50203001839774,0.1364128098005567,4.33934215258658,2020-02,2020,02
MN0303,prism_tmax_us_30s_202002_avg_30y.tif,prism_vpdmax_us_30s_202002_avg_30y.tif,5.602130126953125,0.6021301269531252,5.026009750366211,0.5026009750366212,0.13548940282997346,4.334655117294601,2020-02,2020,02
MN0401,prism_tmax_us_30s_202002_avg_30y.tif,prism_vpdmax_us_30s_202002_avg_30y.tif,5.566108067830403,0.5661080678304033,5.025633176167806,0.5025633176167805,0.1338646295311593,4.313592073865584,2020-02,2020,02
MN0402,prism_tmax_us_30s_202002_avg_30y.tif,prism_vpdmax_us_30s_202002_avg_30y.tif,5.532962799072266,0.5329627990722656,5.037487030029297,0.5037487030029297,0.13115296149971833,4.293733020943364,2020-02,2020,02
MN0501,prism_tmax_us_30s_202002_avg_30y.tif,prism_vpdmax_us_30s_202002_avg_30y.tif,5.553562164306641,0.5535621643066406,5.008212089538574,0.5008212089538574,0.13502863986387614,4.306936002628369,2020-02,2020,02
MN0502,prism_tmax_us_30s_202002_avg_30y.tif,prism_vpdmax_us_30s_202002_avg_30y.tif,5.489799880981446,0.48979988098144567,5.005540084838867,0.5005540084838868,0.13236492837729474,4.269735949368757,2020-02,2020,02
MN0601,prism_tmax_us_30s_202002_avg_30y.tif,prism_vpdmax_us_30s_202002_avg_30y.tif,5.596499443054199,0.5964994430541992,5.036324977874756,0.5036324977874755,0.13419776920800064,4.330954907510475,2020-02,2020,02
MN0602,prism_tmax_us_30s_202002_avg_30y.tif,prism_vpdmax_us_30s_202002_avg_30y.tif,5.571416854858398,0.5714168548583984,5.01984977722168,0.501984977722168,0.1346877310314829,4.316925635000085,2020-02,2020,02
MN0603,prism_tmax_us_30s_202002_avg_30y.tif,prism_vpdmax_us_30s_202002_avg_30y.tif,5.561859893798828,0.561859893798828,5.021920013427734,0.5021920013427734,0.13404014366918426,4.311252336245925,2020-02,2020,02
MN0604,prism_tmax_us_30s_202002_avg_30y.tif,prism_vpdmax_us_30s_202002_avg_30y.tif,5.495033264160156,0.49503326416015625,5.010366439819336,0.5010366439819336,0.1321224011192601,4.272607964418678,2020-02,2020,02
MN0661,prism_tmax_us_30s_202002_avg_30y.tif,prism_vpdmax_us_30s_202002_avg_30y.tif,5.547999858856201,0.5479998588562012,5.033299922943115,0.5033299922943115,0.13226370153058953,4.3026955546729875,2020-02,2020,02
MN0701,prism_tmax_us_30s_202002_avg_30y.tif,prism_vpdmax_us_30s_202002_avg_30y.tif,5.505866156684028,0.5058661566840277,5.053855472140842,0.5053855472140842,0.12827076812828775,4.277236522714261,2020-02,2020,02
MN0702,prism_tmax_us_30s_202002_avg_30y.tif,prism_vpdmax_us_30s_202002_avg_30y.tif,5.474559783935547,0.4745597839355469,5.049109649658203,0.5049109649658203,0.1273092128482105,4.259107918140802,2020-02,2020,02
MN0703,prism_tmax_us_30s_202002_avg_30y.tif,prism_vpdmax_us_30s_202002_avg_30y.tif,5.474928719656808,0.47492871965680816,5.041042872837612,0.5041042872837612,0.128132798189876,4.259640773734032,2020-02,2020,02
MN0801,prism_tmax_us_30s_202002_avg_30y.tif,prism_vpdmax_us_30s_202002_avg_30y.tif,5.479091644287109,0.4790916442871094,5.02501646677653,0.5025016466776531,0.12992624583539714,4.262705976924102,2020-02,2020,02
MN0802,prism_tmax_us_30s_202002_avg_30y.tif,prism_vpdmax_us_30s_202002_avg_30y.tif,5.453280258178711,0.45328025817871076,5.027750015258789,0.502775001525879,0.12847065005151714,4.247498871857575,2020-02,2020,02
MN0803,prism_tmax_us_30s_202002_avg_30y.tif,prism_vpdmax_us_30s_202002_avg_30y.tif,5.484399795532227,0.48439979553222656,5.051083246866862,0.5051083246866862,0.12756293999250556,4.264786919483827,2020-02,2020,02
MN0901,prism_tmax_us_30s_202002_avg_30y.tif,prism_vpdmax_us_30s_202002_avg_30y.tif,5.480937480926514,0.48093748092651367,5.035412788391113,0.5035412788391114,0.12897123361301888,4.263377246495249,2020-02,2020,02
MN0902,prism_tmax_us_30s_202002_avg_30y.tif,prism_vpdmax_us_30s_202002_avg_30y.tif,5.466016133626302,0.4660161336263018,5.018299738566081,0.5018299738566081,0.12999877563392237,4.2553206665902445,2020-02,2020,02
MN0903,prism_tmax_us_30s_202002_avg_30y.tif,prism_vpdmax_us_30s_202002_avg_30y.tif,5.439950307210286,0.43995030721028616,4.9915164311726885,0.49915164311726884,0.13148422099617846,4.241125123039731,2020-02,2020,02
MN1001,prism_tmax_us_30s_202002_avg_30y.tif,prism_vpdmax_us_30s_202002_avg_30y.tif,5.470966974894206,0.470966974894206,5.025183359781901,0.5025183359781902,0.12953721076561142,4.2579463985959,2020-02,2020,02
MN1002,prism_tmax_us_30s_202002_avg_30y.tif,prism_vpdmax_us_30s_202002_avg_30y.tif,5.4519294738769535,0.4519294738769535,4.992889785766602,0.4992889785766602,0.13189485675199442,4.248078690391766,2020-02,2020,02
MN1101,prism_tmax_us_30s_202002_avg_30y.tif,prism_vpdmax_us_30s_202002_avg_30y.tif,5.482622358534071,0.482622358534071,5.0540110270182295,0.5054011027018229,0.12718865947268554,4.263632020461584,2020-02,2020,02
MN1102,prism_tmax_us_30s_202002_avg_30y.tif,prism_vpdmax_us_30s_202002_avg_30y.tif,5.470517938787287,0.4705179387872871,5.019245494495738,0.5019245494495739,0.13011042405431084,4.257917067945736,2020-02,2020,02
MN1191,prism_tmax_us_30s_202002_avg_30y.tif,prism_vpdmax_us_30s_202002_avg_30y.tif,5.476775169372559,0.4767751693725586,5.026274681091309,0.5026274681091308,0.12969424283546005,4.261301358468576,2020-02,2020,02
MN1201,prism_tmax_us_30s_202002_avg_30y.tif,prism_vpdmax_us_30s_202002_avg_30y.tif,5.42893303765191,0.4289330376519098,4.981955210367839,0.4981955210367839,0.13193674386060072,4.235056172685849,2020-02,2020,02
MN1202,prism_tmax_us_30s_202002_avg_30y.tif,prism_vpdmax_us_30s_202002_avg_30y.tif,5.436122046576606,0.4361220465766058,4.987877315945095,0.4987877315945095,0.13167310246699715,4.2390287296784654,2020-02,2020,02
MN1203,prism_tmax_us_30s_202002_avg_30y.tif,prism_vpdmax_us_30s_202002_avg_30y.tif,5.442314147949219,0.44231414794921875,4.960856846400669,0.4960856846400669,0.134658276940891,4.243712824724977,2020-02,2020,02
MN1291,prism_tmax_us_30s_202002_avg_30y.tif,prism_vpdmax_us_30s_202002_avg_30y.tif,5.431266784667969,0.43126678466796875,4.9694163004557295,0.49694163004557296,0.13329728070460206,4.236914098223647,2020-02,2020,02
MN1292,prism_tmax_us_30s_202002_avg_30y.tif,prism_vpdmax_us_30s_202002_avg_30y.tif,5.4403566632952005,0.4403566632952005,4.9744142804827005,0.4974414280482701,0.13321301739657687,4.242034943925233,2020-02,2020,02
MN6491,prism_tmax_us_30s_202002_avg_30y.tif,prism_vpdmax_us_30s_202002_avg_30y.tif,5.450120035807291,0.45012003580729143,5.030986531575521,0.5030986531575521,0.12800238483088244,4.245522997541271,2020-02,2020,02
QN0101,prism_tmax_us_30s_202002_avg_30y.tif,prism_vpdmax_us_30s_202002_avg_30y.tif,5.44484281539917,0.4448428153991699,5.012731075286865,0.5012731075286865,0.12958650710954567,4.243153373625381,2020-02,2020,02
QN0102,prism_tmax_us_30s_202002_avg_30y.tif,prism_vpdmax_us_30s_202002_avg_30y.tif,5.491639709472656,0.4916397094726559,5.036180114746093,0.5036180114746094,0.12938532775984835,4.269608149080616,2020-02,2020,02
QN0103,prism_tmax_us_30s_202002_avg_30y.tif,prism_vpdmax_us_30s_202002_avg_30y.tif,5.464990234375,0.46499023437499964,5.009469985961914,0.5009469985961914,0.13083476361117152,4.2550675249898156,2020-02,2020,02
QN0104,prism_tmax_us_30s_202002_avg_30y.tif,prism_vpdmax_us_30s_202002_avg_30y.tif,5.43969067660245,0.4396906766024502,4.997345664284446,0.4997345664284446,0.13088942588197194,4.240744158005204,2020-02,2020,02
QN0105,prism_tmax_us_30s_202002_avg_30y.tif,prism_vpdmax_us_30s_202002_avg_30y.tif,5.480681679465554,0.48068167946555374,5.011418082497337,0.5011418082497336,0.1313589767254314,4.264170590110063,2020-02,2020,02
QN0151,prism_tmax_us_30s_202002_avg_30y.tif,prism_vpdmax_us_30s_202002_avg_30y.tif,5.413333045111762,0.41333304511176205,4.9806772867838545,0.49806772867838545,0.13135206887171313,4.225981199644952,2020-02,2020,02
QN0161,prism_tmax_us_30s_202002_avg_30y.tif,prism_vpdmax_us_30s_202002_avg_30y.tif,5.44379997253418,0.4437999725341797,4.983824729919434,0.4983824729919434,0.1324294431209434,4.243679355573411,2020-02,2020,02
QN0171,prism_tmax_us_30s_202002_avg_30y.tif,prism_vpdmax_us_30s_202002_avg_30y.tif,5.433866500854492,0.4338665008544922,5.012399991353353,0.5012399991353352,0.12911773031690865,4.236745573999042,2020-02,2020,02
QN0191,prism_tmax_us_30s_202002_avg_30y.tif,prism_vpdmax_us_30s_202002_avg_30y.tif,5.479299545288086,0.47929954528808594,5.02554988861084,0.502554988861084,0.12988243409823386,4.262806638778951,2020-02,2020,02
QN0201,prism_tmax_us_30s_202002_avg_30y.tif,prism_vpdmax_us_30s_202002_avg_30y.tif,5.501649856567383,0.5016498565673828,5.000359725952149,0.5000359725952148,0.13342675779968605,4.276872184488982,2020-02,2020,02
QN0202,prism_tmax_us_30s_202002_avg_30y.tif,prism_vpdmax_us_30s_202002_avg_30y.tif,5.448166741265191,0.44816674126519107,4.956966400146484,0.4956966400146484,0.13531502874021806,4.247289348592269,2020-02,2020,02
QN0203,prism_tmax_us_30s_202002_avg_30y.tif,prism_vpdmax_us_30s_202002_avg_30y.tif,5.422317851673473,0.4223178516734727,4.959345384077593,0.49593453840775925,0.13389551728311733,4.232075160191124,2020-02,2020,02
QN0261,prism_tmax_us_30s_202002_avg_30y.tif,prism_vpdmax_us_30s_202002_avg_30y.tif,5.459214346749442,0.45921434674944184,4.982142857142857,0.49821428571428567,0.13330299230646375,4.252762610583374,2020-02,2020,02
QN0271,prism_tmax_us_30s_202002_avg_30y.tif,prism_vpdmax_us_30s_202002_avg_30y.tif,5.410999843052456,0.41099984305245574,4.925028119768415,0.4925028119768415,0.13681048712951643,4.226803432452642,2020-02,2020,02
QN0301,prism_tmax_us_30s_202002_avg_30y.tif,prism_vpdmax_us_30s_202002_avg_30y.tif,5.431133270263672,0.4311332702636719,5.000191370646159,0.5000191370646159,0.13021367201235934,4.235626537340359,2020-02,2020,02
QN0302,prism_tmax_us_30s_202002_avg_30y.tif,prism_vpdmax_us_30s_202002_avg_30y.tif,5.437572479248047,0.4375724792480469,5.018699992786754,0.5018699992786754,0.12865714425966734,4.238665853427692,2020-02,2020,02
QN0303,prism_tmax_us_30s_202002_avg_30y.tif,prism_vpdmax_us_30s_202002_avg_30y.tif,5.4526872634887695,0.45268726348876953,4.992824554443359,0.4992824554443359,0.13193605812343723,4.248524549240643,2020-02,2020,02
QN0401,prism_tmax_us_30s_202002_avg_30y.tif,prism_vpdmax_us_30s_202002_avg_30y.tif,5.438792302058293,0.43879230205829334,4.9673614501953125,0.49673614501953123,0.13384676996981526,4.241397015865189,2020-02,2020,02
QN0402,prism_tmax_us_30s_202002_avg_30y.tif,prism_vpdmax_us_30s_202002_avg_30y.tif,5.480277167426215,0.4802771674262152,4.970789167616102,0.4970789167616102,0.13540332334185945,4.265530660004015,2020-02,2020,02
QN0501,prism_tmax_us_30s_202002_avg_30y.tif,prism_vpdmax_us_30s_202002_avg_30y.tif,5.411462306976318,0.41146230697631836,4.912237167358398,0.49122371673583987,0.1381106901586343,4.227576629287916,2020-02,2020,02
QN0502,prism_tmax_us_30s_202002_avg_30y.tif,prism_vpdmax_us_30s_202002_avg_30y.tif,5.452141256893382,0.45214125689338225,4.914729398839614,0.4914729398839614,0.1397205869652331,4.251274283335884,2020-02,2020,02
QN0503,prism_tmax_us_30s_202002_avg_30y.tif,prism_vpdmax_us_30s_202002_avg_30y.tif,5.569799423217773,0.5697994232177734,4.999962329864502,0.4999962329864502,0.13660189527578853,4.316760817807863,2020-02,2020,02
QN0504,prism_tmax_us_30s_202002_avg_30y.tif,prism_vpdmax_us_30s_202002_avg_30y.tif,5.464153583233173,0.46415358323317335,4.950176532451923,0.4950176532451923,0.13672579173159527,4.256908317843726,2020-02,2020,02
QN0571,prism_tmax_us_30s_202002_avg_30y.tif,prism_vpdmax_us_30s_202002_avg_30y.tif,5.413614545549665,0.4136145455496649,4.904571533203125,0.4904571533203125,0.13897549432618017,4.229136816596848,2020-02,2020,02
QN0572,prism_tmax_us_30s_202002_avg_30y.tif,prism_vpdmax_us_30s_202002_avg_30y.tif,5.471149921417236,0.47114992141723633,4.942649841308594,0.4942649841308594,0.1377989447427138,4.26129699072746,2020-02,2020,02
QN0573,prism_tmax_us_30s_202002_avg_30y.tif,prism_vpdmax_us_30s_202002_avg_30y.tif,5.538249969482422,0.5382499694824219,4.986183484395345,0.49861834843953445,0.13652656406678199,4.298842672374779,2020-02,2020,02
QN0574,prism_tmax_us_30s_202002_avg_30y.tif,prism_vpdmax_us_30s_202002_avg_30y.tif,5.602333068847656,0.6023330688476562,5.0131581624348955,0.5013158162434895,0.13678393832568925,4.335278937798617,2020-02,2020,02
QN0601,prism_tmax_us_30s_202002_avg_30y.tif,prism_vpdmax_us_30s_202002_avg_30y.tif,5.523088667127821,0.523088667127821,4.985710991753472,0.49857109917534725,0.1358765044712722,4.289990740518684,2020-02,2020,02
QN0602,prism_tmax_us_30s_202002_avg_30y.tif,prism_vpdmax_us_30s_202002_avg_30y.tif,5.548425197601318,0.5484251976013184,4.977718353271484,0.4977718353271484,0.1378414429535334,4.305128774120686,2020-02,2020,02
QN0701,prism_tmax_us_30s_202002_avg_30y.tif,prism_vpdmax_us_30s_202002_avg_30y.tif,5.427004380659624,0.427004380659624,4.928536501797763,0.4928536501797763,0.13719049241000897,4.23602734735114,2020-02,2020,02
QN0702,prism_tmax_us_30s_202002_avg_30y.tif,prism_vpdmax_us_30s_202002_avg_30y.tif,5.484335506663603,0.48433550666360325,4.897023369284237,0.4897023369284237,0.14296597969050706,4.270803862296632,2020-02,2020,02
QN0703,prism_tmax_us_30s_202002_avg_30y.tif,prism_vpdmax_us_30s_202002_avg_30y.tif,5.515399639423077,0.5153996394230766,4.899476858285757,0.48994768582857573,0.1441465375487635,4.288881184809548,2020-02,2020,02
QN0704,prism_tmax_us_30s_202002_avg_30y.tif,prism_vpdmax_us_30s_202002_avg_30y.tif,5.5576629638671875,0.5576629638671875,4.988278840717516,0.4988278840717516,0.1372108729802055,4.310118773593916,2020-02,2020,02
QN0705,prism_tmax_us_30s_202002_avg_30y.tif,prism_vpdmax_us_30s_202002_avg_30y.tif,5.540943993462457,0.5409439934624567,4.959777408175999,0.4959777408175999,0.13929114791663172,4.301456665424449,2020-02,2020,02
QN0706,prism_tmax_us_30s_202002_avg_30y.tif,prism_vpdmax_us_30s_202002_avg_30y.tif,5.524959564208984,0.5249595642089844,4.9589496612548825,0.4958949661254882,0.13863864846716745,4.292137061754091,2020-02,2020,02
QN0707,prism_tmax_us_30s_202002_avg_30y.tif,prism_vpdmax_us_30s_202002_avg_30y.tif,5.490577110877404,0.4905771108774042,4.963146503155048,0.4963146503155048,0.13663994085541353,4.271856718623666,2020-02,2020,02
QN0761,prism_tmax_us_30s_202002_avg_30y.tif,prism_vpdmax_us_30s_202002_avg_30y.tif,5.370450337727864,0.3704503377278643,4.729616483052571,0.4729616483052571,0.15450332076050743,4.210765146550578,2020-02,2020,02
QN0791,prism_tmax_us_30s_202002_avg_30y.tif,prism_vpdmax_us_30s_202002_avg_30y.tif,5.517724990844727,0.5177249908447266,4.936949729919434,0.49369497299194337,0.14050610292862448,4.288768968259909,2020-02,2020,02
QN0801,prism_tmax_us_30s_202002_avg_30y.tif,prism_vpdmax_us_30s_202002_avg_30y.tif,5.5945078531901045,0.5945078531901045,4.999650001525879,0.4999650001525879,0.1377732872837482,4.331230854661302,2020-02,2020,02
QN0802,prism_tmax_us_30s_202002_avg_30y.tif,prism_vpdmax_us_30s_202002_avg_30y.tif,5.631135123116629,0.6311351231166293,5.016935620989118,0.5016935620989118,0.13773819494190398,4.351984725419297,2020-02,2020,02
QN0803,prism_tmax_us_30s_202002_avg_30y.tif,prism_vpdmax_us_30s_202002_avg_30y.tif,5.576941172281901,0.5769411722819013,4.966458002726237,0.4966458002726237,0.1402816954513323,4.322256350996212,2020-02,2020,02
QN0804,prism_tmax_us_30s_202002_avg_30y.tif,prism_vpdmax_us_30s_202002_avg_30y.tif,5.709685734340122,0.7096857343401224,5.06182861328125,0.506182861328125,0.1368941086332256,4.396191196063707,2020-02,2020,02
QN0805,prism_tmax_us_30s_202002_avg_30y.tif,prism_vpdmax_us_30s_202002_avg_30y.tif,5.71394157409668,0.7139415740966797,5.070450146993001,0.5070450146993001,0.13622997483931776,4.398343252624669,2020-02,2020,02
QN0871,prism_tmax_us_30s_202002_avg_30y.tif,prism_vpdmax_us_30s_202002_avg_30y.tif,5.542574882507324,0.5425748825073242,4.977849960327148,0.49778499603271487,0.13755895494090198,4.301700627673427,2020-02,2020,02
QN0891,prism_tmax_us_30s_202002_avg_30y.tif,prism_vpdmax_us_30s_202002_avg_30y.tif,5.714666154649523,0.7146661546495228,5.063555399576823,0.5063555399576823,0.13695316889125542,4.399038305060543,2020-02,2020,02
QN0901,prism_tmax_us_30s_202002_avg_30y.tif,prism_vpdmax_us_30s_202002_avg_30y.tif,5.640877617730035,0.6408776177300348,5.018555535210504,0.5018555535210504,0.13802731851862615,4.35762234543075,2020-02,2020,02
QN0902,prism_tmax_us_30s_202002_avg_30y.tif,prism_vpdmax_us_30s_202002_avg_30y.tif,5.60179970481179,0.60179970481179,4.980245763605291,0.4980245763605291,0.1400505349822555,4.336260292876311,2020-02,2020,02
QN0903,prism_tmax_us_30s_202002_avg_30y.tif,prism_vpdmax_us_30s_202002_avg_30y.tif,5.569977230495876,0.5699772304958763,4.939555274115668,0.49395552741156684,0.14265079924543017,4.319238853794616,2020-02,2020,02
QN0904,prism_tmax_us_30s_202002_avg_30y.tif,prism_vpdmax_us_30s_202002_avg_30y.tif,5.517137050628662,0.5171370506286621,4.907974720001221,0.4907974720001221,0.1433765858953912,4.2895637059633405,2020-02,2020,02
QN0905,prism_tmax_us_30s_202002_avg_30y.tif,prism_vpdmax_us_30s_202002_avg_30y.tif,5.5692096710205075,0.5692096710205075,4.973929977416992,0.4973929977416992,0.13917793870600903,4.31743881338009,2020-02,2020,02
QN1001,prism_tmax_us_30s_202002_avg_30y.tif,prism_vpdmax_us_30s_202002_avg_30y.tif,5.5394950866699215,0.5394950866699215,4.868249893188477,0.48682498931884766,0.1483772195485894,4.304205961424441,2020-02,2020,02
QN1002,prism_tmax_us_30s_202002_avg_30y.tif,prism_vpdmax_us_30s_202002_avg_30y.tif,5.483641306559245,0.4836413065592451,4.849433581034343,0.48494335810343425,0.14769312572611748,4.272268019229456,2020-02,2020,02
QN1003,prism_tmax_us_30s_202002_avg_30y.tif,prism_vpdmax_us_30s_202002_avg_30y.tif,5.449468612670898,0.44946861267089844,4.75886869430542,0.475886869430542,0.1551843627022344,4.255836157926377,2020-02,2020,02
QN1091,prism_tmax_us_30s_202002_avg_30y.tif,prism_vpdmax_us_30s_202002_avg_30y.tif,5.433489057752821,0.433489057752821,4.718566470675999,0.4718566470675999,0.15848383031154745,4.248072441058287,2020-02,2020,02
QN1101,prism_tmax_us_30s_202002_avg_30y.tif,prism_vpdmax_us_30s_202002_avg_30y.tif,5.585212707519531,0.5852127075195312,4.974975109100342,0.4974975109100342,0.13981164467881763,4.32676158152235,2020-02,2020,02
QN1102,prism_tmax_us_30s_202002_avg_30y.tif,prism_vpdmax_us_30s_202002_avg_30y.tif,5.587694670024671,0.5876946700246712,4.951626024748149,0.4951626024748149,0.1422611136551516,4.329131495570463,2020-02,2020,02
QN1103,prism_tmax_us_30s_202002_avg_30y.tif,prism_vpdmax_us_30s_202002_avg_30y.tif,5.693939590454102,0.6939395904541019,5.030224990844727,0.5030224990844727,0.1393222883399612,4.38821740710508,2020-02,2020,02
QN1104,prism_tmax_us_30s_202002_avg_30y.tif,prism_vpdmax_us_30s_202002_avg_30y.tif,5.74768556867327,0.74768556867327,5.088463919503348,0.5088463919503348,0.13600057746100946,4.41738594437992,2020-02,2020,02
QN1191,prism_tmax_us_30s_202002_avg_30y.tif,prism_vpdmax_us_30s_202002_avg_30y.tif,5.673258463541667,0.673258463541667,5.024016698201497,0.5024016698201497,0.1389825819084527,4.376357703518147,2020-02,2020,02
QN1201,prism_tmax_us_30s_202002_avg_30y.tif,prism_vpdmax_us_30s_202002_avg_30y.tif,5.628470925723805,0.6284709257238053,4.985364577349494,0.4985364577349494,0.14077198566909305,4.351666405253351,2020-02,2020,02
QN1202,prism_tmax_us_30s_202002_avg_30y.tif,prism_vpdmax_us_30s_202002_avg_30y.tif,5.554849897112165,0.5548498971121649,4.898799896240234,0.48987998962402346,0.14602917480256206,4.311989357360004,2020-02,2020,02
QN1203,prism_tmax_us_30s_202002_avg_30y.tif,prism_vpdmax_us_30s_202002_avg_30y.tif,5.523868560791016,0.5238685607910156,4.840605735778809,0.48406057357788085,0.15042288294854328,4.296149666967283,2020-02,2020,02
QN1204,prism_tmax_us_30s_202002_avg_30y.tif,prism_vpdmax_us_30s_202002_avg_30y.tif,5.517599839430589,0.5175998394305887,4.825176825890174,0.4825176825890174,0.1516776420764644,4.293088422293194,2020-02,2020,02
QN1205,prism_tmax_us_30s_202002_avg_30y.tif,prism_vpdmax_us_30s_202002_avg_30y.tif,5.595330279806386,0.5953302798063858,4.9209432187287705,0.49209432187287705,0.14568194708190085,4.334805273853408,2020-02,2020,02
QN1206,prism_tmax_us_30s_202002_avg_30y.tif,prism_vpdmax_us_30s_202002_avg_30y.tif,5.687419891357422,0.6874198913574219,5.02405014038086,0.502405014038086,0.13963682858682902,4.384644352034282,2020-02,2020,02
QN1301,prism_tmax_us_30s_202002_avg_30y.tif,prism_vpdmax_us_30s_202002_avg_30y.tif,5.86021477835519,0.8602147783551901,5.1721071515764505,0.517210715157645,0.1329030487997842,4.479972677505708,2020-02,2020,02
QN1302,prism_tmax_us_30s_202002_avg_30y.tif,prism_vpdmax_us_30s_202002_avg_30y.tif,5.801466623942058,0.8014666239420576,5.12834972805447,0.512834972805447,0.13452443080916354,4.447299677083148,2020-02,2020,02
QN1303,prism_tmax_us_30s_202002_avg_30y.tif,prism_vpdmax_us_30s_202002_avg_30y.tif,5.72646484375,0.7264648437499996,5.050254440307617,0.5050254440307617,0.13883255222656876,4.406466759431291,2020-02,2020,02
QN1304,prism_tmax_us_30s_202002_avg_30y.tif,prism_vpdmax_us_30s_202002_avg_30y.tif,5.647108944979581,0.647108944979581,4.962345816872337,0.49623458168723367,0.14393697226665103,4.363478001904216,2020-02,2020,02
QN1305,prism_tmax_us_30s_202002_avg_30y.tif,prism_vpdmax_us_30s_202002_avg_30y.tif,5.5410582224528,0.5410582224527998,4.848491032918294,0.4848491032918294,0.15042504261637923,4.305897053878974,2020-02,2020,02
QN1306,prism_tmax_us_30s_202002_avg_30y.tif,prism_vpdmax_us_30s_202002_avg_30y.tif,5.458731400339227,0.4587314003392269,4.760963038394325,0.4760963038394325,0.15539886397370045,4.2611724575340055,2020-02,2020,02
QN1307,prism_tmax_us_30s_202002_avg_30y.tif,prism_vpdmax_us_30s_202002_avg_30y.tif,5.453310648600261,0.4533106486002607,4.76780531141493,0.47678053114149305,0.15446651126121952,4.257732476682007,2020-02,2020,02
QN1371,prism_tmax_us_30s_202002_avg_30y.tif,prism_vpdmax_us_30s_202002_avg_30y.tif,5.609719848632812,0.6097198486328121,4.928439712524414,0.4928439712524414,0.14559716409621393,4.342930839664616,2020-02,2020,02
QN1401,prism_tmax_us_30s_202002_avg_30y.tif,prism_vpdmax_us_30s_202002_avg_30y.tif,5.360958772547105,0.3609587725471046,4.670805987189798,0.4670805987189798,0.1599524190001952,4.207524924701285,2020-02,2020,02
QN1402,prism_tmax_us_30s_202002_avg_30y.tif,prism_vpdmax_us_30s_202002_avg_30y.tif,5.278405507405599,0.27840550740559866,4.597744411892361,0.45977444118923605,0.1635127343722247,4.162116427307259,2020-02,2020,02
QN1403,prism_tmax_us_30s_202002_avg_30y.tif,prism_vpdmax_us_30s_202002_avg_30y.tif,5.275155385335286,0.27515538533528616,4.619591606987847,0.46195916069878473,0.16118094668458216,4.159357215532148,2020-02,2020,02
QN1491,prism_tmax_us_30s_202002_avg_30y.tif,prism_vpdmax_us_30s_202002_avg_30y.tif,5.332540130615234,0.332540130615234,4.641839981079102,0.46418399810791017,0.16155728788073548,4.192042268195967,2020-02,2020,02
QN8081,prism_tmax_us_30s_202002_avg_30y.tif,prism_vpdmax_us_30s_202002_avg_30y.tif,5.426091707669771,0.4260917076697712,5.018284724308894,0.5018284724308895,0.1281739729954191,4.23196636963596,2020-02,2020,02
QN8191,prism_tmax_us_30s_202002_avg_30y.tif,prism_vpdmax_us_30s_202002_avg_30y.tif,5.502875137329101,0.5028751373291014,4.967915344238281,0.4967915344238281,0.13672744746698456,4.278864089720125,2020-02,2020,02
QN8291,prism_tmax_us_30s_202002_avg_30y.tif,prism_vpdmax_us_30s_202002_avg_30y.tif,5.641370010375977,0.6413700103759767,5.034379959106445,0.5034379959106445,0.13646768326973502,4.357288595408185,2020-02,2020,02
QN8381,prism_tmax_us_30s_202002_avg_30y.tif,prism_vpdmax_us_30s_202002_avg_30y.tif,5.439110438028972,0.43911043802897165,4.74267037709554,0.47426703770955403,0.15633042347379222,4.250413474787627,2020-02,2020,02
QN8491,prism_tmax_us_30s_202002_avg_30y.tif,prism_vpdmax_us_30s_202002_avg_30y.tif,5.334324192356419,0.3343241923564193,4.648983517208615,0.46489835172086147,0.16092395717090902,4.192804932234257,2020-02,2020,02
QN8492,prism_tmax_us_30s_202002_avg_30y.tif,prism_vpdmax_us_30s_202002_avg_30y.tif,5.261795707370924,0.26179570737092384,4.6218739385190215,0.46218739385190216,0.1603485096440554,4.151455130369428,2020-02,2020,02
SI0101,prism_tmax_us_30s_202002_avg_30y.tif,prism_vpdmax_us_30s_202002_avg_30y.tif,5.820650482177735,0.8206504821777347,5.1623798370361325,0.5162379837036133,0.13201970358061133,4.457192566901956,2020-02,2020,02
SI0102,prism_tmax_us_30s_202002_avg_30y.tif,prism_vpdmax_us_30s_202002_avg_30y.tif,5.806299729780718,0.8062997297807177,5.120745572176847,0.5120745572176847,0.1355110527263128,4.450427790507108,2020-02,2020,02
SI0103,prism_tmax_us_30s_202002_avg_30y.tif,prism_vpdmax_us_30s_202002_avg_30y.tif,5.885799701397236,0.8857997013972359,5.1565997783954325,0.5156599778395432,0.13565654868370292,4.495561454324928,2020-02,2020,02
SI0104,prism_tmax_us_30s_202002_avg_30y.tif,prism_vpdmax_us_30s_202002_avg_30y.tif,5.915825885275136,0.9158258852751358,5.246404564898947,0.5246404564898948,0.12809012683241427,4.5096126967961405,2020-02,2020,02
SI0105,prism_tmax_us_30s_202002_avg_30y.tif,prism_vpdmax_us_30s_202002_avg_30y.tif,5.884585425967262,0.8845854259672619,5.232009524390811,0.5232009524390812,0.12805844584785786,4.491886905741645,2020-02,2020,02
SI0106,prism_tmax_us_30s_202002_avg_30y.tif,prism_vpdmax_us_30s_202002_avg_30y.tif,5.830515347994291,0.8305153479942913,5.201984112079327,0.5201984112079326,0.1285216269145797,4.461411201690193,2020-02,2020,02
SI0107,prism_tmax_us_30s_202002_avg_30y.tif,prism_vpdmax_us_30s_202002_avg_30y.tif,5.881627807617187,0.8816278076171873,5.2621923828125,0.52621923828125,0.12490103092767557,4.488969072073521,2020-02,2020,02
SI0191,prism_tmax_us_30s_202002_avg_30y.tif,prism_vpdmax_us_30s_202002_avg_30y.tif,5.815799713134766,0.8157997131347656,5.180449485778809,0.5180449485778809,0.12998549757385647,4.453642737893937,2020-02,2020,02
SI0201,prism_tmax_us_30s_202002_avg_30y.tif,prism_vpdmax_us_30s_202002_avg_30y.tif,5.877495143724524,0.8774951437245244,5.145908521569294,0.5145908521569293,0.1363350567491166,4.491119423794208,2020-02,2020,02
SI0202,prism_tmax_us_30s_202002_avg_30y.tif,prism_vpdmax_us_30s_202002_avg_30y.tif,5.763479995727539,0.7634799957275389,5.059429931640625,0.5059429931640624,0.1396409328606335,4.427772044191744,2020-02,2020,02
SI0203,prism_tmax_us_30s_202002_avg_30y.tif,prism_vpdmax_us_30s_202002_avg_30y.tif,5.894331821175509,0.8943318211755091,5.221183599427689,0.5221183599427689,0.12959970366940798,4.498018826148591,2020-02,2020,02
SI0204,prism_tmax_us_30s_202002_avg_30y.tif,prism_vpdmax_us_30s_202002_avg_30y.tif,5.878194173177083,0.878194173177083,5.243420918782552,0.5243420918782552,0.12661668896906908,4.48769645495625,2020-02,2020,02
SI0291,prism_tmax_us_30s_202002_avg_30y.tif,prism_vpdmax_us_30s_202002_avg_30y.tif,5.829556783040364,0.8295567830403643,5.1748046875,0.51748046875,0.1311946301518161,4.46191818563355,2020-02,2020,02
SI0301,prism_tmax_us_30s_202002_avg_30y.tif,prism_vpdmax_us_30s_202002_avg_30y.tif,5.8373608059353295,0.8373608059353295,5.120972103542751,0.5120972103542751,0.13694383494077567,4.468602504097056,2020-02,2020,02
SI0302,prism_tmax_us_30s_202002_avg_30y.tif,prism_vpdmax_us_30s_202002_avg_30y.tif,5.929358646787446,0.9293586467874464,5.2098583352976835,0.5209858335297683,0.13238294979376863,4.518972851997433,2020-02,2020,02
SI0303,prism_tmax_us_30s_202002_avg_30y.tif,prism_vpdmax_us_30s_202002_avg_30y.tif,5.945639419555664,0.9456394195556639,5.278224945068359,0.5278224945068359,0.1263148147448584,4.52581927308279,2020-02,2020,02
SI0304,prism_tmax_us_30s_202002_avg_30y.tif,prism_vpdmax_us_30s_202002_avg_30y.tif,5.949746365017361,0.9497463650173614,5.257526652018229,0.525752665201823,0.1285786365382472,4.529037593124375,2020-02,2020,02
SI0305,prism_tmax_us_30s_202002_avg_30y.tif,prism_vpdmax_us_30s_202002_avg_30y.tif,5.960124160304214,0.9601241603042139,5.2980938535748106,0.529809385357481,0.1250123404365604,4.533520248684058,2020-02,2020,02
SI0391,prism_tmax_us_30s_202002_avg_30y.tif,prism_vpdmax_us_30s_202002_avg_30y.tif,5.8400731404622395,0.8400731404622395,5.199026489257813,0.5199026489257813,0.129265625932116,4.4671228616334115,2020-02,2020,02
SI9561,prism_tmax_us_30s_202002_avg_30y.tif,prism_vpdmax_us_30s_202002_avg_30y.tif,5.829999651227679,0.8299996512276788,5.0898284912109375,0.5089828491210937,0.13971301188281493,4.46551701591604,2020-02,2020,02
SI9591,prism_tmax_us_30s_202002_avg_30y.tif,prism_vpdmax_us_30s_202002_avg_30y.tif,5.4513599395751955,0.4513599395751955,4.8057598114013675,0.4805759811401368,0.15058179206472522,4.255099730020572,2020-02,2020,02
SI9592,prism_tmax_us_30s_202002_avg_30y.tif,prism_vpdmax_us_30s_202002_avg_30y.tif,5.68797492980957,0.6879749298095703,4.991549968719482,0.49915499687194825,0.14291263129032122,4.386246449299122,2020-02,2020,02
SI9593,prism_tmax_us_30s_202002_avg_30y.tif,prism_vpdmax_us_30s_202002_avg_30y.tif,5.73652458190918,0.7365245819091797,5.0393829345703125,0.5039382934570312,0.14038836077392025,4.412782063726655,2020-02,2020,02
BK0101,prism_tmax_us_30s_202003_avg_30y.tif,prism_vpdmax_us_30s_202003_avg_30y.tif,9.456766764322916,4.456766764322916,6.884458541870117,0.6884458541870118,0.15133473097090022,6.526461304642657,2020-03,2020,03
BK0102,prism_tmax_us_30s_202003_avg_30y.tif,prism_vpdmax_us_30s_202003_avg_30y.tif,9.556877136230469,4.556877136230469,6.929577297634548,0.6929577297634548,0.15273605372752108,6.583774605357592,2020-03,2020,03
BK0103,prism_tmax_us_30s_202003_avg_30y.tif,prism_vpdmax_us_30s_202003_avg_30y.tif,9.539370945521764,4.539370945521764,6.893571036202567,0.6893571036202567,0.15530000373235708,6.574856227577657,2020-03,2020,03
BK0104,prism_tmax_us_30s_202003_avg_30y.tif,prism_vpdmax_us_30s_202003_avg_30y.tif,9.388826497395833,4.388826497395833,6.7950597127278645,0.6795059712727864,0.15628240183418596,6.489883607944272,2020-03,2020,03
BK0201,prism_tmax_us_30s_202003_avg_30y.tif,prism_vpdmax_us_30s_202003_avg_30y.tif,9.646299362182617,4.646299362182617,6.980499744415283,0.6980499744415283,0.152956712117446,6.6345637262196995,2020-03,2020,03
BK0202,prism_tmax_us_30s_202003_avg_30y.tif,prism_vpdmax_us_30s_202003_avg_30y.tif,9.639119720458984,4.639119720458984,6.9749900817871096,0.6974990081787109,0.15308002530837395,6.630541331446434,2020-03,2020,03
BK0203,prism_tmax_us_30s_202003_avg_30y.tif,prism_vpdmax_us_30s_202003_avg_30y.tif,9.60962168375651,4.60962168375651,6.953111012776692,0.6953111012776693,0.153512879423228,6.613986056303269,2020-03,2020,03
BK0204,prism_tmax_us_30s_202003_avg_30y.tif,prism_vpdmax_us_30s_202003_avg_30y.tif,9.556166966756185,4.5561669667561855,6.911633173624675,0.6911633173624675,0.15448838970633127,6.584060607305345,2020-03,2020,03
BK0261,prism_tmax_us_30s_202003_avg_30y.tif,prism_vpdmax_us_30s_202003_avg_30y.tif,9.624014718191964,4.6240147181919635,6.970671517508371,0.6970671517508371,0.15261277587312472,6.621793166132981,2020-03,2020,03
BK0301,prism_tmax_us_30s_202003_avg_30y.tif,prism_vpdmax_us_30s_202003_avg_30y.tif,9.552132288614908,4.552132288614908,6.898216247558594,0.6898216247558594,0.15559106903204922,6.582206297774248,2020-03,2020,03
BK0302,prism_tmax_us_30s_202003_avg_30y.tif,prism_vpdmax_us_30s_202003_avg_30y.tif,9.495449611118861,4.495449611118861,6.849671500069754,0.6849671500069754,0.15709396938904074,6.550657859474287,2020-03,2020,03
BK0401,prism_tmax_us_30s_202003_avg_30y.tif,prism_vpdmax_us_30s_202003_avg_30y.tif,9.380999755859374,4.380999755859374,6.776740264892578,0.6776740264892578,0.1576555195021172,6.485985480736597,2020-03,2020,03
BK0402,prism_tmax_us_30s_202003_avg_30y.tif,prism_vpdmax_us_30s_202003_avg_30y.tif,9.451049041748046,4.451049041748046,6.825140380859375,0.6825140380859376,0.1569299231918143,6.525418266485525,2020-03,2020,03
BK0471,prism_tmax_us_30s_202003_avg_30y.tif,prism_vpdmax_us_30s_202003_avg_30y.tif,9.537124633789062,4.5371246337890625,6.89977502822876,0.689977502822876,0.15454666431131514,6.573286506432745,2020-03,2020,03
BK0501,prism_tmax_us_30s_202003_avg_30y.tif,prism_vpdmax_us_30s_202003_avg_30y.tif,9.495619964599609,4.495619964599609,6.846800231933594,0.6846800231933594,0.1573911514033346,6.550871242429489,2020-03,2020,03
BK0502,prism_tmax_us_30s_202003_avg_30y.tif,prism_vpdmax_us_30s_202003_avg_30y.tif,9.379079437255859,4.379079437255859,6.7231391906738285,0.6723139190673828,0.16290308602397563,6.486958953731494,2020-03,2020,03
BK0503,prism_tmax_us_30s_202003_avg_30y.tif,prism_vpdmax_us_30s_202003_avg_30y.tif,9.305099487304688,4.3050994873046875,6.606468200683594,0.6606468200683594,0.1702447351963814,6.447897590233936,2020-03,2020,03
BK0504,prism_tmax_us_30s_202003_avg_30y.tif,prism_vpdmax_us_30s_202003_avg_30y.tif,9.227536288174717,4.227536288174717,6.50667294588956,0.650667294588956,0.1757105358463512,6.40606731598268,2020-03,2020,03
BK0505,prism_tmax_us_30s_202003_avg_30y.tif,prism_vpdmax_us_30s_202003_avg_30y.tif,9.269720458984375,4.269720458984375,6.6087699890136715,0.6608769989013672,0.16795301334399793,6.426937034488332,2020-03,2020,03
BK0571,prism_tmax_us_30s_202003_avg_30y.tif,prism_vpdmax_us_30s_202003_avg_30y.tif,9.569100062052408,4.569100062052408,6.920733133951823,0.6920733133951823,0.15434494862161352,6.591337299992009,2020-03,2020,03
BK0601,prism_tmax_us_30s_202003_avg_30y.tif,prism_vpdmax_us_30s_202003_avg_30y.tif,9.675735473632812,4.6757354736328125,6.984629462747013,0.6984629462747013,0.15429907604429938,6.651781550435214,2020-03,2020,03
BK0602,prism_tmax_us_30s_202003_avg_30y.tif,prism_vpdmax_us_30s_202003_avg_30y.tif,9.642317338423295,4.642317338423295,6.973908857865767,0.6973908857865767,0.1533785893813837,6.6324717165128915,2020-03,2020,03
BK0701,prism_tmax_us_30s_202003_avg_30y.tif,prism_vpdmax_us_30s_202003_avg_30y.tif,9.676842825753349,4.676842825753349,6.98567145211356,0.698567145211356,0.1542609730614113,6.6523944446152825,2020-03,2020,03
BK0702,prism_tmax_us_30s_202003_avg_30y.tif,prism_vpdmax_us_30s_202003_avg_30y.tif,9.7037208958676,4.703720895867599,6.994926051089638,0.6994926051089638,0.15494120552385438,6.667901641727804,2020-03,2020,03
BK0703,prism_tmax_us_30s_202003_avg_30y.tif,prism_vpdmax_us_30s_202003_avg_30y.tif,9.740087509155273,4.740087509155273,7.028800010681152,0.7028800010681152,0.1537305900690027,6.6880457395881585,2020-03,2020,03
BK0771,prism_tmax_us_30s_202003_avg_30y.tif,prism_vpdmax_us_30s_202003_avg_30y.tif,9.704774856567383,4.704774856567383,6.998737335205078,0.6998737335205079,0.15462309487130332,6.668374219958128,2020-03,2020,03
BK0801,prism_tmax_us_30s_202003_avg_30y.tif,prism_vpdmax_us_30s_202003_avg_30y.tif,9.59713363647461,4.597133636474609,6.948899586995442,0.6948899586995443,0.15319198000192358,6.606779220021859,2020-03,2020,03
BK0802,prism_tmax_us_30s_202003_avg_30y.tif,prism_vpdmax_us_30s_202003_avg_30y.tif,9.618708292643229,4.618708292643229,6.951182683308919,0.6951182683308919,0.1542460001374094,6.619426279982712,2020-03,2020,03
BK0891,prism_tmax_us_30s_202003_avg_30y.tif,prism_vpdmax_us_30s_202003_avg_30y.tif,9.549699783325195,4.549699783325195,6.858599662780762,0.6858599662780762,0.15940865532170112,6.582327378686814,2020-03,2020,03
BK0901,prism_tmax_us_30s_202003_avg_30y.tif,prism_vpdmax_us_30s_202003_avg_30y.tif,9.644742693219866,4.644742693219866,6.973399571010044,0.6973399571010044,0.1535739908705508,6.63392368546779,2020-03,2020,03
BK0902,prism_tmax_us_30s_202003_avg_30y.tif,prism_vpdmax_us_30s_202003_avg_30y.tif,9.627669525146484,4.627669525146484,6.933560180664062,0.6933560180664062,0.15654138034450893,6.625409383233448,2020-03,2020,03
BK1001,prism_tmax_us_30s_202003_avg_30y.tif,prism_vpdmax_us_30s_202003_avg_30y.tif,9.649787902832031,4.649787902832031,6.933905707465278,0.6933905707465278,0.15782397807026904,6.638454564287377,2020-03,2020,03
BK1002,prism_tmax_us_30s_202003_avg_30y.tif,prism_vpdmax_us_30s_202003_avg_30y.tif,9.5777719671076,4.5777719671076,6.864191228693182,0.6864191228693182,0.16051347308917563,6.598678500274055,2020-03,2020,03
BK1061,prism_tmax_us_30s_202003_avg_30y.tif,prism_vpdmax_us_30s_202003_avg_30y.tif,9.491542271205358,4.491542271205358,6.763913835797991,0.6763913835797991,0.16543913216374073,6.551722046713787,2020-03,2020,03
BK1091,prism_tmax_us_30s_202003_avg_30y.tif,prism_vpdmax_us_30s_202003_avg_30y.tif,9.477342878069196,4.477342878069196,6.7522141592843195,0.675221415928432,0.1657715479984816,6.5438016302286375,2020-03,2020,03
BK1101,prism_tmax_us_30s_202003_avg_30y.tif,prism_vpdmax_us_30s_202003_avg_30y.tif,9.380960083007812,4.380960083007812,6.645692952473959,0.6645692952473958,0.17075792556822744,6.491112231813743,2020-03,2020,03
BK1102,prism_tmax_us_30s_202003_avg_30y.tif,prism_vpdmax_us_30s_202003_avg_30y.tif,9.372766282823351,4.372766282823351,6.626855214436849,0.6626855214436849,0.1721615934174563,6.4870179885739,2020-03,2020,03
BK1103,prism_tmax_us_30s_202003_avg_30y.tif,prism_vpdmax_us_30s_202003_avg_30y.tif,9.333280944824219,4.333280944824219,6.566600799560547,0.6566600799560547,0.1758768494809302,6.4660898975613375,2020-03,2020,03
BK1201,prism_tmax_us_30s_202003_avg_30y.tif,prism_vpdmax_us_30s_202003_avg_30y.tif,9.715256827218193,4.715256827218193,7.007085527692523,0.7007085527692523,0.15441523018205439,6.674235806494263,2020-03,2020,03
BK1202,prism_tmax_us_30s_202003_avg_30y.tif,prism_vpdmax_us_30s_202003_avg_30y.tif,9.50648307800293,4.50648307800293,6.797191619873047,0.6797191619873046,0.16299343212900796,6.559232324054362,2020-03,2020,03
BK1203,prism_tmax_us_30s_202003_avg_30y.tif,prism_vpdmax_us_30s_202003_avg_30y.tif,9.5206298828125,4.5206298828125,6.809579467773437,0.6809579467773437,0.16259060050987018,6.5670952495550665,2020-03,2020,03
BK1204,prism_tmax_us_30s_202003_avg_30y.tif,prism_vpdmax_us_30s_202003_avg_30y.tif,9.353419494628906,4.3534194946289055,6.617359924316406,0.6617359924316406,0.17197848613228162,6.475976398504576,2020-03,2020,03
BK1301,prism_tmax_us_30s_202003_avg_30y.tif,prism_vpdmax_us_30s_202003_avg_30y.tif,9.224583307902018,4.224583307902018,6.449708302815755,0.6449708302815755,0.18123558222667158,6.406564319395526,2020-03,2020,03
BK1302,prism_tmax_us_30s_202003_avg_30y.tif,prism_vpdmax_us_30s_202003_avg_30y.tif,9.13533468807445,4.135334688074449,6.348270191865809,0.6348270191865809,0.18621336640062136,6.357916621133656,2020-03,2020,03
BK1303,prism_tmax_us_30s_202003_avg_30y.tif,prism_vpdmax_us_30s_202003_avg_30y.tif,9.160449981689453,4.160449981689453,6.367200215657552,0.6367200215657551,0.18577123723000244,6.37198323584931,2020-03,2020,03
BK1391,prism_tmax_us_30s_202003_avg_30y.tif,prism_vpdmax_us_30s_202003_avg_30y.tif,9.204533894856771,4.204533894856771,6.434899648030599,0.6434899648030599,0.18155342599910118,6.395321214801436,2020-03,2020,03
BK1401,prism_tmax_us_30s_202003_avg_30y.tif,prism_vpdmax_us_30s_202003_avg_30y.tif,9.447758356730143,4.447758356730143,6.722208023071289,0.6722208023071289,0.16702947790329303,6.527521573081985,2020-03,2020,03
BK1402,prism_tmax_us_30s_202003_avg_30y.tif,prism_vpdmax_us_30s_202003_avg_30y.tif,9.434817921031605,4.434817921031605,6.716936284845525,0.6716936284845525,0.16679539391067755,6.520092351031816,2020-03,2020,03
BK1403,prism_tmax_us_30s_202003_avg_30y.tif,prism_vpdmax_us_30s_202003_avg_30y.tif,9.32663844181941,4.32663844181941,6.569830674391526,0.6569830674391526,0.1751657808571626,6.46204414838847,2020-03,2020,03
BK1501,prism_tmax_us_30s_202003_avg_30y.tif,prism_vpdmax_us_30s_202003_avg_30y.tif,9.303084740271935,4.3030847402719345,6.533799978402945,0.6533799978402944,0.1773940363755161,6.4495649040297645,2020-03,2020,03
BK1502,prism_tmax_us_30s_202003_avg_30y.tif,prism_vpdmax_us_30s_202003_avg_30y.tif,9.289119720458984,4.289119720458984,6.524089813232422,0.6524089813232422,0.1775508703196359,6.44170837353586,2020-03,2020,03
BK1503,prism_tmax_us_30s_202003_avg_30y.tif,prism_vpdmax_us_30s_202003_avg_30y.tif,9.19323959350586,4.19323959350586,6.416474914550781,0.641647491455078,0.18274137825382786,6.389384211171576,2020-03,2020,03
BK1601,prism_tmax_us_30s_202003_avg_30y.tif,prism_vpdmax_us_30s_202003_avg_30y.tif,9.53204345703125,4.53204345703125,6.872099982367621,0.6872099982367621,0.15701352504329125,6.571374955478731,2020-03,2020,03
BK1602,prism_tmax_us_30s_202003_avg_30y.tif,prism_vpdmax_us_30s_202003_avg_30y.tif,9.45640009099787,4.456400090997869,6.768899397416548,0.6768899397416548,0.16286905440316868,6.530786389976237,2020-03,2020,03
BK1701,prism_tmax_us_30s_202003_avg_30y.tif,prism_vpdmax_us_30s_202003_avg_30y.tif,9.507621765136719,4.507621765136719,6.78905529446072,0.678905529446072,0.1638743241305255,6.560224150215816,2020-03,2020,03
BK1702,prism_tmax_us_30s_202003_avg_30y.tif,prism_vpdmax_us_30s_202003_avg_30y.tif,9.377411736382378,4.377411736382378,6.646932813856337,0.6646932813856337,0.1704259984012768,6.48896987190051,2020-03,2020,03
BK1703,prism_tmax_us_30s_202003_avg_30y.tif,prism_vpdmax_us_30s_202003_avg_30y.tif,9.447291287508877,4.447291287508877,6.734145424582741,0.6734145424582741,0.16580825048043402,6.526776802456343,2020-03,2020,03
BK1704,prism_tmax_us_30s_202003_avg_30y.tif,prism_vpdmax_us_30s_202003_avg_30y.tif,9.444154219193893,4.4441542191938925,6.73358154296875,0.673358154296875,0.16568004108172085,6.524947698428053,2020-03,2020,03
BK1771,prism_tmax_us_30s_202003_avg_30y.tif,prism_vpdmax_us_30s_202003_avg_30y.tif,9.434149742126465,4.434149742126465,6.710049629211426,0.6710049629211425,0.16744476849721646,6.519968697805111,2020-03,2020,03
BK1801,prism_tmax_us_30s_202003_avg_30y.tif,prism_vpdmax_us_30s_202003_avg_30y.tif,9.271640553193933,4.271640553193933,6.515929278205423,0.6515929278205423,0.17734885279492818,6.431718292809366,2020-03,2020,03
BK1802,prism_tmax_us_30s_202003_avg_30y.tif,prism_vpdmax_us_30s_202003_avg_30y.tif,9.232849968804253,4.232849968804253,6.466911315917969,0.6466911315917969,0.17999523238573312,6.410764058639604,2020-03,2020,03
BK1803,prism_tmax_us_30s_202003_avg_30y.tif,prism_vpdmax_us_30s_202003_avg_30y.tif,9.261883384303042,4.261883384303042,6.531615407843339,0.6531615407843339,0.17521241447261482,6.4253463577875625,2020-03,2020,03
BK1891,prism_tmax_us_30s_202003_avg_30y.tif,prism_vpdmax_us_30s_202003_avg_30y.tif,9.17385482788086,4.173854827880859,6.392524719238281,0.6392524719238282,0.18401409027467008,6.378893224886392,2020-03,2020,03
BK1892,prism_tmax_us_30s_202003_avg_30y.tif,prism_vpdmax_us_30s_202003_avg_30y.tif,9.22576649983724,4.22576649983724,6.463350296020508,0.6463350296020508,0.17994006239871174,6.406726049930409,2020-03,2020,03
BK1893,prism_tmax_us_30s_202003_avg_30y.tif,prism_vpdmax_us_30s_202003_avg_30y.tif,9.192622714572483,4.192622714572483,6.454588996039496,0.6454588996039496,0.1788942342747667,6.387522513232581,2020-03,2020,03
BK5591,prism_tmax_us_30s_202003_avg_30y.tif,prism_vpdmax_us_30s_202003_avg_30y.tif,9.629024505615234,4.629024505615234,6.949408213297526,0.6949408213297527,0.1550372145146084,6.625586519988079,2020-03,2020,03
BK5691,prism_tmax_us_30s_202003_avg_30y.tif,prism_vpdmax_us_30s_202003_avg_30y.tif,9.163121273643092,4.1631212736430925,6.383736459832442,0.6383736459832442,0.18427206237423854,6.372908682668709,2020-03,2020,03
BK5692,prism_tmax_us_30s_202003_avg_30y.tif,prism_vpdmax_us_30s_202003_avg_30y.tif,9.091211655560661,4.091211655560661,6.332134920008042,0.6332134920008042,0.18528343831030947,6.332533399958846,2020-03,2020,03
BK5693,prism_tmax_us_30s_202003_avg_30y.tif,prism_vpdmax_us_30s_202003_avg_30y.tif,9.193877326117622,4.193877326117622,6.465721978081597,0.6465721978081598,0.1778536172223094,6.38782491547706,2020-03,2020,03
BX0101,prism_tmax_us_30s_202003_avg_30y.tif,prism_vpdmax_us_30s_202003_avg_30y.tif,9.43873772254357,4.43873772254357,6.959868797889123,0.6959868797889123,0.14273267171408932,6.512858228665841,2020-03,2020,03
BX0102,prism_tmax_us_30s_202003_avg_30y.tif,prism_vpdmax_us_30s_202003_avg_30y.tif,9.449211120605469,4.449211120605469,6.94227769639757,0.694227769639757,0.14510801157241537,6.51973015393126,2020-03,2020,03
BX0201,prism_tmax_us_30s_202003_avg_30y.tif,prism_vpdmax_us_30s_202003_avg_30y.tif,9.35132816859654,4.35132816859654,6.8323854718889505,0.6832385471888951,0.15035357822306616,6.4662920278359035,2020-03,2020,03
BX0202,prism_tmax_us_30s_202003_avg_30y.tif,prism_vpdmax_us_30s_202003_avg_30y.tif,9.424062728881836,4.424062728881836,6.903024196624756,0.6903024196624756,0.1475543615926097,6.506432431381896,2020-03,2020,03
BX0291,prism_tmax_us_30s_202003_avg_30y.tif,prism_vpdmax_us_30s_202003_avg_30y.tif,9.389800071716309,4.389800071716309,6.919300079345703,0.6919300079345703,0.14391545456834287,6.485575414308506,2020-03,2020,03
BX0301,prism_tmax_us_30s_202003_avg_30y.tif,prism_vpdmax_us_30s_202003_avg_30y.tif,9.443213326590401,4.443213326590401,6.902271815708706,0.6902271815708706,0.14875565493183507,6.517762928564968,2020-03,2020,03
BX0302,prism_tmax_us_30s_202003_avg_30y.tif,prism_vpdmax_us_30s_202003_avg_30y.tif,9.454083124796549,4.454083124796549,6.894599914550781,0.6894599914550781,0.15016258290429363,6.52447902684103,2020-03,2020,03
BX0303,prism_tmax_us_30s_202003_avg_30y.tif,prism_vpdmax_us_30s_202003_avg_30y.tif,9.428888320922852,4.428888320922852,6.860299587249756,0.6860299587249756,0.15211044166225463,6.510959081536523,2020-03,2020,03
BX0391,prism_tmax_us_30s_202003_avg_30y.tif,prism_vpdmax_us_30s_202003_avg_30y.tif,9.442659759521485,4.442659759521485,6.8699798583984375,0.6869979858398437,0.1519522821909416,6.518705330549722,2020-03,2020,03
BX0401,prism_tmax_us_30s_202003_avg_30y.tif,prism_vpdmax_us_30s_202003_avg_30y.tif,9.465599822998048,4.465599822998048,6.947749328613281,0.6947749328613282,0.14552592180106005,6.529186786907709,2020-03,2020,03
BX0402,prism_tmax_us_30s_202003_avg_30y.tif,prism_vpdmax_us_30s_202003_avg_30y.tif,9.485516230265299,4.485516230265299,6.967749913533528,0.6967749913533529,0.14469998828888575,6.540154797957957,2020-03,2020,03
BX0403,prism_tmax_us_30s_202003_avg_30y.tif,prism_vpdmax_us_30s_202003_avg_30y.tif,9.481800079345703,4.481800079345703,6.9381669362386065,0.6938166936238607,0.14743909933282018,6.539124211026811,2020-03,2020,03
BX0491,prism_tmax_us_30s_202003_avg_30y.tif,prism_vpdmax_us_30s_202003_avg_30y.tif,9.472832997639975,4.4728329976399746,6.962466557820638,0.6962466557820638,0.1444804464858629,6.53287712513081,2020-03,2020,03
BX0492,prism_tmax_us_30s_202003_avg_30y.tif,prism_vpdmax_us_30s_202003_avg_30y.tif,9.459599494934082,4.459599494934082,6.905749797821045,0.6905749797821045,0.1493724230057164,6.527296275868871,2020-03,2020,03
BX0501,prism_tmax_us_30s_202003_avg_30y.tif,prism_vpdmax_us_30s_202003_avg_30y.tif,9.499512672424316,4.499512672424316,6.949224948883057,0.6949224948883057,0.14737847762449163,6.549143426971012,2020-03,2020,03
BX0502,prism_tmax_us_30s_202003_avg_30y.tif,prism_vpdmax_us_30s_202003_avg_30y.tif,9.480611165364584,4.480611165364584,6.915743933783637,0.6915743933783637,0.14961128547221658,6.539303765952299,2020-03,2020,03
BX0503,prism_tmax_us_30s_202003_avg_30y.tif,prism_vpdmax_us_30s_202003_avg_30y.tif,9.500779724121093,4.500779724121093,6.921419525146485,0.6921419525146485,0.1502338296924257,6.550983998645783,2020-03,2020,03
BX0601,prism_tmax_us_30s_202003_avg_30y.tif,prism_vpdmax_us_30s_202003_avg_30y.tif,9.400312423706055,4.400312423706055,6.798437118530273,0.6798437118530274,0.1566184032655521,6.496528176724695,2020-03,2020,03
BX0602,prism_tmax_us_30s_202003_avg_30y.tif,prism_vpdmax_us_30s_202003_avg_30y.tif,9.4641752243042,4.464175224304199,6.877374649047852,0.6877374649047852,0.152479461292657,6.531111780468494,2020-03,2020,03
BX0603,prism_tmax_us_30s_202003_avg_30y.tif,prism_vpdmax_us_30s_202003_avg_30y.tif,9.471371241978236,4.471371241978236,6.880985804966518,0.6880985804966518,0.15254236582010017,6.535216643968959,2020-03,2020,03
BX0701,prism_tmax_us_30s_202003_avg_30y.tif,prism_vpdmax_us_30s_202003_avg_30y.tif,9.507066514756945,4.507066514756945,6.925222608778212,0.6925222608778212,0.15022479482723083,6.5545450582342895,2020-03,2020,03
BX0702,prism_tmax_us_30s_202003_avg_30y.tif,prism_vpdmax_us_30s_202003_avg_30y.tif,9.502465989854601,4.502465989854601,6.92445543077257,0.6924455430772569,0.1500298092901703,6.551859931298596,2020-03,2020,03
BX0703,prism_tmax_us_30s_202003_avg_30y.tif,prism_vpdmax_us_30s_202003_avg_30y.tif,9.476037979125977,4.476037979125977,6.892187118530273,0.6892187118530273,0.15169731944100162,6.5375305807047415,2020-03,2020,03
BX0801,prism_tmax_us_30s_202003_avg_30y.tif,prism_vpdmax_us_30s_202003_avg_30y.tif,9.513913835797991,4.513913835797991,6.93345696585519,0.693345696585519,0.1498058995674063,6.558262863427451,2020-03,2020,03
BX0802,prism_tmax_us_30s_202003_avg_30y.tif,prism_vpdmax_us_30s_202003_avg_30y.tif,9.531432469685873,4.531432469685873,6.954683303833008,0.6954683303833008,0.1487190482612868,6.567768796278576,2020-03,2020,03
BX0803,prism_tmax_us_30s_202003_avg_30y.tif,prism_vpdmax_us_30s_202003_avg_30y.tif,9.571783277723524,4.571783277723524,7.0267995198567705,0.702679951985677,0.14389742311903775,6.5887528057550195,2020-03,2020,03
BX0901,prism_tmax_us_30s_202003_avg_30y.tif,prism_vpdmax_us_30s_202003_avg_30y.tif,9.36779091574929,4.367790915749289,6.787208557128906,0.6787208557128906,0.15583485222766158,6.4777805461553175,2020-03,2020,03
BX0902,prism_tmax_us_30s_202003_avg_30y.tif,prism_vpdmax_us_30s_202003_avg_30y.tif,9.302809143066407,4.302809143066407,6.740509796142578,0.6740509796142578,0.15670698003972172,6.441278627274263,2020-03,2020,03
BX0903,prism_tmax_us_30s_202003_avg_30y.tif,prism_vpdmax_us_30s_202003_avg_30y.tif,9.312192644391741,4.312192644391741,6.713349478585379,0.671334947858538,0.1599704709701386,6.447881624461381,2020-03,2020,03
BX0904,prism_tmax_us_30s_202003_avg_30y.tif,prism_vpdmax_us_30s_202003_avg_30y.tif,9.352582931518555,4.352582931518555,6.741182963053386,0.6741182963053386,0.15954723718403951,6.470616586384347,2020-03,2020,03
BX0991,prism_tmax_us_30s_202003_avg_30y.tif,prism_vpdmax_us_30s_202003_avg_30y.tif,9.332085745675224,4.332085745675224,6.789956774030413,0.6789956774030413,0.1534714120247851,6.456606882723593,2020-03,2020,03
BX1001,prism_tmax_us_30s_202003_avg_30y.tif,prism_vpdmax_us_30s_202003_avg_30y.tif,9.330499649047852,4.330499649047852,6.701749801635742,0.6701749801635742,0.16219943561576788,6.459137679207128,2020-03,2020,03
BX1002,prism_tmax_us_30s_202003_avg_30y.tif,prism_vpdmax_us_30s_202003_avg_30y.tif,9.281682101162998,4.281682101162998,6.639927257191051,0.6639927257191051,0.16553378836608712,6.4327685301872926,2020-03,2020,03
BX1003,prism_tmax_us_30s_202003_avg_30y.tif,prism_vpdmax_us_30s_202003_avg_30y.tif,9.215814971923828,4.2158149719238285,6.54375,0.654375,0.17132260309003033,6.397696872095192,2020-03,2020,03
BX1004,prism_tmax_us_30s_202003_avg_30y.tif,prism_vpdmax_us_30s_202003_avg_30y.tif,9.317300276322799,4.317300276322799,6.6325905539772725,0.6632590553977272,0.16834449040314725,6.454068641403463,2020-03,2020,03
BX1071,prism_tmax_us_30s_202003_avg_30y.tif,prism_vpdmax_us_30s_202003_avg_30y.tif,8.991715749104818,3.9917157491048183,6.309083302815755,0.6309083302815754,0.18187869063555173,6.274781155162204,2020-03,2020,03
BX1091,prism_tmax_us_30s_202003_avg_30y.tif,prism_vpdmax_us_30s_202003_avg_30y.tif,9.293974876403809,4.293974876403809,6.6806745529174805,0.668067455291748,0.16217537971279938,6.438418679148089,2020-03,2020,03
BX1101,prism_tmax_us_30s_202003_avg_30y.tif,prism_vpdmax_us_30s_202003_avg_30y.tif,9.397224426269531,4.397224426269531,6.782412052154541,0.6782412052154541,0.1580397269357925,6.495335862380591,2020-03,2020,03
BX1102,prism_tmax_us_30s_202003_avg_30y.tif,prism_vpdmax_us_30s_202003_avg_30y.tif,9.376450347900391,4.376450347900391,6.7408599853515625,0.6740859985351563,0.16097694960359554,6.484711288453735,2020-03,2020,03
BX1103,prism_tmax_us_30s_202003_avg_30y.tif,prism_vpdmax_us_30s_202003_avg_30y.tif,9.405517578125,4.405517578125,6.758345170454546,0.6758345170454546,0.16093307997445938,6.501175167226837,2020-03,2020,03
BX1104,prism_tmax_us_30s_202003_avg_30y.tif,prism_vpdmax_us_30s_202003_avg_30y.tif,9.454770769391741,4.454770769391741,6.844371250697544,0.6844371250697544,0.15522593481836244,6.5268588186287335,2020-03,2020,03
BX1161,prism_tmax_us_30s_202003_avg_30y.tif,prism_vpdmax_us_30s_202003_avg_30y.tif,9.341470990862165,4.341470990862165,6.682242802211216,0.6682242802211216,0.1647913636641123,6.4663770577388435,2020-03,2020,03
BX1201,prism_tmax_us_30s_202003_avg_30y.tif,prism_vpdmax_us_30s_202003_avg_30y.tif,9.469474792480469,4.469474792480469,6.870341618855794,0.6870341618855794,0.1534950192091462,6.534515749885619,2020-03,2020,03
BX1202,prism_tmax_us_30s_202003_avg_30y.tif,prism_vpdmax_us_30s_202003_avg_30y.tif,9.362180437360491,4.362180437360491,6.703171502976191,0.6703171502976191,0.1639100599286143,6.477772961535344,2020-03,2020,03
BX1203,prism_tmax_us_30s_202003_avg_30y.tif,prism_vpdmax_us_30s_202003_avg_30y.tif,9.408585684640068,4.408585684640068,6.8324143545968195,0.683241435459682,0.15370626974801704,6.500074647201889,2020-03,2020,03
BX1271,prism_tmax_us_30s_202003_avg_30y.tif,prism_vpdmax_us_30s_202003_avg_30y.tif,9.519256591796875,4.519256591796875,6.949757167271206,0.6949757167271206,0.14849164895982503,6.560775705590039,2020-03,2020,03
BX2691,prism_tmax_us_30s_202003_avg_30y.tif,prism_vpdmax_us_30s_202003_avg_30y.tif,9.535211899701286,4.535211899701286,6.9686117733226105,0.696861177332261,0.14754980577399723,6.56945222079981,2020-03,2020,03
BX2791,prism_tmax_us_30s_202003_avg_30y.tif,prism_vpdmax_us_30s_202003_avg_30y.tif,9.437392014723558,4.437392014723558,6.838684668907752,0.6838684668907752,0.15477193531853395,6.516826642928441,2020-03,2020,03
BX2891,prism_tmax_us_30s_202003_avg_30y.tif,prism_vpdmax_us_30s_202003_avg_30y.tif,9.193882533482142,4.193882533482142,6.507068307059152,0.6507068307059152,0.1737192860052068,6.386203075884421,2020-03,2020,03
MN0101,prism_tmax_us_30s_202003_avg_30y.tif,prism_vpdmax_us_30s_202003_avg_30y.tif,9.675420379638672,4.6754203796386715,7.026460266113281,0.7026460266113281,0.15009718911183467,6.649951550576078,2020-03,2020,03
MN0102,prism_tmax_us_30s_202003_avg_30y.tif,prism_vpdmax_us_30s_202003_avg_30y.tif,9.666386604309082,4.666386604309082,7.034124851226807,0.7034124851226806,0.14879169922618307,6.644316342439139,2020-03,2020,03
MN0191,prism_tmax_us_30s_202003_avg_30y.tif,prism_vpdmax_us_30s_202003_avg_30y.tif,9.717641830444336,4.717641830444336,7.0427500406901045,0.7042750040690104,0.15099148891270575,6.674242573004632,2020-03,2020,03
MN0201,prism_tmax_us_30s_202003_avg_30y.tif,prism_vpdmax_us_30s_202003_avg_30y.tif,9.63385009765625,4.63385009765625,7.01443354288737,0.701443354288737,0.14882191641280762,6.625880018521327,2020-03,2020,03
MN0202,prism_tmax_us_30s_202003_avg_30y.tif,prism_vpdmax_us_30s_202003_avg_30y.tif,9.613424301147461,4.613424301147461,7.004950046539307,0.7004950046539307,0.14855504194873081,6.614193710236461,2020-03,2020,03
MN0203,prism_tmax_us_30s_202003_avg_30y.tif,prism_vpdmax_us_30s_202003_avg_30y.tif,9.642400105794271,4.642400105794271,7.032655080159505,0.7032655080159504,0.1475088970572701,6.6302118565288595,2020-03,2020,03
MN0301,prism_tmax_us_30s_202003_avg_30y.tif,prism_vpdmax_us_30s_202003_avg_30y.tif,9.636665980021158,4.636665980021158,7.000866572062175,0.7000866572062174,0.15034626347619273,6.62807569221814,2020-03,2020,03
MN0302,prism_tmax_us_30s_202003_avg_30y.tif,prism_vpdmax_us_30s_202003_avg_30y.tif,9.62637220110212,4.62637220110212,6.993200029645648,0.6993200029645648,0.15050019557745697,6.622299614886842,2020-03,2020,03
MN0303,prism_tmax_us_30s_202003_avg_30y.tif,prism_vpdmax_us_30s_202003_avg_30y.tif,9.621430206298829,4.621430206298829,7.004599761962891,0.7004599761962891,0.14906619568335755,6.618933941874995,2020-03,2020,03
MN0401,prism_tmax_us_30s_202003_avg_30y.tif,prism_vpdmax_us_30s_202003_avg_30y.tif,9.611808141072592,4.611808141072592,7.039741516113281,0.7039741516113281,0.1449798076609402,6.6118722803989085,2020-03,2020,03
MN0402,prism_tmax_us_30s_202003_avg_30y.tif,prism_vpdmax_us_30s_202003_avg_30y.tif,9.584724426269531,4.584724426269531,7.061512470245361,0.7061512470245361,0.14119390095786355,6.5950279527712645,2020-03,2020,03
MN0501,prism_tmax_us_30s_202003_avg_30y.tif,prism_vpdmax_us_30s_202003_avg_30y.tif,9.590774536132812,4.5907745361328125,7.012912273406982,0.7012912273406983,0.1464130723685062,6.600509499428127,2020-03,2020,03
MN0502,prism_tmax_us_30s_202003_avg_30y.tif,prism_vpdmax_us_30s_202003_avg_30y.tif,9.521159362792968,4.521159362792968,7.013099670410156,0.7013099670410157,0.1422698821038697,6.559409422370433,2020-03,2020,03
MN0601,prism_tmax_us_30s_202003_avg_30y.tif,prism_vpdmax_us_30s_202003_avg_30y.tif,9.600099563598633,4.600099563598633,6.995224952697754,0.6995224952697754,0.1487356275281989,6.606709554179007,2020-03,2020,03
MN0602,prism_tmax_us_30s_202003_avg_30y.tif,prism_vpdmax_us_30s_202003_avg_30y.tif,9.602632522583008,4.602632522583008,7.021200180053711,0.702120018005371,0.14628859496508773,6.607184058125845,2020-03,2020,03
MN0603,prism_tmax_us_30s_202003_avg_30y.tif,prism_vpdmax_us_30s_202003_avg_30y.tif,9.56658935546875,4.56658935546875,7.007130432128906,0.7007130432128906,0.1455563592886321,6.586459813751214,2020-03,2020,03
MN0604,prism_tmax_us_30s_202003_avg_30y.tif,prism_vpdmax_us_30s_202003_avg_30y.tif,9.50766626993815,4.5076662699381504,7.007682800292969,0.7007682800292969,0.14201420243306606,6.551658356611126,2020-03,2020,03
MN0661,prism_tmax_us_30s_202003_avg_30y.tif,prism_vpdmax_us_30s_202003_avg_30y.tif,9.553699493408203,4.553699493408203,7.01639986038208,0.701639986038208,0.14386554147520647,6.578486770562208,2020-03,2020,03
MN0701,prism_tmax_us_30s_202003_avg_30y.tif,prism_vpdmax_us_30s_202003_avg_30y.tif,9.556677076551649,4.556677076551649,7.091044108072917,0.7091044108072917,0.1365775192761839,6.577310867480325,2020-03,2020,03
MN0702,prism_tmax_us_30s_202003_avg_30y.tif,prism_vpdmax_us_30s_202003_avg_30y.tif,9.521829986572266,4.521829986572266,7.097279357910156,0.7097279357910156,0.13389156083716625,6.556496985795481,2020-03,2020,03
MN0703,prism_tmax_us_30s_202003_avg_30y.tif,prism_vpdmax_us_30s_202003_avg_30y.tif,9.518500191824776,4.518500191824776,7.0823565891810825,0.7082356589181082,0.1351869954018452,6.555118097957573,2020-03,2020,03
MN0801,prism_tmax_us_30s_202003_avg_30y.tif,prism_vpdmax_us_30s_202003_avg_30y.tif,9.478282928466797,4.478282928466797,7.017333348592122,0.7017333348592122,0.1393150552539818,6.533937237155488,2020-03,2020,03
MN0802,prism_tmax_us_30s_202003_avg_30y.tif,prism_vpdmax_us_30s_202003_avg_30y.tif,9.477649688720703,4.477649688720703,7.040409851074219,0.7040409851074219,0.1369700682872882,6.532656610341542,2020-03,2020,03
MN0803,prism_tmax_us_30s_202003_avg_30y.tif,prism_vpdmax_us_30s_202003_avg_30y.tif,9.492600123087565,4.4926001230875645,7.053449630737305,0.7053449630737305,0.13654797954474396,6.540967625751733,2020-03,2020,03
MN0901,prism_tmax_us_30s_202003_avg_30y.tif,prism_vpdmax_us_30s_202003_avg_30y.tif,9.52287483215332,4.52287483215332,7.060949325561523,0.7060949325561523,0.13758633893792038,6.558541461033535,2020-03,2020,03
MN0902,prism_tmax_us_30s_202003_avg_30y.tif,prism_vpdmax_us_30s_202003_avg_30y.tif,9.515183766682943,4.515183766682943,7.026365915934245,0.7026365915934245,0.1405900510350926,6.55536108576602,2020-03,2020,03
MN0903,prism_tmax_us_30s_202003_avg_30y.tif,prism_vpdmax_us_30s_202003_avg_30y.tif,9.499316533406576,4.499316533406576,6.9937998453776045,0.6993799845377604,0.14290940799266194,6.547275871782645,2020-03,2020,03
MN1001,prism_tmax_us_30s_202003_avg_30y.tif,prism_vpdmax_us_30s_202003_avg_30y.tif,9.499833424886068,4.499833424886068,7.04151725769043,0.704151725769043,0.1381681841649942,6.545705648287242,2020-03,2020,03
MN1002,prism_tmax_us_30s_202003_avg_30y.tif,prism_vpdmax_us_30s_202003_avg_30y.tif,9.49158935546875,4.491589355468751,6.998689270019531,0.6998689270019531,0.1419643672322526,6.542523160873056,2020-03,2020,03
MN1101,prism_tmax_us_30s_202003_avg_30y.tif,prism_vpdmax_us_30s_202003_avg_30y.tif,9.501477559407553,4.501477559407553,7.061866760253906,0.7061866760253906,0.13623031051090928,6.545876288214869,2020-03,2020,03
MN1102,prism_tmax_us_30s_202003_avg_30y.tif,prism_vpdmax_us_30s_202003_avg_30y.tif,9.483945673162287,4.483945673162287,7.019245494495738,0.7019245494495738,0.13945778916489426,6.53720410782482,2020-03,2020,03
MN1191,prism_tmax_us_30s_202003_avg_30y.tif,prism_vpdmax_us_30s_202003_avg_30y.tif,9.466774940490723,4.466774940490723,7.010637283325195,0.7010637283325195,0.1393063624845916,6.527408791714684,2020-03,2020,03
MN1201,prism_tmax_us_30s_202003_avg_30y.tif,prism_vpdmax_us_30s_202003_avg_30y.tif,9.501966688368055,4.501966688368055,6.990255567762587,0.6990255567762587,0.14342031189108695,6.548979294877885,2020-03,2020,03
MN1202,prism_tmax_us_30s_202003_avg_30y.tif,prism_vpdmax_us_30s_202003_avg_30y.tif,9.516177707248264,4.516177707248264,6.993177625868055,0.6993177625868056,0.1439676209988554,6.557252035062316,2020-03,2020,03
MN1203,prism_tmax_us_30s_202003_avg_30y.tif,prism_vpdmax_us_30s_202003_avg_30y.tif,9.516185215541295,4.516185215541295,6.947328295026507,0.6947328295026507,0.14855299782983544,6.559058345359039,2020-03,2020,03
MN1291,prism_tmax_us_30s_202003_avg_30y.tif,prism_vpdmax_us_30s_202003_avg_30y.tif,9.491366068522135,4.491366068522135,6.969183603922526,0.6969183603922526,0.14490175752203316,6.543550951558209,2020-03,2020,03
MN1292,prism_tmax_us_30s_202003_avg_30y.tif,prism_vpdmax_us_30s_202003_avg_30y.tif,9.527086530412946,4.527086530412946,6.972357068743024,0.6972357068743025,0.14669461516854698,6.564509046505379,2020-03,2020,03
MN6491,prism_tmax_us_30s_202003_avg_30y.tif,prism_vpdmax_us_30s_202003_avg_30y.tif,9.485886637369791,4.485886637369791,7.058046468098959,0.7058046468098959,0.13569218301143404,6.536824751312166,2020-03,2020,03
QN0101,prism_tmax_us_30s_202003_avg_30y.tif,prism_vpdmax_us_30s_202003_avg_30y.tif,9.416980743408203,4.416980743408203,6.967243194580078,0.6967243194580078,0.14071637877795284,6.499729618372186,2020-03,2020,03
QN0102,prism_tmax_us_30s_202003_avg_30y.tif,prism_vpdmax_us_30s_202003_avg_30y.tif,9.482320404052734,4.482320404052734,7.02261962890625,0.702261962890625,0.1390245169199098,6.536112304247425,2020-03,2020,03
QN0103,prism_tmax_us_30s_202003_avg_30y.tif,prism_vpdmax_us_30s_202003_avg_30y.tif,9.45605010986328,4.4560501098632805,6.975789642333984,0.6975789642333984,0.14215942224982503,6.5224490652366605,2020-03,2020,03
QN0104,prism_tmax_us_30s_202003_avg_30y.tif,prism_vpdmax_us_30s_202003_avg_30y.tif,9.419863614169033,4.419863614169033,6.9354636452414775,0.6935463645241478,0.14406368703385408,6.502679698238147,2020-03,2020,03
QN0105,prism_tmax_us_30s_202003_avg_30y.tif,prism_vpdmax_us_30s_202003_avg_30y.tif,9.459372780539773,4.459372780539773,6.973817998712713,0.6973817998712712,0.1425522507800837,6.524487401122624,2020-03,2020,03
QN0151,prism_tmax_us_30s_202003_avg_30y.tif,prism_vpdmax_us_30s_202003_avg_30y.tif,9.321121215820312,4.3211212158203125,6.853166792127821,0.685316679212782,0.14650995236991649,6.447654140651494,2020-03,2020,03
QN0161,prism_tmax_us_30s_202003_avg_30y.tif,prism_vpdmax_us_30s_202003_avg_30y.tif,9.418773651123047,4.418773651123047,6.917374610900879,0.6917374610900879,0.14580855738577714,6.502747423239377,2020-03,2020,03
QN0171,prism_tmax_us_30s_202003_avg_30y.tif,prism_vpdmax_us_30s_202003_avg_30y.tif,9.394966125488281,4.394966125488281,6.937232971191406,0.6937232971191406,0.14242515501211195,6.487918879071615,2020-03,2020,03
QN0191,prism_tmax_us_30s_202003_avg_30y.tif,prism_vpdmax_us_30s_202003_avg_30y.tif,9.468524932861328,4.468524932861328,7.011199474334717,0.7011199474334717,0.13935325962720002,6.528419467965863,2020-03,2020,03
QN0201,prism_tmax_us_30s_202003_avg_30y.tif,prism_vpdmax_us_30s_202003_avg_30y.tif,9.484288787841797,4.4842887878417965,6.965119171142578,0.6965119171142578,0.144890659726703,6.539533771978893,2020-03,2020,03
QN0202,prism_tmax_us_30s_202003_avg_30y.tif,prism_vpdmax_us_30s_202003_avg_30y.tif,9.415211147732204,4.4152111477322045,6.880494011773004,0.6880494011773004,0.14928735768576973,6.502094652334668,2020-03,2020,03
QN0203,prism_tmax_us_30s_202003_avg_30y.tif,prism_vpdmax_us_30s_202003_avg_30y.tif,9.374827991832387,4.374827991832387,6.862591136585582,0.6862591136585582,0.14870878166202695,6.478970022562139,2020-03,2020,03
QN0261,prism_tmax_us_30s_202003_avg_30y.tif,prism_vpdmax_us_30s_202003_avg_30y.tif,9.429999215262276,4.429999215262276,6.920543125697544,0.6920543125697545,0.14615139146175915,6.509247051898182,2020-03,2020,03
QN0271,prism_tmax_us_30s_202003_avg_30y.tif,prism_vpdmax_us_30s_202003_avg_30y.tif,9.368128095354352,4.368128095354352,6.8268280029296875,0.6826828002929688,0.1518926534002416,6.476422442852213,2020-03,2020,03
QN0301,prism_tmax_us_30s_202003_avg_30y.tif,prism_vpdmax_us_30s_202003_avg_30y.tif,9.378691991170248,4.378691991170248,6.91273307800293,0.691273307800293,0.14392099250791002,6.479279309049138,2020-03,2020,03
QN0302,prism_tmax_us_30s_202003_avg_30y.tif,prism_vpdmax_us_30s_202003_avg_30y.tif,9.35465448552912,4.354654485529119,6.893826571377841,0.6893826571377841,0.14440408208012434,6.465839897552499,2020-03,2020,03
QN0303,prism_tmax_us_30s_202003_avg_30y.tif,prism_vpdmax_us_30s_202003_avg_30y.tif,9.353837966918945,4.353837966918945,6.8500871658325195,0.6850087165832519,0.14873024662841006,6.467077114168006,2020-03,2020,03
QN0401,prism_tmax_us_30s_202003_avg_30y.tif,prism_vpdmax_us_30s_202003_avg_30y.tif,9.369022662823017,4.369022662823017,6.854761563814604,0.6854761563814604,0.1491516865460062,6.475852462633231,2020-03,2020,03
QN0402,prism_tmax_us_30s_202003_avg_30y.tif,prism_vpdmax_us_30s_202003_avg_30y.tif,9.351855807834202,4.351855807834202,6.813266330295139,0.6813266330295139,0.15229636045291772,6.467354712699989,2020-03,2020,03
QN0501,prism_tmax_us_30s_202003_avg_30y.tif,prism_vpdmax_us_30s_202003_avg_30y.tif,9.34841251373291,4.34841251373291,6.793087005615234,0.6793087005615235,0.15411287072547164,6.466116253481671,2020-03,2020,03
QN0502,prism_tmax_us_30s_202003_avg_30y.tif,prism_vpdmax_us_30s_202003_avg_30y.tif,9.39572951372932,4.39572951372932,6.800535314223346,0.6800535314223346,0.156139701728654,6.493741537063885,2020-03,2020,03
QN0503,prism_tmax_us_30s_202003_avg_30y.tif,prism_vpdmax_us_30s_202003_avg_30y.tif,9.532180786132812,4.5321807861328125,6.914805889129639,0.6914805889129638,0.15275105863535476,6.569777671780999,2020-03,2020,03
QN0504,prism_tmax_us_30s_202003_avg_30y.tif,prism_vpdmax_us_30s_202003_avg_30y.tif,9.418745774489183,4.418745774489183,6.850484407865084,0.6850484407865084,0.15249594005120903,6.505359758575492,2020-03,2020,03
QN0571,prism_tmax_us_30s_202003_avg_30y.tif,prism_vpdmax_us_30s_202003_avg_30y.tif,9.396543230329241,4.396543230329241,6.816785539899554,0.6816785539899554,0.15456241481537736,6.493583040619123,2020-03,2020,03
QN0572,prism_tmax_us_30s_202003_avg_30y.tif,prism_vpdmax_us_30s_202003_avg_30y.tif,9.440849304199219,4.440849304199219,6.850399971008301,0.6850399971008301,0.15380376269296125,6.5184064342192904,2020-03,2020,03
QN0573,prism_tmax_us_30s_202003_avg_30y.tif,prism_vpdmax_us_30s_202003_avg_30y.tif,9.46816635131836,4.468166351318359,6.87643305460612,0.687643305460612,0.15280877169507778,6.533504168473675,2020-03,2020,03
QN0574,prism_tmax_us_30s_202003_avg_30y.tif,prism_vpdmax_us_30s_202003_avg_30y.tif,9.592898686726889,4.592898686726889,6.949016571044922,0.6949016571044921,0.15292877006411576,6.604274562009343,2020-03,2020,03
QN0601,prism_tmax_us_30s_202003_avg_30y.tif,prism_vpdmax_us_30s_202003_avg_30y.tif,9.429589165581596,4.429589165581596,6.86536619398329,0.686536619398329,0.15164497944333222,6.511173533805994,2020-03,2020,03
QN0602,prism_tmax_us_30s_202003_avg_30y.tif,prism_vpdmax_us_30s_202003_avg_30y.tif,9.438655853271484,4.438655853271484,6.843262672424316,0.6843262672424316,0.154388468840571,6.517392537059276,2020-03,2020,03
QN0701,prism_tmax_us_30s_202003_avg_30y.tif,prism_vpdmax_us_30s_202003_avg_30y.tif,9.275986411354758,4.275986411354758,6.731844815340909,0.6731844815340909,0.15601031987593317,6.425796350949389,2020-03,2020,03
QN0702,prism_tmax_us_30s_202003_avg_30y.tif,prism_vpdmax_us_30s_202003_avg_30y.tif,9.330693862017464,4.330693862017464,6.721211601706112,0.6721211601706112,0.16026460274146237,6.458487408641297,2020-03,2020,03
QN0703,prism_tmax_us_30s_202003_avg_30y.tif,prism_vpdmax_us_30s_202003_avg_30y.tif,9.340830876277042,4.3408308762770424,6.706091660719651,0.6706091660719651,0.16236905388180523,6.465062145024632,2020-03,2020,03
QN0704,prism_tmax_us_30s_202003_avg_30y.tif,prism_vpdmax_us_30s_202003_avg_30y.tif,9.456994307668586,4.456994307668586,6.852115028782895,0.6852115028782895,0.15458248107711758,6.527866687511395,2020-03,2020,03
QN0705,prism_tmax_us_30s_202003_avg_30y.tif,prism_vpdmax_us_30s_202003_avg_30y.tif,9.426111857096354,4.426111857096354,6.8117552863226996,0.6811755286322699,0.1568016776505945,6.511228482290315,2020-03,2020,03
QN0706,prism_tmax_us_30s_202003_avg_30y.tif,prism_vpdmax_us_30s_202003_avg_30y.tif,9.3964599609375,4.3964599609375,6.796659851074219,0.6796659851074219,0.15657009869404814,6.494324846638323,2020-03,2020,03
QN0707,prism_tmax_us_30s_202003_avg_30y.tif,prism_vpdmax_us_30s_202003_avg_30y.tif,9.346454326923077,4.346454326923077,6.7817840576171875,0.6781784057617187,0.15512863672324229,6.465405157597619,2020-03,2020,03
QN0761,prism_tmax_us_30s_202003_avg_30y.tif,prism_vpdmax_us_30s_202003_avg_30y.tif,9.148700714111328,4.148700714111328,6.490633010864258,0.6490633010864257,0.1727489386690244,6.360203637798049,2020-03,2020,03
QN0791,prism_tmax_us_30s_202003_avg_30y.tif,prism_vpdmax_us_30s_202003_avg_30y.tif,9.38591194152832,4.38591194152832,6.767449855804443,0.6767449855804444,0.15887250153021226,6.489248963947931,2020-03,2020,03
QN0801,prism_tmax_us_30s_202003_avg_30y.tif,prism_vpdmax_us_30s_202003_avg_30y.tif,9.478315989176432,4.478315989176432,6.859008153279622,0.6859008153279622,0.15514952413197547,6.5401789288469026,2020-03,2020,03
QN0802,prism_tmax_us_30s_202003_avg_30y.tif,prism_vpdmax_us_30s_202003_avg_30y.tif,9.527670724051339,4.5276707240513385,6.895828792027065,0.6895828792027066,0.15438199310999323,6.567861423829337,2020-03,2020,03
QN0803,prism_tmax_us_30s_202003_avg_30y.tif,prism_vpdmax_us_30s_202003_avg_30y.tif,9.459766387939453,4.459766387939453,6.823375066121419,0.6823375066121419,0.15761972530590196,6.530632094006889,2020-03,2020,03
QN0804,prism_tmax_us_30s_202003_avg_30y.tif,prism_vpdmax_us_30s_202003_avg_30y.tif,9.620292663574219,4.620292663574219,6.964643205915179,0.6964643205915179,0.15299418527031539,6.619832655057816,2020-03,2020,03
QN0805,prism_tmax_us_30s_202003_avg_30y.tif,prism_vpdmax_us_30s_202003_avg_30y.tif,9.611032485961914,4.611032485961914,6.959849675496419,0.6959849675496419,0.15292287925805148,6.614554111088819,2020-03,2020,03
QN0871,prism_tmax_us_30s_202003_avg_30y.tif,prism_vpdmax_us_30s_202003_avg_30y.tif,9.425899505615234,4.425899505615234,6.828474521636963,0.6828474521636962,0.15511727374545003,6.5104461082658,2020-03,2020,03
QN0891,prism_tmax_us_30s_202003_avg_30y.tif,prism_vpdmax_us_30s_202003_avg_30y.tif,9.658743964301216,4.658743964301216,6.996233198377821,0.6996233198377821,0.1521250746953512,6.641292982114063,2020-03,2020,03
QN0901,prism_tmax_us_30s_202003_avg_30y.tif,prism_vpdmax_us_30s_202003_avg_30y.tif,9.536977979871962,4.536977979871962,6.901966094970703,0.6901966094970703,0.15431887907221398,6.573113834062783,2020-03,2020,03
QN0902,prism_tmax_us_30s_202003_avg_30y.tif,prism_vpdmax_us_30s_202003_avg_30y.tif,9.472944779829545,4.472944779829545,6.838327581232244,0.6838327581232244,0.15690093291304164,6.537821756798177,2020-03,2020,03
QN0903,prism_tmax_us_30s_202003_avg_30y.tif,prism_vpdmax_us_30s_202003_avg_30y.tif,9.402899848090279,4.402899848090279,6.759310404459636,0.6759310404459635,0.16068291403114898,6.49959259908143,2020-03,2020,03
QN0904,prism_tmax_us_30s_202003_avg_30y.tif,prism_vpdmax_us_30s_202003_avg_30y.tif,9.341087341308594,4.341087341308594,6.7104997634887695,0.671049976348877,0.16194323750755546,6.465040214862442,2020-03,2020,03
QN0905,prism_tmax_us_30s_202003_avg_30y.tif,prism_vpdmax_us_30s_202003_avg_30y.tif,9.447429656982422,4.447429656982422,6.818190002441407,0.6818190002441407,0.1574119357287922,6.523555506250448,2020-03,2020,03
QN1001,prism_tmax_us_30s_202003_avg_30y.tif,prism_vpdmax_us_30s_202003_avg_30y.tif,9.353369903564452,4.353369903564452,6.677559661865234,0.6677559661865234,0.16595561086591826,6.473581290391349,2020-03,2020,03
QN1002,prism_tmax_us_30s_202003_avg_30y.tif,prism_vpdmax_us_30s_202003_avg_30y.tif,9.277667363484701,4.277667363484701,6.6255747477213545,0.6625574747721354,0.16673521184856133,6.4309643333523105,2020-03,2020,03
QN1003,prism_tmax_us_30s_202003_avg_30y.tif,prism_vpdmax_us_30s_202003_avg_30y.tif,9.221837997436523,4.221837997436523,6.523693084716797,0.6523693084716797,0.17367776929663137,6.402037507880085,2020-03,2020,03
QN1091,prism_tmax_us_30s_202003_avg_30y.tif,prism_vpdmax_us_30s_202003_avg_30y.tif,9.190255906846788,4.190255906846788,6.4726439581976996,0.6472643958197699,0.17695164143774433,6.385417094267162,2020-03,2020,03
QN1101,prism_tmax_us_30s_202003_avg_30y.tif,prism_vpdmax_us_30s_202003_avg_30y.tif,9.48122501373291,4.48122501373291,6.839300155639648,0.6839300155639648,0.15729186326837896,6.542670285051033,2020-03,2020,03
QN1102,prism_tmax_us_30s_202003_avg_30y.tif,prism_vpdmax_us_30s_202003_avg_30y.tif,9.458936189350329,4.458936189350329,6.801941721062911,0.6801941721062911,0.15971416643448555,6.5309844867703895,2020-03,2020,03
QN1103,prism_tmax_us_30s_202003_avg_30y.tif,prism_vpdmax_us_30s_202003_avg_30y.tif,9.621114349365234,4.621114349365234,6.955545043945312,0.6955545043945313,0.15395287845617778,6.620675317323365,2020-03,2020,03
QN1104,prism_tmax_us_30s_202003_avg_30y.tif,prism_vpdmax_us_30s_202003_avg_30y.tif,9.716657366071429,4.716657366071429,7.04750006539481,0.7047500065394809,0.1504575770832377,6.673474554356212,2020-03,2020,03
QN1191,prism_tmax_us_30s_202003_avg_30y.tif,prism_vpdmax_us_30s_202003_avg_30y.tif,9.599650065104166,4.599650065104166,6.931866963704427,0.6931866963704427,0.1550447229254709,6.608934163023772,2020-03,2020,03
QN1201,prism_tmax_us_30s_202003_avg_30y.tif,prism_vpdmax_us_30s_202003_avg_30y.tif,9.480870863970589,4.480870863970589,6.823699951171875,0.6823699951171875,0.15883099856088778,6.543074362305752,2020-03,2020,03
QN1202,prism_tmax_us_30s_202003_avg_30y.tif,prism_vpdmax_us_30s_202003_avg_30y.tif,9.371685573032924,4.371685573032924,6.713671003069196,0.6713671003069196,0.16341670982411016,6.482968486870543,2020-03,2020,03
QN1203,prism_tmax_us_30s_202003_avg_30y.tif,prism_vpdmax_us_30s_202003_avg_30y.tif,9.31025505065918,4.31025505065918,6.63179349899292,0.663179349899292,0.16801299833875705,6.449943722070886,2020-03,2020,03
QN1204,prism_tmax_us_30s_202003_avg_30y.tif,prism_vpdmax_us_30s_202003_avg_30y.tif,9.275276770958534,4.275276770958534,6.5892768272986775,0.6589276827298678,0.17022579795756054,6.430980667730809,2020-03,2020,03
QN1205,prism_tmax_us_30s_202003_avg_30y.tif,prism_vpdmax_us_30s_202003_avg_30y.tif,9.38688327955163,4.386883279551631,6.717551189920177,0.6717551189920177,0.1639193161042628,6.491783110734749,2020-03,2020,03
QN1206,prism_tmax_us_30s_202003_avg_30y.tif,prism_vpdmax_us_30s_202003_avg_30y.tif,9.562449645996093,4.562449645996093,6.896050262451172,0.6896050262451172,0.15641898376134322,6.588381609897992,2020-03,2020,03
QN1301,prism_tmax_us_30s_202003_avg_30y.tif,prism_vpdmax_us_30s_202003_avg_30y.tif,9.784814017159599,4.784814017159599,7.126128060477121,0.712612806047712,0.1466816652835634,6.710635442185932,2020-03,2020,03
QN1302,prism_tmax_us_30s_202003_avg_30y.tif,prism_vpdmax_us_30s_202003_avg_30y.tif,9.731027391221788,4.731027391221788,7.065116458468967,0.7065116458468967,0.1495561808385425,6.681268109892301,2020-03,2020,03
QN1303,prism_tmax_us_30s_202003_avg_30y.tif,prism_vpdmax_us_30s_202003_avg_30y.tif,9.597940063476562,4.597940063476562,6.927664947509766,0.6927664947509766,0.15536334470158586,6.608089810458933,2020-03,2020,03
QN1304,prism_tmax_us_30s_202003_avg_30y.tif,prism_vpdmax_us_30s_202003_avg_30y.tif,9.440562855113637,4.440562855113637,6.769699790261009,0.6769699790261009,0.16185693019523384,6.521408912416158,2020-03,2020,03
QN1305,prism_tmax_us_30s_202003_avg_30y.tif,prism_vpdmax_us_30s_202003_avg_30y.tif,9.28359858194987,4.283598581949869,6.6157582600911455,0.6615758260091146,0.16806232878695404,6.434848891178849,2020-03,2020,03
QN1306,prism_tmax_us_30s_202003_avg_30y.tif,prism_vpdmax_us_30s_202003_avg_30y.tif,9.205431486430921,4.205431486430921,6.5248156095805925,0.6524815609580592,0.1726138662313459,6.392316902235251,2020-03,2020,03
QN1307,prism_tmax_us_30s_202003_avg_30y.tif,prism_vpdmax_us_30s_202003_avg_30y.tif,9.170227898491753,4.170227898491753,6.507122039794922,0.6507122039794921,0.17234452193206828,6.372250615564127,2020-03,2020,03
QN1371,prism_tmax_us_30s_202003_avg_30y.tif,prism_vpdmax_us_30s_202003_avg_30y.tif,9.386959838867188,4.386959838867188,6.718820190429687,0.6718820190429687,0.1637969047483535,6.491778412203798,2020-03,2020,03
QN1401,prism_tmax_us_30s_202003_avg_30y.tif,prism_vpdmax_us_30s_202003_avg_30y.tif,8.953722785500918,3.9537227855009185,6.266276191262638,0.6266276191262639,0.1839883364439997,6.254068235601512,2020-03,2020,03
QN1402,prism_tmax_us_30s_202003_avg_30y.tif,prism_vpdmax_us_30s_202003_avg_30y.tif,8.90592787000868,3.9059278700086804,6.169472164577908,0.6169472164577907,0.1909448199438154,6.229702416532841,2020-03,2020,03
QN1403,prism_tmax_us_30s_202003_avg_30y.tif,prism_vpdmax_us_30s_202003_avg_30y.tif,8.953680250379774,3.953680250379774,6.167727576361762,0.6167727576361762,0.19384077018233337,6.2579161246469885,2020-03,2020,03
QN1491,prism_tmax_us_30s_202003_avg_30y.tif,prism_vpdmax_us_30s_202003_avg_30y.tif,8.995159912109376,3.9951599121093757,6.281739807128906,0.6281739807128905,0.18481010640987217,6.277886041985095,2020-03,2020,03
QN8081,prism_tmax_us_30s_202003_avg_30y.tif,prism_vpdmax_us_30s_202003_avg_30y.tif,9.330277076134315,4.3302770761343155,6.879038297213041,0.6879038297213041,0.14445758212832505,6.452038931944589,2020-03,2020,03
QN8191,prism_tmax_us_30s_202003_avg_30y.tif,prism_vpdmax_us_30s_202003_avg_30y.tif,9.358804321289062,4.358804321289062,6.79093017578125,0.679093017578125,0.1549365734924092,6.472332123553414,2020-03,2020,03
QN8291,prism_tmax_us_30s_202003_avg_30y.tif,prism_vpdmax_us_30s_202003_avg_30y.tif,9.574900054931641,4.574900054931641,6.949530029296875,0.6949530029296875,0.15180922832117238,6.593629357876461,2020-03,2020,03
QN8381,prism_tmax_us_30s_202003_avg_30y.tif,prism_vpdmax_us_30s_202003_avg_30y.tif,9.192452112833658,4.192452112833658,6.503918329874675,0.6503918329874675,0.17395141816445314,6.3854832553153145,2020-03,2020,03
QN8491,prism_tmax_us_30s_202003_avg_30y.tif,prism_vpdmax_us_30s_202003_avg_30y.tif,9.066769986539274,4.066769986539274,6.33746997730152,0.633746997730152,0.18334399579612248,6.317912772715644,2020-03,2020,03
QN8492,prism_tmax_us_30s_202003_avg_30y.tif,prism_vpdmax_us_30s_202003_avg_30y.tif,8.927230171535326,3.927230171535326,6.1252308721127715,0.6125230872112771,0.1965820069172829,6.243996235979022,2020-03,2020,03
SI0101,prism_tmax_us_30s_202003_avg_30y.tif,prism_vpdmax_us_30s_202003_avg_30y.tif,9.869059753417968,4.869059753417968,7.222140502929688,0.7222140502929688,0.14215585590426483,6.756624131558364,2020-03,2020,03
SI0102,prism_tmax_us_30s_202003_avg_30y.tif,prism_vpdmax_us_30s_202003_avg_30y.tif,9.809454484419389,4.809454484419389,7.141399730335582,0.7141399730335583,0.14663625163044502,6.724588739556558,2020-03,2020,03
SI0103,prism_tmax_us_30s_202003_avg_30y.tif,prism_vpdmax_us_30s_202003_avg_30y.tif,9.855208176832933,4.855208176832933,7.166615412785457,0.7166615412785456,0.14687205688344362,6.7506237546194665,2020-03,2020,03
SI0104,prism_tmax_us_30s_202003_avg_30y.tif,prism_vpdmax_us_30s_202003_avg_30y.tif,9.988260020380435,4.9882600203804355,7.361025602921195,0.7361025602921195,0.13549379676396522,6.821592493683944,2020-03,2020,03
SI0105,prism_tmax_us_30s_202003_avg_30y.tif,prism_vpdmax_us_30s_202003_avg_30y.tif,9.97902352469308,4.97902352469308,7.362471080961681,0.7362471080961681,0.1347873936216989,6.816077784194303,2020-03,2020,03
SI0106,prism_tmax_us_30s_202003_avg_30y.tif,prism_vpdmax_us_30s_202003_avg_30y.tif,9.96676048865685,4.966760488656851,7.366337702824519,0.7366337702824519,0.1336552653645966,6.808679716356721,2020-03,2020,03
SI0107,prism_tmax_us_30s_202003_avg_30y.tif,prism_vpdmax_us_30s_202003_avg_30y.tif,10.059795532226563,5.059795532226563,7.47222412109375,0.747222412109375,0.12873627763109596,6.859497423881481,2020-03,2020,03
SI0191,prism_tmax_us_30s_202003_avg_30y.tif,prism_vpdmax_us_30s_202003_avg_30y.tif,9.928350448608398,4.928350448608398,7.305749893188477,0.7305749893188477,0.13738275145518608,6.788366125682849,2020-03,2020,03
SI0201,prism_tmax_us_30s_202003_avg_30y.tif,prism_vpdmax_us_30s_202003_avg_30y.tif,9.779082588527514,4.779082588527514,7.081369814665421,0.7081369814665421,0.15081315330139777,6.709009396942549,2020-03,2020,03
SI0202,prism_tmax_us_30s_202003_avg_30y.tif,prism_vpdmax_us_30s_202003_avg_30y.tif,9.626145172119141,4.626145172119141,6.930609893798828,0.6930609893798828,0.15674569998307797,6.624625372684903,2020-03,2020,03
SI0203,prism_tmax_us_30s_202003_avg_30y.tif,prism_vpdmax_us_30s_202003_avg_30y.tif,9.917965201444405,4.917965201444405,7.291455645893896,0.7291455645893896,0.13818279078792384,6.782792105998631,2020-03,2020,03
SI0204,prism_tmax_us_30s_202003_avg_30y.tif,prism_vpdmax_us_30s_202003_avg_30y.tif,10.019518534342447,5.019518534342447,7.4101517995198565,0.7410151799519856,0.1324850016599679,6.838133614624535,2020-03,2020,03
SI0291,prism_tmax_us_30s_202003_avg_30y.tif,prism_vpdmax_us_30s_202003_avg_30y.tif,9.933162144252233,4.933162144252233,7.306418282645089,0.730641828264509,0.13760765602637182,6.7911827446093795,2020-03,2020,03
SI0301,prism_tmax_us_30s_202003_avg_30y.tif,prism_vpdmax_us_30s_202003_avg_30y.tif,9.715321858723959,4.715321858723959,7.031616634792751,0.7031616634792751,0.1519660104453454,6.673310136001505,2020-03,2020,03
SI0302,prism_tmax_us_30s_202003_avg_30y.tif,prism_vpdmax_us_30s_202003_avg_30y.tif,9.859019312365302,4.859019312365302,7.186672342234645,0.7186672342234645,0.14509639531795693,6.752086833471083,2020-03,2020,03
SI0303,prism_tmax_us_30s_202003_avg_30y.tif,prism_vpdmax_us_30s_202003_avg_30y.tif,10.015534210205079,5.015534210205079,7.397685241699219,0.7397685241699219,0.133488785301615,6.836268989809814,2020-03,2020,03
SI0304,prism_tmax_us_30s_202003_avg_30y.tif,prism_vpdmax_us_30s_202003_avg_30y.tif,9.947626410590278,4.947626410590278,7.294255913628472,0.7294255913628472,0.13970141341493147,6.800206830276755,2020-03,2020,03
SI0305,prism_tmax_us_30s_202003_avg_30y.tif,prism_vpdmax_us_30s_202003_avg_30y.tif,10.112902092211174,5.112902092211174,7.467445142341383,0.7467445142341382,0.13246512497826513,6.891074280400193,2020-03,2020,03
SI0391,prism_tmax_us_30s_202003_avg_30y.tif,prism_vpdmax_us_30s_202003_avg_30y.tif,9.96220703125,4.962207031249999,7.34237314860026,0.7342373148600261,0.13577506081676993,6.80693098561974,2020-03,2020,03
SI9561,prism_tmax_us_30s_202003_avg_30y.tif,prism_vpdmax_us_30s_202003_avg_30y.tif,9.70481436593192,4.70481436593192,6.991428375244141,0.6991428375244141,0.1553563532663158,6.668684792317061,2020-03,2020,03
SI9591,prism_tmax_us_30s_202003_avg_30y.tif,prism_vpdmax_us_30s_202003_avg_30y.tif,9.265699768066407,4.265699768066407,6.5043800354003904,0.650438003540039,0.17815800800634196,6.428667865640145,2020-03,2020,03
SI9592,prism_tmax_us_30s_202003_avg_30y.tif,prism_vpdmax_us_30s_202003_avg_30y.tif,9.523649215698242,4.523649215698242,6.808487415313721,0.6808487415313721,0.16287831675659692,6.568920283786246,2020-03,2020,03
SI9593,prism_tmax_us_30s_202003_avg_30y.tif,prism_vpdmax_us_30s_202003_avg_30y.tif,9.574891408284506,4.574891408284506,6.875549952189128,0.6875549952189128,0.15920672314981588,6.596531670695192,2020-03,2020,03
BK0101,prism_tmax_us_30s_202004_avg_30y.tif,prism_vpdmax_us_30s_202004_avg_30y.tif,15.894032796223959,10.894032796223959,11.19137446085612,1.1191374460856118,0.18435874281198283,10.189369581384092,2020-04,2020,04
BK0102,prism_tmax_us_30s_202004_avg_30y.tif,prism_vpdmax_us_30s_202004_avg_30y.tif,15.975843641493055,10.975843641493055,11.244155883789062,1.1244155883789062,0.1861921943309932,10.236476877098642,2020-04,2020,04
BK0103,prism_tmax_us_30s_202004_avg_30y.tif,prism_vpdmax_us_30s_202004_avg_30y.tif,15.95467049734933,10.95467049734933,11.187385559082031,1.118738555908203,0.19002544037895763,10.225978170066,2020-04,2020,04
BK0104,prism_tmax_us_30s_202004_avg_30y.tif,prism_vpdmax_us_30s_202004_avg_30y.tif,15.849660237630209,10.849660237630209,11.071626790364583,1.1071626790364584,0.19249052822889134,10.167406132330283,2020-04,2020,04
BK0201,prism_tmax_us_30s_202004_avg_30y.tif,prism_vpdmax_us_30s_202004_avg_30y.tif,16.04745101928711,11.04745101928711,11.333574295043945,1.1333574295043944,0.1835029485032713,10.276021386697575,2020-04,2020,04
BK0202,prism_tmax_us_30s_202004_avg_30y.tif,prism_vpdmax_us_30s_202004_avg_30y.tif,16.019320678710937,11.019320678710937,11.278878784179687,1.1278878784179687,0.18651310216761874,10.261254473980975,2020-04,2020,04
BK0203,prism_tmax_us_30s_202004_avg_30y.tif,prism_vpdmax_us_30s_202004_avg_30y.tif,15.981321546766493,10.981321546766493,11.214488559299046,1.1214488559299045,0.18963632182444323,10.240936391493607,2020-04,2020,04
BK0204,prism_tmax_us_30s_202004_avg_30y.tif,prism_vpdmax_us_30s_202004_avg_30y.tif,15.913200378417969,10.913200378417969,11.120950063069662,1.1120950063069661,0.1930643190247201,10.203658891939703,2020-04,2020,04
BK0261,prism_tmax_us_30s_202004_avg_30y.tif,prism_vpdmax_us_30s_202004_avg_30y.tif,15.983614240373884,10.983614240373884,11.232342311314174,1.1232342311314174,0.18805079839085392,10.241613238059598,2020-04,2020,04
BK0301,prism_tmax_us_30s_202004_avg_30y.tif,prism_vpdmax_us_30s_202004_avg_30y.tif,15.899290720621744,10.899290720621744,11.08400853474935,1.108400853474935,0.19555137051774119,10.196749527206,2020-04,2020,04
BK0302,prism_tmax_us_30s_202004_avg_30y.tif,prism_vpdmax_us_30s_202004_avg_30y.tif,15.829249790736608,10.829249790736608,10.982699802943639,1.0982699802943638,0.19961888213810752,10.158634852027932,2020-04,2020,04
BK0401,prism_tmax_us_30s_202004_avg_30y.tif,prism_vpdmax_us_30s_202004_avg_30y.tif,15.807060241699219,10.807060241699219,10.978600311279298,1.0978600311279298,0.19811308386028603,10.145461599000548,2020-04,2020,04
BK0402,prism_tmax_us_30s_202004_avg_30y.tif,prism_vpdmax_us_30s_202004_avg_30y.tif,15.777369689941406,10.777369689941406,10.923519897460938,1.0923519897460938,0.20106166221748278,10.129785847448247,2020-04,2020,04
BK0471,prism_tmax_us_30s_202004_avg_30y.tif,prism_vpdmax_us_30s_202004_avg_30y.tif,15.778149604797363,10.778149604797363,10.917098999023438,1.0917098999023438,0.20177092747104197,10.130506800416224,2020-04,2020,04
BK0501,prism_tmax_us_30s_202004_avg_30y.tif,prism_vpdmax_us_30s_202004_avg_30y.tif,15.600921630859375,10.600921630859375,10.68753890991211,1.068753890991211,0.20954057711664276,10.033072011504105,2020-04,2020,04
BK0502,prism_tmax_us_30s_202004_avg_30y.tif,prism_vpdmax_us_30s_202004_avg_30y.tif,15.458509826660157,10.458509826660157,10.463848876953126,1.0463848876953126,0.2198203547329829,9.95636447112637,2020-04,2020,04
BK0503,prism_tmax_us_30s_202004_avg_30y.tif,prism_vpdmax_us_30s_202004_avg_30y.tif,15.320511817932129,10.320511817932129,10.19618034362793,1.019618034362793,0.23496866614342649,9.884072886561883,2020-04,2020,04
BK0504,prism_tmax_us_30s_202004_avg_30y.tif,prism_vpdmax_us_30s_202004_avg_30y.tif,15.161381114612926,10.161381114612926,9.934899070046164,0.9934899070046164,0.2478154590160262,9.798894567378827,2020-04,2020,04
BK0505,prism_tmax_us_30s_202004_avg_30y.tif,prism_vpdmax_us_30s_202004_avg_30y.tif,15.2827392578125,10.2827392578125,10.192658996582031,1.0192658996582031,0.2321569790301483,9.861550851938535,2020-04,2020,04
BK0571,prism_tmax_us_30s_202004_avg_30y.tif,prism_vpdmax_us_30s_202004_avg_30y.tif,15.669532775878906,10.669532775878906,10.79854965209961,1.079854965209961,0.20429997799864452,10.069914975276806,2020-04,2020,04
BK0601,prism_tmax_us_30s_202004_avg_30y.tif,prism_vpdmax_us_30s_202004_avg_30y.tif,16.020046458524817,11.020046458524817,11.260399313534007,1.1260399313534006,0.18842445240878725,10.262417151780225,2020-04,2020,04
BK0602,prism_tmax_us_30s_202004_avg_30y.tif,prism_vpdmax_us_30s_202004_avg_30y.tif,15.995308615944602,10.995308615944602,11.214608625932174,1.1214608625932174,0.19084397035598188,10.24934166559049,2020-04,2020,04
BK0701,prism_tmax_us_30s_202004_avg_30y.tif,prism_vpdmax_us_30s_202004_avg_30y.tif,15.966728210449219,10.966728210449219,11.147527422223773,1.1147527422223773,0.195060976602903,10.234793859129647,2020-04,2020,04
BK0702,prism_tmax_us_30s_202004_avg_30y.tif,prism_vpdmax_us_30s_202004_avg_30y.tif,15.978168688322368,10.978168688322368,11.145152844880757,1.1145152844880757,0.19629510552224105,10.241765622749023,2020-04,2020,04
BK0703,prism_tmax_us_30s_202004_avg_30y.tif,prism_vpdmax_us_30s_202004_avg_30y.tif,15.923662185668945,10.923662185668945,11.055424690246582,1.1055424690246582,0.20052539490637322,10.212522939472496,2020-04,2020,04
BK0771,prism_tmax_us_30s_202004_avg_30y.tif,prism_vpdmax_us_30s_202004_avg_30y.tif,15.927661895751953,10.927661895751953,11.070237159729004,1.1070237159729004,0.19939164310631985,10.21434521063214,2020-04,2020,04
BK0801,prism_tmax_us_30s_202004_avg_30y.tif,prism_vpdmax_us_30s_202004_avg_30y.tif,15.92141596476237,10.92141596476237,11.124099731445312,1.1124099731445312,0.19346277454795668,10.20847372241761,2020-04,2020,04
BK0802,prism_tmax_us_30s_202004_avg_30y.tif,prism_vpdmax_us_30s_202004_avg_30y.tif,15.892965952555338,10.892965952555338,11.071483612060547,1.1071483612060546,0.1962553143412502,10.193440033634987,2020-04,2020,04
BK0891,prism_tmax_us_30s_202004_avg_30y.tif,prism_vpdmax_us_30s_202004_avg_30y.tif,15.733999252319336,10.733999252319336,10.821799278259277,1.0821799278259276,0.20750297662072104,10.107726245877005,2020-04,2020,04
BK0901,prism_tmax_us_30s_202004_avg_30y.tif,prism_vpdmax_us_30s_202004_avg_30y.tif,15.904585702078682,10.904585702078682,11.097800118582589,1.1097800118582588,0.19463160299707316,10.199390313056462,2020-04,2020,04
BK0902,prism_tmax_us_30s_202004_avg_30y.tif,prism_vpdmax_us_30s_202004_avg_30y.tif,15.809638977050781,10.809638977050781,10.930609130859375,1.0930609130859374,0.20313471078966083,10.148897241328129,2020-04,2020,04
BK1001,prism_tmax_us_30s_202004_avg_30y.tif,prism_vpdmax_us_30s_202004_avg_30y.tif,15.707738240559896,10.707738240559896,10.742660522460938,1.0742660522460938,0.2131624667547345,10.09506043183207,2020-04,2020,04
BK1002,prism_tmax_us_30s_202004_avg_30y.tif,prism_vpdmax_us_30s_202004_avg_30y.tif,15.64238114790483,10.64238114790483,10.634108803488992,1.0634108803488993,0.21842206750185955,10.06006998339027,2020-04,2020,04
BK1061,prism_tmax_us_30s_202004_avg_30y.tif,prism_vpdmax_us_30s_202004_avg_30y.tif,15.449271065848214,10.449271065848214,10.377885001046318,1.0377885001046319,0.2276359545470139,9.954197624472913,2020-04,2020,04
BK1091,prism_tmax_us_30s_202004_avg_30y.tif,prism_vpdmax_us_30s_202004_avg_30y.tif,15.455814906529017,10.455814906529017,10.364384242466517,1.0364384242466518,0.22953902087955602,9.958655887207618,2020-04,2020,04
BK1101,prism_tmax_us_30s_202004_avg_30y.tif,prism_vpdmax_us_30s_202004_avg_30y.tif,15.371786499023438,10.371786499023438,10.21769307454427,1.021769307454427,0.23712340074205218,9.913992441437914,2020-04,2020,04
BK1102,prism_tmax_us_30s_202004_avg_30y.tif,prism_vpdmax_us_30s_202004_avg_30y.tif,15.300177680121529,10.300177680121529,10.166288587782118,1.0166288587782117,0.23625378582055312,9.873048482456383,2020-04,2020,04
BK1103,prism_tmax_us_30s_202004_avg_30y.tif,prism_vpdmax_us_30s_202004_avg_30y.tif,15.219560241699218,10.219560241699218,10.0672607421875,1.00672607421875,0.2394206196650399,9.828582960571817,2020-04,2020,04
BK1201,prism_tmax_us_30s_202004_avg_30y.tif,prism_vpdmax_us_30s_202004_avg_30y.tif,15.862685067313057,10.862685067313057,10.970028468540736,1.0970028468540736,0.20377737018175246,10.179226939647931,2020-04,2020,04
BK1202,prism_tmax_us_30s_202004_avg_30y.tif,prism_vpdmax_us_30s_202004_avg_30y.tif,15.593283335367838,10.593283335367838,10.549166997273764,1.0549166997273765,0.22272679394560302,10.033923281174186,2020-04,2020,04
BK1203,prism_tmax_us_30s_202004_avg_30y.tif,prism_vpdmax_us_30s_202004_avg_30y.tif,15.600169372558593,10.600169372558593,10.560980224609375,1.0560980224609375,0.22213232142389616,10.037594036560312,2020-04,2020,04
BK1204,prism_tmax_us_30s_202004_avg_30y.tif,prism_vpdmax_us_30s_202004_avg_30y.tif,15.37222900390625,10.37222900390625,10.198600006103515,1.0198600006103515,0.23906992527758453,9.915008325848934,2020-04,2020,04
BK1301,prism_tmax_us_30s_202004_avg_30y.tif,prism_vpdmax_us_30s_202004_avg_30y.tif,15.082667032877604,10.082667032877604,9.891666412353516,0.9891666412353516,0.2456149239087716,9.753398872737748,2020-04,2020,04
BK1302,prism_tmax_us_30s_202004_avg_30y.tif,prism_vpdmax_us_30s_202004_avg_30y.tif,15.009492761948529,10.009492761948529,9.779365090762868,0.9779365090762868,0.25080745203247545,9.713949724673578,2020-04,2020,04
BK1303,prism_tmax_us_30s_202004_avg_30y.tif,prism_vpdmax_us_30s_202004_avg_30y.tif,14.970133463541666,9.970133463541666,9.721149444580078,0.9721149444580078,0.2533922325822947,9.692648821232966,2020-04,2020,04
BK1391,prism_tmax_us_30s_202004_avg_30y.tif,prism_vpdmax_us_30s_202004_avg_30y.tif,15.094099680582682,10.094099680582682,9.899967193603516,0.9899967193603516,0.24573050504115868,9.759926607371556,2020-04,2020,04
BK1401,prism_tmax_us_30s_202004_avg_30y.tif,prism_vpdmax_us_30s_202004_avg_30y.tif,15.53237533569336,10.53237533569336,10.444883346557617,1.0444883346557616,0.22797468689263112,10.00145086728694,2020-04,2020,04
BK1402,prism_tmax_us_30s_202004_avg_30y.tif,prism_vpdmax_us_30s_202004_avg_30y.tif,15.506207552823154,10.506207552823154,10.403536709872158,1.0403536709872159,0.2298893512893989,9.98736619750746,2020-04,2020,04
BK1403,prism_tmax_us_30s_202004_avg_30y.tif,prism_vpdmax_us_30s_202004_avg_30y.tif,15.315385084885817,10.315385084885817,10.11142319899339,1.011142319899339,0.24301455447955855,9.884328063040725,2020-04,2020,04
BK1501,prism_tmax_us_30s_202004_avg_30y.tif,prism_vpdmax_us_30s_202004_avg_30y.tif,15.171738844651442,10.171738844651442,10.004322932316708,1.0004322932316707,0.24173377075388536,9.802377296823645,2020-04,2020,04
BK1502,prism_tmax_us_30s_202004_avg_30y.tif,prism_vpdmax_us_30s_202004_avg_30y.tif,15.15709991455078,10.15709991455078,9.965800476074218,0.9965800476074218,0.24436971602770208,9.795112949949178,2020-04,2020,04
BK1503,prism_tmax_us_30s_202004_avg_30y.tif,prism_vpdmax_us_30s_202004_avg_30y.tif,14.96357421875,9.96357421875,9.732889556884766,0.9732889556884766,0.25167953930513176,9.688256640978167,2020-04,2020,04
BK1601,prism_tmax_us_30s_202004_avg_30y.tif,prism_vpdmax_us_30s_202004_avg_30y.tif,15.727866278754341,10.727866278754341,10.840844048394096,1.0840844048394096,0.20507170210729297,10.103293358981876,2020-04,2020,04
BK1602,prism_tmax_us_30s_202004_avg_30y.tif,prism_vpdmax_us_30s_202004_avg_30y.tif,15.552054665305398,10.552054665305398,10.561044866388494,1.0561044866388494,0.2180303187340027,10.008700910490623,2020-04,2020,04
BK1701,prism_tmax_us_30s_202004_avg_30y.tif,prism_vpdmax_us_30s_202004_avg_30y.tif,15.597434149848091,10.597434149848091,10.569300333658854,1.0569300333658853,0.22106717769220374,10.035624563796903,2020-04,2020,04
BK1702,prism_tmax_us_30s_202004_avg_30y.tif,prism_vpdmax_us_30s_202004_avg_30y.tif,15.400054931640625,10.400054931640625,10.250677320692274,1.0250677320692274,0.2362044887009329,9.9296595102997,2020-04,2020,04
BK1703,prism_tmax_us_30s_202004_avg_30y.tif,prism_vpdmax_us_30s_202004_avg_30y.tif,15.49586348100142,10.49586348100142,10.41173622824929,1.0411736228249289,0.2281927776117214,9.980834355329211,2020-04,2020,04
BK1704,prism_tmax_us_30s_202004_avg_30y.tif,prism_vpdmax_us_30s_202004_avg_30y.tif,15.51014570756392,10.51014570756392,10.454200051047586,1.0454200051047586,0.22515690107138808,9.987739278309798,2020-04,2020,04
BK1771,prism_tmax_us_30s_202004_avg_30y.tif,prism_vpdmax_us_30s_202004_avg_30y.tif,15.460824966430664,10.460824966430664,10.35360050201416,1.035360050201416,0.23104091607388755,9.962086835983223,2020-04,2020,04
BK1801,prism_tmax_us_30s_202004_avg_30y.tif,prism_vpdmax_us_30s_202004_avg_30y.tif,15.25883394129136,10.25883394129136,10.022805606617647,1.0022805606617646,0.24714364003393818,9.853886295245537,2020-04,2020,04
BK1802,prism_tmax_us_30s_202004_avg_30y.tif,prism_vpdmax_us_30s_202004_avg_30y.tif,15.066782633463541,10.066782633463541,9.81547122531467,0.981547122531467,0.25192160990444556,9.746870945866274,2020-04,2020,04
BK1803,prism_tmax_us_30s_202004_avg_30y.tif,prism_vpdmax_us_30s_202004_avg_30y.tif,15.20651566354852,10.20651566354852,9.991430985300164,0.9991430985300165,0.24591666016094949,9.823739628675265,2020-04,2020,04
BK1891,prism_tmax_us_30s_202004_avg_30y.tif,prism_vpdmax_us_30s_202004_avg_30y.tif,14.88182373046875,9.88182373046875,9.621060180664063,0.9621060180664063,0.2561661150597865,9.643667338394277,2020-04,2020,04
BK1892,prism_tmax_us_30s_202004_avg_30y.tif,prism_vpdmax_us_30s_202004_avg_30y.tif,14.968565622965494,9.968565622965494,9.679334004720053,0.9679334004720053,0.2574449977479156,9.693352592336366,2020-04,2020,04
BK1893,prism_tmax_us_30s_202004_avg_30y.tif,prism_vpdmax_us_30s_202004_avg_30y.tif,15.05317857530382,10.05317857530382,9.79685550265842,0.979685550265842,0.25265979365013036,9.739447551101765,2020-04,2020,04
BK5591,prism_tmax_us_30s_202004_avg_30y.tif,prism_vpdmax_us_30s_202004_avg_30y.tif,15.882657368977865,10.882657368977865,11.041791280110678,1.1041791280110678,0.19833091660512103,10.18841077843626,2020-04,2020,04
BK5691,prism_tmax_us_30s_202004_avg_30y.tif,prism_vpdmax_us_30s_202004_avg_30y.tif,14.778994911595396,9.778994911595396,9.498104697779604,0.9498104697779605,0.2600844532262475,9.586903304992504,2020-04,2020,04
BK5692,prism_tmax_us_30s_202004_avg_30y.tif,prism_vpdmax_us_30s_202004_avg_30y.tif,14.752282535328584,9.752282535328584,9.467123592601103,0.9467123592601103,0.26101467903289977,9.572122966391236,2020-04,2020,04
BK5693,prism_tmax_us_30s_202004_avg_30y.tif,prism_vpdmax_us_30s_202004_avg_30y.tif,15.04618665907118,10.04618665907118,9.811477661132812,0.9811477661132812,0.25062055322637966,9.734681713111327,2020-04,2020,04
BX0101,prism_tmax_us_30s_202004_avg_30y.tif,prism_vpdmax_us_30s_202004_avg_30y.tif,15.909313495342548,10.909313495342548,11.345430814302885,1.1345430814302886,0.17027883542201994,10.192500334180078,2020-04,2020,04
BX0102,prism_tmax_us_30s_202004_avg_30y.tif,prism_vpdmax_us_30s_202004_avg_30y.tif,15.924555460611979,10.924555460611979,11.314476860894096,1.1314476860894096,0.17469777859769442,10.202879173155885,2020-04,2020,04
BX0201,prism_tmax_us_30s_202004_avg_30y.tif,prism_vpdmax_us_30s_202004_avg_30y.tif,15.80115727015904,10.80115727015904,11.133042471749443,1.1133042471749444,0.18215965009303114,10.135844914666736,2020-04,2020,04
BX0202,prism_tmax_us_30s_202004_avg_30y.tif,prism_vpdmax_us_30s_202004_avg_30y.tif,15.887674331665039,10.887674331665039,11.2490234375,1.12490234375,0.17804254425611554,10.183282065946731,2020-04,2020,04
BX0291,prism_tmax_us_30s_202004_avg_30y.tif,prism_vpdmax_us_30s_202004_avg_30y.tif,15.85319995880127,10.85319995880127,11.291524887084961,1.129152488708496,0.17080691786305668,10.1608914953605,2020-04,2020,04
BX0301,prism_tmax_us_30s_202004_avg_30y.tif,prism_vpdmax_us_30s_202004_avg_30y.tif,15.916270664760045,10.916270664760045,11.270342145647321,1.127034214564732,0.17839168717686937,10.199633399979454,2020-04,2020,04
BX0302,prism_tmax_us_30s_202004_avg_30y.tif,prism_vpdmax_us_30s_202004_avg_30y.tif,15.936515808105469,10.936515808105469,11.264349619547525,1.1264349619547525,0.1807499148058711,10.212039179714507,2020-04,2020,04
BX0303,prism_tmax_us_30s_202004_avg_30y.tif,prism_vpdmax_us_30s_202004_avg_30y.tif,15.899637222290039,10.899637222290039,11.192537307739258,1.1192537307739259,0.18472855124173337,10.192692625676454,2020-04,2020,04
BX0391,prism_tmax_us_30s_202004_avg_30y.tif,prism_vpdmax_us_30s_202004_avg_30y.tif,15.921701049804687,10.921701049804687,11.211740112304687,1.1211740112304687,0.18472349873388483,10.205200830241674,2020-04,2020,04
BX0401,prism_tmax_us_30s_202004_avg_30y.tif,prism_vpdmax_us_30s_202004_avg_30y.tif,15.95570068359375,10.95570068359375,11.339849853515625,1.1339849853515624,0.1748686681784346,10.22060567419178,2020-04,2020,04
BX0402,prism_tmax_us_30s_202004_avg_30y.tif,prism_vpdmax_us_30s_202004_avg_30y.tif,15.985032399495443,10.985032399495443,11.369383494059244,1.1369383494059244,0.17447031300486304,10.237080203524828,2020-04,2020,04
BX0403,prism_tmax_us_30s_202004_avg_30y.tif,prism_vpdmax_us_30s_202004_avg_30y.tif,15.97098159790039,10.97098159790039,11.311383565266928,1.1311383565266928,0.1790458309672891,10.230911577579665,2020-04,2020,04
BX0491,prism_tmax_us_30s_202004_avg_30y.tif,prism_vpdmax_us_30s_202004_avg_30y.tif,15.968699137369791,10.968699137369791,11.357999165852865,1.1357999165852866,0.1741854578885096,10.227707295838854,2020-04,2020,04
BX0492,prism_tmax_us_30s_202004_avg_30y.tif,prism_vpdmax_us_30s_202004_avg_30y.tif,15.948348999023438,10.948348999023438,11.276800155639648,1.1276800155639648,0.18053393807067097,10.218663720108061,2020-04,2020,04
BX0501,prism_tmax_us_30s_202004_avg_30y.tif,prism_vpdmax_us_30s_202004_avg_30y.tif,16.009050369262695,11.009050369262695,11.339362144470215,1.1339362144470215,0.17956785338136405,10.252701725750823,2020-04,2020,04
BX0502,prism_tmax_us_30s_202004_avg_30y.tif,prism_vpdmax_us_30s_202004_avg_30y.tif,15.975421481662327,10.975421481662327,11.27766587999132,1.1277665879991319,0.18280441016169546,10.234906113296084,2020-04,2020,04
BX0503,prism_tmax_us_30s_202004_avg_30y.tif,prism_vpdmax_us_30s_202004_avg_30y.tif,15.984199523925781,10.984199523925781,11.254119873046875,1.1254119873046875,0.18592406507847348,10.241109287641757,2020-04,2020,04
BX0601,prism_tmax_us_30s_202004_avg_30y.tif,prism_vpdmax_us_30s_202004_avg_30y.tif,15.853311538696289,10.853311538696289,11.052412033081055,1.1052412033081054,0.1947278563782835,10.17035568999746,2020-04,2020,04
BX0602,prism_tmax_us_30s_202004_avg_30y.tif,prism_vpdmax_us_30s_202004_avg_30y.tif,15.936699867248535,10.936699867248535,11.192049026489258,1.1192049026489257,0.18799597541983126,10.214991243069912,2020-04,2020,04
BX0603,prism_tmax_us_30s_202004_avg_30y.tif,prism_vpdmax_us_30s_202004_avg_30y.tif,15.940085274832589,10.940085274832589,11.170785086495536,1.1170785086495536,0.19041671285797435,10.21786211898326,2020-04,2020,04
BX0701,prism_tmax_us_30s_202004_avg_30y.tif,prism_vpdmax_us_30s_202004_avg_30y.tif,16.003489176432293,11.003489176432293,11.280554029676649,1.1280554029676648,0.18496322680885813,10.25166891117299,2020-04,2020,04
BX0702,prism_tmax_us_30s_202004_avg_30y.tif,prism_vpdmax_us_30s_202004_avg_30y.tif,15.992955525716146,10.992955525716146,11.25323232014974,1.125323232014974,0.1867763446292794,10.246408886520362,2020-04,2020,04
BX0703,prism_tmax_us_30s_202004_avg_30y.tif,prism_vpdmax_us_30s_202004_avg_30y.tif,15.968586921691895,10.968586921691895,11.210637092590332,1.1210637092590332,0.1889118913866068,10.23343115791424,2020-04,2020,04
BX0801,prism_tmax_us_30s_202004_avg_30y.tif,prism_vpdmax_us_30s_202004_avg_30y.tif,16.017742701939174,11.017742701939174,11.295985630580358,1.1295985630580359,0.18466457681170367,10.25963329068651,2020-04,2020,04
BX0802,prism_tmax_us_30s_202004_avg_30y.tif,prism_vpdmax_us_30s_202004_avg_30y.tif,16.054664611816406,11.054664611816406,11.37665049235026,1.137665049235026,0.17982665447206392,10.278666710107423,2020-04,2020,04
BX0803,prism_tmax_us_30s_202004_avg_30y.tif,prism_vpdmax_us_30s_202004_avg_30y.tif,16.122250027126736,11.122250027126736,11.522082858615452,1.1522082858615452,0.17121135167085155,10.313601826587503,2020-04,2020,04
BX0901,prism_tmax_us_30s_202004_avg_30y.tif,prism_vpdmax_us_30s_202004_avg_30y.tif,15.814700039950283,10.814700039950283,11.04920820756392,1.104920820756392,0.1917115998646739,10.147277581398628,2020-04,2020,04
BX0902,prism_tmax_us_30s_202004_avg_30y.tif,prism_vpdmax_us_30s_202004_avg_30y.tif,15.733329772949219,10.733329772949219,10.933628845214844,1.0933628845214844,0.19626250517015786,10.102929145794079,2020-04,2020,04
BX0903,prism_tmax_us_30s_202004_avg_30y.tif,prism_vpdmax_us_30s_202004_avg_30y.tif,15.745720999581474,10.745720999581474,10.890979221888951,1.0890979221888952,0.20159235913042517,10.112049603900951,2020-04,2020,04
BX0904,prism_tmax_us_30s_202004_avg_30y.tif,prism_vpdmax_us_30s_202004_avg_30y.tif,15.802733103434244,10.802733103434244,10.9484494527181,1.0948449452718099,0.20075487347801535,10.144046334924075,2020-04,2020,04
BX0991,prism_tmax_us_30s_202004_avg_30y.tif,prism_vpdmax_us_30s_202004_avg_30y.tif,15.768415178571429,10.768415178571429,11.035742623465401,1.10357426234654,0.18906834180879173,10.119995264580854,2020-04,2020,04
BX1001,prism_tmax_us_30s_202004_avg_30y.tif,prism_vpdmax_us_30s_202004_avg_30y.tif,15.803136825561523,10.803136825561523,10.899324417114258,1.0899324417114258,0.20570220159057095,10.146219545318479,2020-04,2020,04
BX1002,prism_tmax_us_30s_202004_avg_30y.tif,prism_vpdmax_us_30s_202004_avg_30y.tif,15.645263671875,10.645263671875,10.642126603560014,1.0642126603560014,0.21786662445401994,10.061486085363555,2020-04,2020,04
BX1003,prism_tmax_us_30s_202004_avg_30y.tif,prism_vpdmax_us_30s_202004_avg_30y.tif,15.596949768066406,10.596949768066406,10.40353012084961,1.040353012084961,0.23760291727505956,10.041848464982749,2020-04,2020,04
BX1004,prism_tmax_us_30s_202004_avg_30y.tif,prism_vpdmax_us_30s_202004_avg_30y.tif,15.765791459517045,10.765791459517045,10.675209045410156,1.0675209045410157,0.22489585508331067,10.132587828593905,2020-04,2020,04
BX1071,prism_tmax_us_30s_202004_avg_30y.tif,prism_vpdmax_us_30s_202004_avg_30y.tif,15.355332692464193,10.355332692464193,9.789483388264975,0.9789483388264975,0.278561178023252,9.920948179590335,2020-04,2020,04
BX1091,prism_tmax_us_30s_202004_avg_30y.tif,prism_vpdmax_us_30s_202004_avg_30y.tif,15.683624267578125,10.683624267578125,10.784337043762207,1.0784337043762207,0.2069277937432441,10.078937582657892,2020-04,2020,04
BX1101,prism_tmax_us_30s_202004_avg_30y.tif,prism_vpdmax_us_30s_202004_avg_30y.tif,15.851912498474121,10.851912498474121,11.007149696350098,1.1007149696350098,0.19913305939943027,10.171293678978802,2020-04,2020,04
BX1102,prism_tmax_us_30s_202004_avg_30y.tif,prism_vpdmax_us_30s_202004_avg_30y.tif,15.840240478515625,10.840240478515625,10.937279510498048,1.0937279510498048,0.20511072010407272,10.16702486431926,2020-04,2020,04
BX1103,prism_tmax_us_30s_202004_avg_30y.tif,prism_vpdmax_us_30s_202004_avg_30y.tif,15.864017833362926,10.864017833362926,10.934073014692826,1.0934073014692827,0.2074882852995783,10.181441007639512,2020-04,2020,04
BX1104,prism_tmax_us_30s_202004_avg_30y.tif,prism_vpdmax_us_30s_202004_avg_30y.tif,15.924599783761161,10.924599783761161,11.102300371442523,1.1102300371442522,0.19591927809767906,10.211244353684965,2020-04,2020,04
BX1161,prism_tmax_us_30s_202004_avg_30y.tif,prism_vpdmax_us_30s_202004_avg_30y.tif,15.810426984514509,10.810426984514509,10.828669956752233,1.0828669956752233,0.21339662894939226,10.153376975396837,2020-04,2020,04
BX1201,prism_tmax_us_30s_202004_avg_30y.tif,prism_vpdmax_us_30s_202004_avg_30y.tif,15.973991394042969,10.973991394042969,11.184200286865234,1.1184200286865233,0.1920263667104729,10.237719482539578,2020-04,2020,04
BX1202,prism_tmax_us_30s_202004_avg_30y.tif,prism_vpdmax_us_30s_202004_avg_30y.tif,15.799627394903274,10.799627394903274,10.753742036365328,1.0753742036365328,0.2199577481899484,10.149832127948805,2020-04,2020,04
BX1203,prism_tmax_us_30s_202004_avg_30y.tif,prism_vpdmax_us_30s_202004_avg_30y.tif,15.977970668247767,10.977970668247767,11.19102042061942,1.119102042061942,0.19169109117516414,10.239843967728323,2020-04,2020,04
BX1271,prism_tmax_us_30s_202004_avg_30y.tif,prism_vpdmax_us_30s_202004_avg_30y.tif,16.065385001046316,11.065385001046316,11.37665775844029,1.137665775844029,0.18076465593170954,10.285113805374422,2020-04,2020,04
BX2691,prism_tmax_us_30s_202004_avg_30y.tif,prism_vpdmax_us_30s_202004_avg_30y.tif,16.072962143841913,11.072962143841913,11.39884589700138,1.139884589700138,0.1792096870858657,10.28879894258311,2020-04,2020,04
BX2791,prism_tmax_us_30s_202004_avg_30y.tif,prism_vpdmax_us_30s_202004_avg_30y.tif,15.902076134314903,10.902076134314903,11.099576509915865,1.1099576509915865,0.19423621685486658,10.197812001380512,2020-04,2020,04
BX2891,prism_tmax_us_30s_202004_avg_30y.tif,prism_vpdmax_us_30s_202004_avg_30y.tif,15.584062848772321,10.584062848772321,10.29214826311384,1.0292148263113838,0.24764323875693006,10.038487428085379,2020-04,2020,04
MN0101,prism_tmax_us_30s_202004_avg_30y.tif,prism_vpdmax_us_30s_202004_avg_30y.tif,16.08210906982422,11.08210906982422,11.426599884033203,1.1426599884033204,0.17723605579709623,10.293209612518591,2020-04,2020,04
MN0102,prism_tmax_us_30s_202004_avg_30y.tif,prism_vpdmax_us_30s_202004_avg_30y.tif,16.105649948120117,11.105649948120117,11.504399299621582,1.1504399299621582,0.1715215432115318,10.304311487066238,2020-04,2020,04
MN0191,prism_tmax_us_30s_202004_avg_30y.tif,prism_vpdmax_us_30s_202004_avg_30y.tif,16.081317901611328,11.081317901611328,11.387283325195312,1.1387283325195312,0.18109834546817738,10.294278899982617,2020-04,2020,04
MN0201,prism_tmax_us_30s_202004_avg_30y.tif,prism_vpdmax_us_30s_202004_avg_30y.tif,16.08074951171875,11.08074951171875,11.462132771809896,1.1462132771809896,0.17356356881271084,10.290995455687925,2020-04,2020,04
MN0202,prism_tmax_us_30s_202004_avg_30y.tif,prism_vpdmax_us_30s_202004_avg_30y.tif,16.062925338745117,11.062925338745117,11.443699836730957,1.1443699836730956,0.1738450164758194,10.280999758543478,2020-04,2020,04
MN0203,prism_tmax_us_30s_202004_avg_30y.tif,prism_vpdmax_us_30s_202004_avg_30y.tif,16.08544413248698,11.08544413248698,11.47274441189236,1.1472744411892362,0.17291404212308437,10.29340204167449,2020-04,2020,04
MN0301,prism_tmax_us_30s_202004_avg_30y.tif,prism_vpdmax_us_30s_202004_avg_30y.tif,16.051615397135418,11.051615397135418,11.377115885416666,1.1377115885416667,0.17951321879778992,10.276814625163313,2020-04,2020,04
MN0302,prism_tmax_us_30s_202004_avg_30y.tif,prism_vpdmax_us_30s_202004_avg_30y.tif,16.017213003976003,11.017213003976003,11.323514665876116,1.1323514665876115,0.1818654055209863,10.258232877624142,2020-04,2020,04
MN0303,prism_tmax_us_30s_202004_avg_30y.tif,prism_vpdmax_us_30s_202004_avg_30y.tif,16.014910888671874,11.014910888671874,11.344880676269531,1.134488067626953,0.1795277372318873,10.256008874609083,2020-04,2020,04
MN0401,prism_tmax_us_30s_202004_avg_30y.tif,prism_vpdmax_us_30s_202004_avg_30y.tif,16.068649291992188,11.068649291992188,11.482582092285156,1.1482582092285156,0.1704581760393482,10.282914211743034,2020-04,2020,04
MN0402,prism_tmax_us_30s_202004_avg_30y.tif,prism_vpdmax_us_30s_202004_avg_30y.tif,16.04958724975586,11.04958724975586,11.513662338256836,1.1513662338256836,0.16568107701381418,10.270228633878,2020-04,2020,04
MN0501,prism_tmax_us_30s_202004_avg_30y.tif,prism_vpdmax_us_30s_202004_avg_30y.tif,16.040325164794922,11.040325164794922,11.429399490356445,1.1429399490356444,0.1732970430519647,10.267970106358142,2020-04,2020,04
MN0502,prism_tmax_us_30s_202004_avg_30y.tif,prism_vpdmax_us_30s_202004_avg_30y.tif,15.988238525390624,10.988238525390624,11.421070098876953,1.1421070098876953,0.169581195311159,10.236976653653768,2020-04,2020,04
MN0601,prism_tmax_us_30s_202004_avg_30y.tif,prism_vpdmax_us_30s_202004_avg_30y.tif,15.986124038696289,10.986124038696289,11.330949783325195,1.1330949783325195,0.178408858449703,10.239247011311528,2020-04,2020,04
MN0602,prism_tmax_us_30s_202004_avg_30y.tif,prism_vpdmax_us_30s_202004_avg_30y.tif,16.02131525675456,11.021315256754558,11.40429941813151,1.140429941813151,0.17414528896170056,10.257524849141783,2020-04,2020,04
MN0603,prism_tmax_us_30s_202004_avg_30y.tif,prism_vpdmax_us_30s_202004_avg_30y.tif,15.982939147949219,10.982939147949219,11.369539642333985,1.1369539642333986,0.17427221538859272,10.235815477534924,2020-04,2020,04
MN0604,prism_tmax_us_30s_202004_avg_30y.tif,prism_vpdmax_us_30s_202004_avg_30y.tif,15.944082895914713,10.944082895914713,11.366683959960938,1.1366683959960937,0.17117447270356,10.21256656975614,2020-04,2020,04
MN0661,prism_tmax_us_30s_202004_avg_30y.tif,prism_vpdmax_us_30s_202004_avg_30y.tif,15.93429946899414,10.93429946899414,11.335299491882324,1.1335299491882325,0.1734622621240811,10.20791846793444,2020-04,2020,04
MN0701,prism_tmax_us_30s_202004_avg_30y.tif,prism_vpdmax_us_30s_202004_avg_30y.tif,16.03164333767361,11.03164333767361,11.562943352593315,1.1562943352593316,0.1591835013658045,10.257500888497697,2020-04,2020,04
MN0702,prism_tmax_us_30s_202004_avg_30y.tif,prism_vpdmax_us_30s_202004_avg_30y.tif,16.015060424804688,11.015060424804688,11.583689880371093,1.1583689880371093,0.15565987651895674,10.246713592336206,2020-04,2020,04
MN0703,prism_tmax_us_30s_202004_avg_30y.tif,prism_vpdmax_us_30s_202004_avg_30y.tif,16.017542157854354,11.017542157854354,11.567813328334264,1.1567813328334264,0.15746428985547967,10.248829869416623,2020-04,2020,04
MN0801,prism_tmax_us_30s_202004_avg_30y.tif,prism_vpdmax_us_30s_202004_avg_30y.tif,15.910199483235678,10.910199483235678,11.378283182779947,1.1378283182779947,0.16707050173807536,10.191741814177691,2020-04,2020,04
MN0802,prism_tmax_us_30s_202004_avg_30y.tif,prism_vpdmax_us_30s_202004_avg_30y.tif,15.945109558105468,10.945109558105468,11.4668701171875,1.14668701171875,0.16124515224609048,10.209246464278513,2020-04,2020,04
MN0803,prism_tmax_us_30s_202004_avg_30y.tif,prism_vpdmax_us_30s_202004_avg_30y.tif,15.933865865071615,10.933865865071615,11.452766418457031,1.1452766418457032,0.16167787937479705,10.203041352089901,2020-04,2020,04
MN0901,prism_tmax_us_30s_202004_avg_30y.tif,prism_vpdmax_us_30s_202004_avg_30y.tif,16.027099609375,11.027099609375,11.547123908996582,1.1547123908996582,0.16036828689888383,10.255390215266885,2020-04,2020,04
MN0902,prism_tmax_us_30s_202004_avg_30y.tif,prism_vpdmax_us_30s_202004_avg_30y.tif,16.022383371988933,11.022383371988933,11.494366963704428,1.1494366963704428,0.16523185535997897,10.254627491074196,2020-04,2020,04
MN0903,prism_tmax_us_30s_202004_avg_30y.tif,prism_vpdmax_us_30s_202004_avg_30y.tif,16.029499053955078,11.029499053955078,11.461700439453125,1.1461700439453124,0.1691203517019142,10.260190261811381,2020-04,2020,04
MN1001,prism_tmax_us_30s_202004_avg_30y.tif,prism_vpdmax_us_30s_202004_avg_30y.tif,15.977483113606771,10.977483113606771,11.469066619873047,1.1469066619873047,0.1638439833789369,10.228623610882961,2020-04,2020,04
MN1002,prism_tmax_us_30s_202004_avg_30y.tif,prism_vpdmax_us_30s_202004_avg_30y.tif,15.99224853515625,10.99224853515625,11.427049255371093,1.1427049255371093,0.1693329869611604,10.23915278330933,2020-04,2020,04
MN1101,prism_tmax_us_30s_202004_avg_30y.tif,prism_vpdmax_us_30s_202004_avg_30y.tif,15.95609876844618,10.95609876844618,11.491555107964409,1.1491555107964408,0.15973278955593861,10.214882988004467,2020-04,2020,04
MN1102,prism_tmax_us_30s_202004_avg_30y.tif,prism_vpdmax_us_30s_202004_avg_30y.tif,15.949718128551137,10.949718128551137,11.422798850319602,1.1422798850319602,0.1660531812911954,10.213749079135933,2020-04,2020,04
MN1191,prism_tmax_us_30s_202004_avg_30y.tif,prism_vpdmax_us_30s_202004_avg_30y.tif,15.908424377441406,10.908424377441406,11.383625030517578,1.138362503051758,0.1663822429585522,10.190464843491988,2020-04,2020,04
MN1201,prism_tmax_us_30s_202004_avg_30y.tif,prism_vpdmax_us_30s_202004_avg_30y.tif,16.04993353949653,11.049933539496529,11.453599717881945,1.1453599717881944,0.17171764365315978,10.272797350850222,2020-04,2020,04
MN1202,prism_tmax_us_30s_202004_avg_30y.tif,prism_vpdmax_us_30s_202004_avg_30y.tif,16.069000244140625,11.069000244140625,11.46222178141276,1.146222178141276,0.17252495395200018,10.283925445330869,2020-04,2020,04
MN1203,prism_tmax_us_30s_202004_avg_30y.tif,prism_vpdmax_us_30s_202004_avg_30y.tif,16.039343697684153,11.039343697684153,11.35189928327288,1.135189928327288,0.18096122311331397,10.270425637270446,2020-04,2020,04
MN1291,prism_tmax_us_30s_202004_avg_30y.tif,prism_vpdmax_us_30s_202004_avg_30y.tif,16.030216217041016,11.030216217041016,11.401899973551432,1.1401899973551433,0.17516308596120722,10.26297168784501,2020-04,2020,04
MN1292,prism_tmax_us_30s_202004_avg_30y.tif,prism_vpdmax_us_30s_202004_avg_30y.tif,16.071185520717076,11.071185520717076,11.42344229561942,1.142344229561942,0.17659436821214625,10.286763776953956,2020-04,2020,04
MN6491,prism_tmax_us_30s_202004_avg_30y.tif,prism_vpdmax_us_30s_202004_avg_30y.tif,15.969512939453125,10.969512939453125,11.507340494791666,1.1507340494791667,0.15932220793238527,10.222327464387348,2020-04,2020,04
QN0101,prism_tmax_us_30s_202004_avg_30y.tif,prism_vpdmax_us_30s_202004_avg_30y.tif,15.867024421691895,10.867024421691895,11.335149765014648,1.133514976501465,0.16764090599715664,10.167485723156187,2020-04,2020,04
QN0102,prism_tmax_us_30s_202004_avg_30y.tif,prism_vpdmax_us_30s_202004_avg_30y.tif,15.912559509277344,10.912559509277344,11.380859375,1.1380859375,0.16701775065516822,10.193059217767734,2020-04,2020,04
QN0103,prism_tmax_us_30s_202004_avg_30y.tif,prism_vpdmax_us_30s_202004_avg_30y.tif,15.903269958496093,10.903269958496093,11.33731918334961,1.133731918334961,0.17056552975740735,10.189186319661944,2020-04,2020,04
QN0104,prism_tmax_us_30s_202004_avg_30y.tif,prism_vpdmax_us_30s_202004_avg_30y.tif,15.881163163618607,10.881163163618607,11.292499889026988,1.1292499889026988,0.17313057066828796,10.177659828044387,2020-04,2020,04
QN0105,prism_tmax_us_30s_202004_avg_30y.tif,prism_vpdmax_us_30s_202004_avg_30y.tif,15.900081287730824,10.900081287730824,11.328591086647727,1.1328591086647726,0.17116169564076933,10.187612636530199,2020-04,2020,04
QN0151,prism_tmax_us_30s_202004_avg_30y.tif,prism_vpdmax_us_30s_202004_avg_30y.tif,15.759421454535591,10.759421454535591,11.167854309082031,1.116785430908203,0.17508315563458487,10.109399644886071,2020-04,2020,04
QN0161,prism_tmax_us_30s_202004_avg_30y.tif,prism_vpdmax_us_30s_202004_avg_30y.tif,15.885950088500977,10.885950088500977,11.259199142456055,1.1259199142456056,0.1768755112327962,10.181845776094542,2020-04,2020,04
QN0171,prism_tmax_us_30s_202004_avg_30y.tif,prism_vpdmax_us_30s_202004_avg_30y.tif,15.85040028889974,10.85040028889974,11.324600219726562,1.1324600219726562,0.1672571972926995,10.157909042342183,2020-04,2020,04
QN0191,prism_tmax_us_30s_202004_avg_30y.tif,prism_vpdmax_us_30s_202004_avg_30y.tif,15.905050277709961,10.905050277709961,11.383724212646484,1.1383724212646484,0.1660795068075318,10.188432753636906,2020-04,2020,04
QN0201,prism_tmax_us_30s_202004_avg_30y.tif,prism_vpdmax_us_30s_202004_avg_30y.tif,15.903298950195312,10.903298950195312,11.29095001220703,1.129095001220703,0.17520496238000294,10.191026054976083,2020-04,2020,04
QN0202,prism_tmax_us_30s_202004_avg_30y.tif,prism_vpdmax_us_30s_202004_avg_30y.tif,15.869517008463541,10.869517008463541,11.187193128797743,1.1187193128797743,0.18265240030891228,10.17479853712023,2020-04,2020,04
QN0203,prism_tmax_us_30s_202004_avg_30y.tif,prism_vpdmax_us_30s_202004_avg_30y.tif,15.819717407226562,10.819717407226562,11.144391146573154,1.1144391146573154,0.18262645923815235,10.146551968378054,2020-04,2020,04
QN0261,prism_tmax_us_30s_202004_avg_30y.tif,prism_vpdmax_us_30s_202004_avg_30y.tif,15.887328011648995,10.887328011648995,11.255528041294642,1.1255528041294642,0.1773620626178265,10.182818273213785,2020-04,2020,04
QN0271,prism_tmax_us_30s_202004_avg_30y.tif,prism_vpdmax_us_30s_202004_avg_30y.tif,15.831486293247767,10.831486293247767,11.107914515904017,1.1107914515904018,0.18729063857508677,10.155057949231493,2020-04,2020,04
QN0301,prism_tmax_us_30s_202004_avg_30y.tif,prism_vpdmax_us_30s_202004_avg_30y.tif,15.811199188232422,10.811199188232422,11.228800455729166,1.1228800455729167,0.1734502190653615,10.13811587582047,2020-04,2020,04
QN0302,prism_tmax_us_30s_202004_avg_30y.tif,prism_vpdmax_us_30s_202004_avg_30y.tif,15.760427301580256,10.760427301580256,11.19339960271662,1.1193399602716618,0.17261517121303416,10.109000042282727,2020-04,2020,04
QN0303,prism_tmax_us_30s_202004_avg_30y.tif,prism_vpdmax_us_30s_202004_avg_30y.tif,15.726012229919434,10.726012229919434,11.072762489318848,1.1072762489318848,0.1817206399918243,10.093065145881106,2020-04,2020,04
QN0401,prism_tmax_us_30s_202004_avg_30y.tif,prism_vpdmax_us_30s_202004_avg_30y.tif,15.778207632211538,10.778207632211538,11.09744614821214,1.109744614821214,0.1837412106758578,10.123454023259553,2020-04,2020,04
QN0402,prism_tmax_us_30s_202004_avg_30y.tif,prism_vpdmax_us_30s_202004_avg_30y.tif,15.713699340820312,10.713699340820312,10.992766486273872,1.0992766486273873,0.18866329892826794,10.088812202723926,2020-04,2020,04
QN0501,prism_tmax_us_30s_202004_avg_30y.tif,prism_vpdmax_us_30s_202004_avg_30y.tif,15.801624298095703,10.801624298095703,11.047218322753906,1.1047218322753907,0.190782346582554,10.139498439227207,2020-04,2020,04
QN0502,prism_tmax_us_30s_202004_avg_30y.tif,prism_vpdmax_us_30s_202004_avg_30y.tif,15.804935230928308,10.804935230928308,11.003229477826286,1.1003229477826286,0.195466833651732,10.143216741561481,2020-04,2020,04
QN0503,prism_tmax_us_30s_202004_avg_30y.tif,prism_vpdmax_us_30s_202004_avg_30y.tif,15.771675109863281,10.771675109863281,10.969993591308594,1.0969993591308593,0.19592390176642116,10.124537880686683,2020-04,2020,04
QN0504,prism_tmax_us_30s_202004_avg_30y.tif,prism_vpdmax_us_30s_202004_avg_30y.tif,15.777184119591347,10.777184119591347,11.012153038611778,1.1012153038611778,0.19218236506013509,10.126191065276926,2020-04,2020,04
QN0571,prism_tmax_us_30s_202004_avg_30y.tif,prism_vpdmax_us_30s_202004_avg_30y.tif,15.80451420375279,10.80451420375279,11.024084908621651,1.1024084908621652,0.1933449695051328,10.142144126543348,2020-04,2020,04
QN0572,prism_tmax_us_30s_202004_avg_30y.tif,prism_vpdmax_us_30s_202004_avg_30y.tif,15.789098739624023,10.789098739624023,10.991124153137207,1.0991124153137206,0.19531180366352907,10.134176524206588,2020-04,2020,04
QN0573,prism_tmax_us_30s_202004_avg_30y.tif,prism_vpdmax_us_30s_202004_avg_30y.tif,15.75708262125651,10.75708262125651,10.973817189534506,1.0973817189534505,0.19428564974323614,10.115620106601533,2020-04,2020,04
QN0574,prism_tmax_us_30s_202004_avg_30y.tif,prism_vpdmax_us_30s_202004_avg_30y.tif,15.757975260416666,10.757975260416666,10.924766540527344,1.0924766540527344,0.19926750820074268,10.118084103379141,2020-04,2020,04
QN0601,prism_tmax_us_30s_202004_avg_30y.tif,prism_vpdmax_us_30s_202004_avg_30y.tif,15.752376980251736,10.752376980251736,10.996365865071615,1.0996365865071616,0.19162602322489541,10.111906774930118,2020-04,2020,04
QN0602,prism_tmax_us_30s_202004_avg_30y.tif,prism_vpdmax_us_30s_202004_avg_30y.tif,15.703593254089355,10.703593254089355,10.913406372070312,1.0913406372070313,0.19573237071151217,10.085860196758288,2020-04,2020,04
QN0701,prism_tmax_us_30s_202004_avg_30y.tif,prism_vpdmax_us_30s_202004_avg_30y.tif,15.640186656605113,10.640186656605113,10.865991072221236,1.0865991072221237,0.1950463299908114,10.049639041981488,2020-04,2020,04
QN0702,prism_tmax_us_30s_202004_avg_30y.tif,prism_vpdmax_us_30s_202004_avg_30y.tif,15.625601375804228,10.625601375804228,10.730353860294118,1.0730353860294117,0.20736440892214447,10.0462101927874,2020-04,2020,04
QN0703,prism_tmax_us_30s_202004_avg_30y.tif,prism_vpdmax_us_30s_202004_avg_30y.tif,15.61478482759916,10.61478482759916,10.65762211726262,1.0657622117262622,0.2137144934040267,10.042572793156506,2020-04,2020,04
QN0704,prism_tmax_us_30s_202004_avg_30y.tif,prism_vpdmax_us_30s_202004_avg_30y.tif,15.684811240748354,10.684811240748354,10.86526810495477,1.086526810495477,0.1989363652405436,10.07646996504385,2020-04,2020,04
QN0705,prism_tmax_us_30s_202004_avg_30y.tif,prism_vpdmax_us_30s_202004_avg_30y.tif,15.667911105685764,10.667911105685764,10.82197740342882,1.082197740342882,0.20181841459616545,10.068020233860121,2020-04,2020,04
QN0706,prism_tmax_us_30s_202004_avg_30y.tif,prism_vpdmax_us_30s_202004_avg_30y.tif,15.676708984375,10.676708984375,10.872570037841797,1.0872570037841798,0.19751226301917924,10.071316313507163,2020-04,2020,04
QN0707,prism_tmax_us_30s_202004_avg_30y.tif,prism_vpdmax_us_30s_202004_avg_30y.tif,15.678445669320913,10.678445669320913,10.916252723106972,1.0916252723106972,0.19329270325607162,10.070642726884593,2020-04,2020,04
QN0761,prism_tmax_us_30s_202004_avg_30y.tif,prism_vpdmax_us_30s_202004_avg_30y.tif,15.480400085449219,10.480400085449219,10.351882934570312,1.0351882934570313,0.23286863312151462,9.973904221266462,2020-04,2020,04
QN0791,prism_tmax_us_30s_202004_avg_30y.tif,prism_vpdmax_us_30s_202004_avg_30y.tif,15.643012046813965,10.643012046813965,10.782773971557617,1.0782773971557618,0.20360946298443428,10.0546063494964,2020-04,2020,04
QN0801,prism_tmax_us_30s_202004_avg_30y.tif,prism_vpdmax_us_30s_202004_avg_30y.tif,15.673441569010416,10.673441569010416,10.853350321451822,1.0853350321451822,0.19915449359877258,10.070109085613224,2020-04,2020,04
QN0802,prism_tmax_us_30s_202004_avg_30y.tif,prism_vpdmax_us_30s_202004_avg_30y.tif,15.662392752511161,10.662392752511161,10.816542489188057,1.0816542489188057,0.20188972460664623,10.06491935244424,2020-04,2020,04
QN0803,prism_tmax_us_30s_202004_avg_30y.tif,prism_vpdmax_us_30s_202004_avg_30y.tif,15.63119888305664,10.63119888305664,10.746665954589844,1.0746665954589845,0.20621112347148562,10.048930738217408,2020-04,2020,04
QN0804,prism_tmax_us_30s_202004_avg_30y.tif,prism_vpdmax_us_30s_202004_avg_30y.tif,15.64557865687779,10.64557865687779,10.77042715890067,1.077042715890067,0.20506348967335652,10.056633049891335,2020-04,2020,04
QN0805,prism_tmax_us_30s_202004_avg_30y.tif,prism_vpdmax_us_30s_202004_avg_30y.tif,15.636539459228516,10.636539459228516,10.78292465209961,1.078292465209961,0.20304138668709926,10.050713138350597,2020-04,2020,04
QN0871,prism_tmax_us_30s_202004_avg_30y.tif,prism_vpdmax_us_30s_202004_avg_30y.tif,15.688024520874023,10.688024520874023,10.89954948425293,1.089954948425293,0.19578351640836322,10.077052825284058,2020-04,2020,04
QN0891,prism_tmax_us_30s_202004_avg_30y.tif,prism_vpdmax_us_30s_202004_avg_30y.tif,15.692533704969618,10.692533704969618,10.821488274468315,1.0821488274468316,0.20397603693929822,10.082829193234916,2020-04,2020,04
QN0901,prism_tmax_us_30s_202004_avg_30y.tif,prism_vpdmax_us_30s_202004_avg_30y.tif,15.617855495876736,10.617855495876736,10.753721449110243,1.0753721449110243,0.20436655315899732,10.040640121553594,2020-04,2020,04
QN0902,prism_tmax_us_30s_202004_avg_30y.tif,prism_vpdmax_us_30s_202004_avg_30y.tif,15.50090859153054,10.50090859153054,10.580327814275568,1.0580327814275567,0.21176110701273476,9.97723728645382,2020-04,2020,04
QN0903,prism_tmax_us_30s_202004_avg_30y.tif,prism_vpdmax_us_30s_202004_avg_30y.tif,15.381000094943577,10.381000094943577,10.408221774631077,1.0408221774631077,0.2188456568922139,9.912033396991648,2020-04,2020,04
QN0904,prism_tmax_us_30s_202004_avg_30y.tif,prism_vpdmax_us_30s_202004_avg_30y.tif,15.372437477111816,10.372437477111816,10.375449180603027,1.0375449180603027,0.22140254218730515,9.908183248602011,2020-04,2020,04
QN0905,prism_tmax_us_30s_202004_avg_30y.tif,prism_vpdmax_us_30s_202004_avg_30y.tif,15.52196044921875,10.52196044921875,10.599539947509765,1.0599539947509764,0.21162504959758577,9.989120219198881,2020-04,2020,04
QN1001,prism_tmax_us_30s_202004_avg_30y.tif,prism_vpdmax_us_30s_202004_avg_30y.tif,15.253579711914062,10.253579711914062,10.204924774169921,1.0204924774169921,0.22849280356807466,9.843577368457526,2020-04,2020,04
QN1002,prism_tmax_us_30s_202004_avg_30y.tif,prism_vpdmax_us_30s_202004_avg_30y.tif,15.265333811442057,10.265333811442057,10.191483815511068,1.0191483815511069,0.23081898291513436,9.851156131373294,2020-04,2020,04
QN1003,prism_tmax_us_30s_202004_avg_30y.tif,prism_vpdmax_us_30s_202004_avg_30y.tif,15.09928035736084,10.09928035736084,9.913618087768555,0.9913618087768554,0.24479414846032266,9.762496062968502,2020-04,2020,04
QN1091,prism_tmax_us_30s_202004_avg_30y.tif,prism_vpdmax_us_30s_202004_avg_30y.tif,14.99202134874132,9.99202134874132,9.749888102213541,0.9749888102213541,0.2523174305569832,9.704636854945223,2020-04,2020,04
QN1101,prism_tmax_us_30s_202004_avg_30y.tif,prism_vpdmax_us_30s_202004_avg_30y.tif,15.658036231994629,10.658036231994629,10.767668724060059,1.0767668724060058,0.20640444047459283,10.06422348864747,2020-04,2020,04
QN1102,prism_tmax_us_30s_202004_avg_30y.tif,prism_vpdmax_us_30s_202004_avg_30y.tif,15.644961708470396,10.644961708470396,10.709895083778783,1.0709895083778782,0.21106396905926572,10.058641428543005,2020-04,2020,04
QN1103,prism_tmax_us_30s_202004_avg_30y.tif,prism_vpdmax_us_30s_202004_avg_30y.tif,15.673854064941406,10.673854064941406,10.752144622802735,1.0752144622802735,0.2093103765129256,10.074334232791356,2020-04,2020,04
QN1104,prism_tmax_us_30s_202004_avg_30y.tif,prism_vpdmax_us_30s_202004_avg_30y.tif,15.706720624651227,10.706720624651227,10.834056309291295,1.0834056309291296,0.20393560024421076,10.09085728507322,2020-04,2020,04
QN1191,prism_tmax_us_30s_202004_avg_30y.tif,prism_vpdmax_us_30s_202004_avg_30y.tif,15.67455800374349,10.67455800374349,10.761116027832031,1.0761116027832032,0.20847350094019323,10.074404473992054,2020-04,2020,04
QN1201,prism_tmax_us_30s_202004_avg_30y.tif,prism_vpdmax_us_30s_202004_avg_30y.tif,15.499569163602942,10.499569163602942,10.573446834788603,1.0573446834788602,0.2123356987036964,9.97670364535342,2020-04,2020,04
QN1202,prism_tmax_us_30s_202004_avg_30y.tif,prism_vpdmax_us_30s_202004_avg_30y.tif,15.366000584193639,10.366000584193639,10.383106776646205,1.0383106776646205,0.2200954844671683,9.90401985663339,2020-04,2020,04
QN1203,prism_tmax_us_30s_202004_avg_30y.tif,prism_vpdmax_us_30s_202004_avg_30y.tif,15.225637435913086,10.225637435913086,10.180124282836914,1.0180124282836913,0.22864093062112634,9.827792311896822,2020-04,2020,04
QN1204,prism_tmax_us_30s_202004_avg_30y.tif,prism_vpdmax_us_30s_202004_avg_30y.tif,15.150536170372597,10.150536170372597,10.080753032977764,1.0080753032977765,0.23232944061656013,9.78665947876357,2020-04,2020,04
QN1205,prism_tmax_us_30s_202004_avg_30y.tif,prism_vpdmax_us_30s_202004_avg_30y.tif,15.35676906419837,10.35676906419837,10.3729772153108,1.0372977215310801,0.22033249084157913,9.898878728301215,2020-04,2020,04
QN1206,prism_tmax_us_30s_202004_avg_30y.tif,prism_vpdmax_us_30s_202004_avg_30y.tif,15.580670166015626,10.580670166015626,10.676399230957031,1.0676399230957032,0.2089292499501645,10.021349179361273,2020-04,2020,04
QN1301,prism_tmax_us_30s_202004_avg_30y.tif,prism_vpdmax_us_30s_202004_avg_30y.tif,15.699363708496094,10.699363708496094,10.867356436593193,1.0867356436593192,0.19997468958141207,10.08512927572278,2020-04,2020,04
QN1302,prism_tmax_us_30s_202004_avg_30y.tif,prism_vpdmax_us_30s_202004_avg_30y.tif,15.696021185980904,10.696021185980904,10.838433159722221,1.083843315972222,0.20258046650966754,10.08425813578947,2020-04,2020,04
QN1303,prism_tmax_us_30s_202004_avg_30y.tif,prism_vpdmax_us_30s_202004_avg_30y.tif,15.584024047851562,10.584024047851562,10.677414703369141,1.0677414703369141,0.20911329044999705,10.023323158278684,2020-04,2020,04
QN1304,prism_tmax_us_30s_202004_avg_30y.tif,prism_vpdmax_us_30s_202004_avg_30y.tif,15.346507679332387,10.346507679332387,10.362571716308594,1.0362571716308593,0.2205110199890592,9.893130685037162,2020-04,2020,04
QN1305,prism_tmax_us_30s_202004_avg_30y.tif,prism_vpdmax_us_30s_202004_avg_30y.tif,15.175841013590494,10.175841013590494,10.132391611735025,1.0132391611735025,0.22926792643803506,9.799804149795957,2020-04,2020,04
QN1306,prism_tmax_us_30s_202004_avg_30y.tif,prism_vpdmax_us_30s_202004_avg_30y.tif,15.017725894325658,10.017725894325658,9.911131206311678,0.9911131206311679,0.23830885708693694,9.713705962917814,2020-04,2020,04
QN1307,prism_tmax_us_30s_202004_avg_30y.tif,prism_vpdmax_us_30s_202004_avg_30y.tif,15.012249416775173,10.012249416775173,9.913666619194878,0.9913666619194877,0.2376042791711147,9.71032390102577,2020-04,2020,04
QN1371,prism_tmax_us_30s_202004_avg_30y.tif,prism_vpdmax_us_30s_202004_avg_30y.tif,15.302558898925781,10.302558898925781,10.3077392578125,1.03077392578125,0.2223081661615698,9.868918004992414,2020-04,2020,04
QN1401,prism_tmax_us_30s_202004_avg_30y.tif,prism_vpdmax_us_30s_202004_avg_30y.tif,14.527863446403952,9.527863446403952,9.285464118508731,0.928546411850873,0.26110203261730147,9.44491167292964,2020-04,2020,04
QN1402,prism_tmax_us_30s_202004_avg_30y.tif,prism_vpdmax_us_30s_202004_avg_30y.tif,14.485266791449654,9.485266791449654,9.154938591851128,0.9154938591851127,0.2707501221197053,9.424551068744998,2020-04,2020,04
QN1403,prism_tmax_us_30s_202004_avg_30y.tif,prism_vpdmax_us_30s_202004_avg_30y.tif,14.555660671657986,9.555660671657986,9.189366658528646,0.9189366658528646,0.2729380542625679,9.465324256155267,2020-04,2020,04
QN1491,prism_tmax_us_30s_202004_avg_30y.tif,prism_vpdmax_us_30s_202004_avg_30y.tif,14.571299743652343,9.571299743652343,9.326979064941407,0.9326979064941406,0.2604309546055058,9.469276319810842,2020-04,2020,04
QN8081,prism_tmax_us_30s_202004_avg_30y.tif,prism_vpdmax_us_30s_202004_avg_30y.tif,15.755230243389423,10.755230243389423,11.199122502253605,1.1199122502253605,0.17159577160134698,10.105652686241132,2020-04,2020,04
QN8191,prism_tmax_us_30s_202004_avg_30y.tif,prism_vpdmax_us_30s_202004_avg_30y.tif,15.677073669433593,10.677073669433593,10.919808959960937,1.0919808959960937,0.19281959678461424,10.0696788721052,2020-04,2020,04
QN8291,prism_tmax_us_30s_202004_avg_30y.tif,prism_vpdmax_us_30s_202004_avg_30y.tif,15.68304901123047,10.68304901123047,10.851609039306641,1.0851609039306642,0.20015131954887622,10.075948257950385,2020-04,2020,04
QN8381,prism_tmax_us_30s_202004_avg_30y.tif,prism_vpdmax_us_30s_202004_avg_30y.tif,14.928749084472656,9.928749084472656,9.77381706237793,0.977381706237793,0.24473023886246792,9.665779714768945,2020-04,2020,04
QN8491,prism_tmax_us_30s_202004_avg_30y.tif,prism_vpdmax_us_30s_202004_avg_30y.tif,14.686874802048141,9.686874802048141,9.428572371199325,0.9428572371199324,0.25957595094614305,9.53447136148313,2020-04,2020,04
QN8492,prism_tmax_us_30s_202004_avg_30y.tif,prism_vpdmax_us_30s_202004_avg_30y.tif,14.567047119140625,9.567047119140625,9.183338994565217,0.9183338994565217,0.274453816930878,9.47237606660657,2020-04,2020,04
SI0101,prism_tmax_us_30s_202004_avg_30y.tif,prism_vpdmax_us_30s_202004_avg_30y.tif,16.188890075683595,11.188890075683595,11.583959197998047,1.1583959197998046,0.17089166942563372,10.351261098996872,2020-04,2020,04
SI0102,prism_tmax_us_30s_202004_avg_30y.tif,prism_vpdmax_us_30s_202004_avg_30y.tif,16.083708329634234,11.083708329634234,11.362009221857244,1.1362009221857243,0.18383534799279677,10.29670991466378,2020-04,2020,04
SI0103,prism_tmax_us_30s_202004_avg_30y.tif,prism_vpdmax_us_30s_202004_avg_30y.tif,15.947708129882812,10.947708129882812,11.140301044170673,1.1140301044170673,0.19412809761676586,10.223642852006943,2020-04,2020,04
SI0104,prism_tmax_us_30s_202004_avg_30y.tif,prism_vpdmax_us_30s_202004_avg_30y.tif,16.44869199006454,11.448691990064539,11.979956585427988,1.1979956585427989,0.15438753697892738,10.492082660399312,2020-04,2020,04
SI0105,prism_tmax_us_30s_202004_avg_30y.tif,prism_vpdmax_us_30s_202004_avg_30y.tif,16.53392828078497,11.53392828078497,12.123185657319569,1.2123185657319568,0.14771830478727255,10.537790628986476,2020-04,2020,04
SI0106,prism_tmax_us_30s_202004_avg_30y.tif,prism_vpdmax_us_30s_202004_avg_30y.tif,16.493131197415867,11.493131197415867,12.128437922551083,1.2128437922551083,0.14352502543750512,10.513010723931735,2020-04,2020,04
SI0107,prism_tmax_us_30s_202004_avg_30y.tif,prism_vpdmax_us_30s_202004_avg_30y.tif,16.63531494140625,11.63531494140625,12.366488037109375,1.2366488037109375,0.13254147534086202,10.589312371586303,2020-04,2020,04
SI0191,prism_tmax_us_30s_202004_avg_30y.tif,prism_vpdmax_us_30s_202004_avg_30y.tif,16.366249084472656,11.366249084472656,11.903949737548828,1.190394973754883,0.15462140402886115,10.445429442679337,2020-04,2020,04
SI0201,prism_tmax_us_30s_202004_avg_30y.tif,prism_vpdmax_us_30s_202004_avg_30y.tif,15.710730511209238,10.710730511209238,10.784947934358016,1.0784947934358016,0.2091904230794419,10.09519603612586,2020-04,2020,04
SI0202,prism_tmax_us_30s_202004_avg_30y.tif,prism_vpdmax_us_30s_202004_avg_30y.tif,15.584619140625,10.584619140625,10.62146453857422,1.062146453857422,0.21475898577965924,10.02587933414578,2020-04,2020,04
SI0203,prism_tmax_us_30s_202004_avg_30y.tif,prism_vpdmax_us_30s_202004_avg_30y.tif,16.388964275981106,11.388964275981106,11.854380762854287,1.1854380762854286,0.16160452624090293,10.461053323293962,2020-04,2020,04
SI0204,prism_tmax_us_30s_202004_avg_30y.tif,prism_vpdmax_us_30s_202004_avg_30y.tif,16.592547098795574,11.592547098795574,12.257764180501303,1.2257764180501303,0.139546108361293,10.567815825603079,2020-04,2020,04
SI0291,prism_tmax_us_30s_202004_avg_30y.tif,prism_vpdmax_us_30s_202004_avg_30y.tif,16.468098958333332,11.468098958333332,12.03801037016369,1.203801037016369,0.15032144516319823,10.501488437324136,2020-04,2020,04
SI0301,prism_tmax_us_30s_202004_avg_30y.tif,prism_vpdmax_us_30s_202004_avg_30y.tif,15.725587632921007,10.725587632921007,10.830894470214844,1.0830894470214845,0.205870981705766,10.102315483676577,2020-04,2020,04
SI0302,prism_tmax_us_30s_202004_avg_30y.tif,prism_vpdmax_us_30s_202004_avg_30y.tif,15.977795831088361,10.977795831088361,11.192585912244073,1.1192585912244073,0.19151930571733589,10.239677323374012,2020-04,2020,04
SI0303,prism_tmax_us_30s_202004_avg_30y.tif,prism_vpdmax_us_30s_202004_avg_30y.tif,16.48402557373047,11.48402557373047,12.075170135498047,1.2075170135498046,0.14803430786425653,10.509619983295828,2020-04,2020,04
SI0304,prism_tmax_us_30s_202004_avg_30y.tif,prism_vpdmax_us_30s_202004_avg_30y.tif,16.16655815972222,11.166558159722221,11.576628960503472,1.1576628960503472,0.16965572702887388,10.338113177284846,2020-04,2020,04
SI0305,prism_tmax_us_30s_202004_avg_30y.tif,prism_vpdmax_us_30s_202004_avg_30y.tif,16.48806670217803,11.488066702178031,12.104693788470644,1.2104693788470644,0.14544469869938292,10.510893586723801,2020-04,2020,04
SI0391,prism_tmax_us_30s_202004_avg_30y.tif,prism_vpdmax_us_30s_202004_avg_30y.tif,16.533699544270835,11.533699544270835,12.157466634114583,1.2157466634114582,0.14426961721064901,10.536305601165347,2020-04,2020,04
SI9561,prism_tmax_us_30s_202004_avg_30y.tif,prism_vpdmax_us_30s_202004_avg_30y.tif,15.612200055803571,10.612200055803571,10.629956926618304,1.0629956926618305,0.2162605133216038,10.042107813376015,2020-04,2020,04
SI9591,prism_tmax_us_30s_202004_avg_30y.tif,prism_vpdmax_us_30s_202004_avg_30y.tif,15.213938903808593,10.213938903808593,10.107319641113282,1.0107319641113282,0.23494623138647852,9.823637227394357,2020-04,2020,04
SI9592,prism_tmax_us_30s_202004_avg_30y.tif,prism_vpdmax_us_30s_202004_avg_30y.tif,15.468437194824219,10.468437194824219,10.460023880004883,1.0460023880004883,0.22104230991425688,9.962473517261634,2020-04,2020,04
SI9593,prism_tmax_us_30s_202004_avg_30y.tif,prism_vpdmax_us_30s_202004_avg_30y.tif,15.597373962402344,10.597373962402344,10.655900319417318,1.0655900319417317,0.21240204954512065,10.03218504215336,2020-04,2020,04
BK0101,prism_tmax_us_30s_202005_avg_30y.tif,prism_vpdmax_us_30s_202005_avg_30y.tif,21.467264811197918,16.467264811197918,14.586690266927084,1.4586690266927085,0.41460082361133166,13.439877271628472,2020-05,2020,05
BK0102,prism_tmax_us_30s_202005_avg_30y.tif,prism_vpdmax_us_30s_202005_avg_30y.tif,21.547910902235245,16.547910902235245,14.716288248697916,1.4716288248697915,0.4112766331410278,13.484297198391806,2020-05,2020,05
BK0103,prism_tmax_us_30s_202005_avg_30y.tif,prism_vpdmax_us_30s_202005_avg_30y.tif,21.494798932756698,16.494798932756698,14.565885271344866,1.4565885271344867,0.41996623587808557,13.457597725573134,2020-05,2020,05
BK0104,prism_tmax_us_30s_202005_avg_30y.tif,prism_vpdmax_us_30s_202005_avg_30y.tif,21.366212972005208,16.366212972005208,14.376399739583333,1.4376399739583332,0.4236171886722666,13.386124310275152,2020-05,2020,05
BK0201,prism_tmax_us_30s_202005_avg_30y.tif,prism_vpdmax_us_30s_202005_avg_30y.tif,21.567798614501953,16.567798614501953,14.743074417114258,1.4743074417114257,0.41098086718785765,13.495457295227435,2020-05,2020,05
BK0202,prism_tmax_us_30s_202005_avg_30y.tif,prism_vpdmax_us_30s_202005_avg_30y.tif,21.553370666503906,16.553370666503906,14.674769592285156,1.4674769592285155,0.4160823988083009,13.489281550639374,2020-05,2020,05
BK0203,prism_tmax_us_30s_202005_avg_30y.tif,prism_vpdmax_us_30s_202005_avg_30y.tif,21.511520385742188,16.511520385742188,14.563766479492188,1.4563766479492188,0.42217550247936675,13.46794703119021,2020-05,2020,05
BK0204,prism_tmax_us_30s_202005_avg_30y.tif,prism_vpdmax_us_30s_202005_avg_30y.tif,21.459999084472656,16.459999084472656,14.446549733479818,1.4446549733479819,0.4277488920699626,13.440924795479491,2020-05,2020,05
BK0261,prism_tmax_us_30s_202005_avg_30y.tif,prism_vpdmax_us_30s_202005_avg_30y.tif,21.559783935546875,16.559783935546875,14.698941911969866,1.4698941911969867,0.4144335194495137,13.492269864598734,2020-05,2020,05
BK0301,prism_tmax_us_30s_202005_avg_30y.tif,prism_vpdmax_us_30s_202005_avg_30y.tif,21.400950113932293,16.400950113932293,14.329007466634115,1.4329007466634116,0.43247820971388684,13.409302651017166,2020-05,2020,05
BK0302,prism_tmax_us_30s_202005_avg_30y.tif,prism_vpdmax_us_30s_202005_avg_30y.tif,21.272164481026785,16.272164481026785,14.056549072265625,1.4056549072265625,0.4444827985974502,13.340999000590985,2020-05,2020,05
BK0401,prism_tmax_us_30s_202005_avg_30y.tif,prism_vpdmax_us_30s_202005_avg_30y.tif,21.289801025390624,16.289801025390624,14.172138977050782,1.417213897705078,0.43500455073891087,13.347273969836875,2020-05,2020,05
BK0402,prism_tmax_us_30s_202005_avg_30y.tif,prism_vpdmax_us_30s_202005_avg_30y.tif,21.22886962890625,16.22886962890625,14.010539245605468,1.401053924560547,0.44398457921830703,13.316255019222638,2020-05,2020,05
BK0471,prism_tmax_us_30s_202005_avg_30y.tif,prism_vpdmax_us_30s_202005_avg_30y.tif,21.210573196411133,16.210573196411133,13.96834945678711,1.396834945678711,0.4460523366276703,13.306693570659785,2020-05,2020,05
BK0501,prism_tmax_us_30s_202005_avg_30y.tif,prism_vpdmax_us_30s_202005_avg_30y.tif,20.957090759277342,15.957090759277342,13.48608856201172,1.348608856201172,0.46470032338922196,13.170297687602217,2020-05,2020,05
BK0502,prism_tmax_us_30s_202005_avg_30y.tif,prism_vpdmax_us_30s_202005_avg_30y.tif,20.76501007080078,15.76501007080078,13.096049499511718,1.3096049499511717,0.48156881894574544,13.06801725598972,2020-05,2020,05
BK0503,prism_tmax_us_30s_202005_avg_30y.tif,prism_vpdmax_us_30s_202005_avg_30y.tif,20.62179946899414,15.62179946899414,12.837381362915039,1.283738136291504,0.4910864898672813,12.990557289437518,2020-05,2020,05
BK0504,prism_tmax_us_30s_202005_avg_30y.tif,prism_vpdmax_us_30s_202005_avg_30y.tif,20.47061712091619,15.470617120916192,12.59629960493608,1.259629960493608,0.49807753228261187,12.907584377746545,2020-05,2020,05
BK0505,prism_tmax_us_30s_202005_avg_30y.tif,prism_vpdmax_us_30s_202005_avg_30y.tif,20.58257141113281,15.582571411132811,12.766899871826173,1.2766899871826172,0.4936791899615509,12.969333911767192,2020-05,2020,05
BK0571,prism_tmax_us_30s_202005_avg_30y.tif,prism_vpdmax_us_30s_202005_avg_30y.tif,21.05056635538737,16.05056635538737,13.682266235351562,1.3682266235351563,0.45594115495434795,13.219855997401696,2020-05,2020,05
BK0601,prism_tmax_us_30s_202005_avg_30y.tif,prism_vpdmax_us_30s_202005_avg_30y.tif,21.523015639361212,16.523015639361212,14.559552360983457,1.4559552360983457,0.4239711093106182,13.475170513476879,2020-05,2020,05
BK0602,prism_tmax_us_30s_202005_avg_30y.tif,prism_vpdmax_us_30s_202005_avg_30y.tif,21.472090287642047,16.472090287642047,14.4178730357777,1.44178730357777,0.4320578778206574,13.449473939076558,2020-05,2020,05
BK0701,prism_tmax_us_30s_202005_avg_30y.tif,prism_vpdmax_us_30s_202005_avg_30y.tif,21.363270350864955,16.363270350864955,14.138300214494977,1.4138300214494977,0.4470783464627839,13.393676079100302,2020-05,2020,05
BK0702,prism_tmax_us_30s_202005_avg_30y.tif,prism_vpdmax_us_30s_202005_avg_30y.tif,21.391246594880755,16.391246594880755,14.23443603515625,1.423443603515625,0.4407831613394251,13.407064601703782,2020-05,2020,05
BK0703,prism_tmax_us_30s_202005_avg_30y.tif,prism_vpdmax_us_30s_202005_avg_30y.tif,21.28955078125,16.28955078125,14.017749786376953,1.4017749786376954,0.45041393190747403,13.353187968208386,2020-05,2020,05
BK0771,prism_tmax_us_30s_202005_avg_30y.tif,prism_vpdmax_us_30s_202005_avg_30y.tif,21.313373565673828,16.313373565673828,14.044299125671387,1.4044299125671387,0.45057280330524563,13.36675792343602,2020-05,2020,05
BK0801,prism_tmax_us_30s_202005_avg_30y.tif,prism_vpdmax_us_30s_202005_avg_30y.tif,21.431482950846355,16.431482950846355,14.357499440511068,1.4357499440511068,0.43325853926079727,13.426921439059376,2020-05,2020,05
BK0802,prism_tmax_us_30s_202005_avg_30y.tif,prism_vpdmax_us_30s_202005_avg_30y.tif,21.289374033610027,16.289374033610027,14.031481424967447,1.4031481424967447,0.44901990565519245,13.352539899979375,2020-05,2020,05
BK0891,prism_tmax_us_30s_202005_avg_30y.tif,prism_vpdmax_us_30s_202005_avg_30y.tif,21.044099807739258,16.044099807739258,13.555500030517578,1.3555500030517578,0.467864758040065,13.220875440897903,2020-05,2020,05
BK0901,prism_tmax_us_30s_202005_avg_30y.tif,prism_vpdmax_us_30s_202005_avg_30y.tif,21.290514264787948,16.290514264787948,14.023771013532366,1.4023771013532367,0.4499255375131248,13.353542324377422,2020-05,2020,05
BK0902,prism_tmax_us_30s_202005_avg_30y.tif,prism_vpdmax_us_30s_202005_avg_30y.tif,21.16116943359375,16.16116943359375,13.77209930419922,1.377209930419922,0.459879630740772,13.284115763728778,2020-05,2020,05
BK1001,prism_tmax_us_30s_202005_avg_30y.tif,prism_vpdmax_us_30s_202005_avg_30y.tif,21.05742730034722,16.05742730034722,13.689215766059029,1.3689215766059029,0.4560454440625965,13.223787138813474,2020-05,2020,05
BK1002,prism_tmax_us_30s_202005_avg_30y.tif,prism_vpdmax_us_30s_202005_avg_30y.tif,21.00488142533736,16.00488142533736,13.571208607066762,1.3571208607066763,0.4617328262830551,13.196228768895523,2020-05,2020,05
BK1061,prism_tmax_us_30s_202005_avg_30y.tif,prism_vpdmax_us_30s_202005_avg_30y.tif,20.79687282017299,15.79687282017299,13.297014508928571,1.329701450892857,0.46512771825457233,13.07962208231213,2020-05,2020,05
BK1091,prism_tmax_us_30s_202005_avg_30y.tif,prism_vpdmax_us_30s_202005_avg_30y.tif,20.815342494419642,15.815342494419642,13.28472900390625,1.328472900390625,0.4684781631810877,13.091411112466103,2020-05,2020,05
BK1101,prism_tmax_us_30s_202005_avg_30y.tif,prism_vpdmax_us_30s_202005_avg_30y.tif,20.732663981119792,15.732663981119792,13.140213012695312,1.3140213012695312,0.4734482930922872,13.04648565648019,2020-05,2020,05
BK1102,prism_tmax_us_30s_202005_avg_30y.tif,prism_vpdmax_us_30s_202005_avg_30y.tif,20.662267049153645,15.662267049153645,13.050333658854166,1.3050333658854165,0.47439778856975745,13.006943747778031,2020-05,2020,05
BK1103,prism_tmax_us_30s_202005_avg_30y.tif,prism_vpdmax_us_30s_202005_avg_30y.tif,20.575460815429686,15.575460815429686,12.92681884765625,1.292681884765625,0.4768807348168669,12.95870041113166,2020-05,2020,05
BK1201,prism_tmax_us_30s_202005_avg_30y.tif,prism_vpdmax_us_30s_202005_avg_30y.tif,21.228070940290177,16.228070940290177,13.900543212890625,1.3900543212890626,0.45489022996094786,13.320088083519181,2020-05,2020,05
BK1202,prism_tmax_us_30s_202005_avg_30y.tif,prism_vpdmax_us_30s_202005_avg_30y.tif,20.959767659505207,15.959767659505207,13.462899525960287,1.3462899525960288,0.46732939960390874,13.172848716983788,2020-05,2020,05
BK1203,prism_tmax_us_30s_202005_avg_30y.tif,prism_vpdmax_us_30s_202005_avg_30y.tif,20.962269592285157,15.962269592285157,13.436190795898437,1.3436190795898437,0.4702902137676619,13.175430912836374,2020-05,2020,05
BK1204,prism_tmax_us_30s_202005_avg_30y.tif,prism_vpdmax_us_30s_202005_avg_30y.tif,20.729869079589843,15.729869079589843,13.125810241699218,1.3125810241699218,0.4745688220534794,13.045341315194458,2020-05,2020,05
BK1301,prism_tmax_us_30s_202005_avg_30y.tif,prism_vpdmax_us_30s_202005_avg_30y.tif,20.428040822347004,15.428040822347004,12.738882700602213,1.2738882700602212,0.4790248522187823,12.875955913192731,2020-05,2020,05
BK1302,prism_tmax_us_30s_202005_avg_30y.tif,prism_vpdmax_us_30s_202005_avg_30y.tif,20.352040010340072,15.352040010340072,12.636016845703125,1.2636016845703124,0.48078173940381985,12.833553909448522,2020-05,2020,05
BK1303,prism_tmax_us_30s_202005_avg_30y.tif,prism_vpdmax_us_30s_202005_avg_30y.tif,20.279383341471355,15.279383341471355,12.481249491373697,1.2481249491373698,0.48813813908555415,12.79524864327488,2020-05,2020,05
BK1391,prism_tmax_us_30s_202005_avg_30y.tif,prism_vpdmax_us_30s_202005_avg_30y.tif,20.450698852539062,15.450698852539062,12.778600056966146,1.2778600056966147,0.47760313033383617,12.888244279610845,2020-05,2020,05
BK1401,prism_tmax_us_30s_202005_avg_30y.tif,prism_vpdmax_us_30s_202005_avg_30y.tif,20.85629145304362,15.856291453043621,13.267316182454428,1.3267316182454427,0.4749317223317131,13.117165420752094,2020-05,2020,05
BK1402,prism_tmax_us_30s_202005_avg_30y.tif,prism_vpdmax_us_30s_202005_avg_30y.tif,20.85384576970881,15.853845769708808,13.272309736772018,1.3272309736772017,0.47415062156901655,13.115471745701516,2020-05,2020,05
BK1403,prism_tmax_us_30s_202005_avg_30y.tif,prism_vpdmax_us_30s_202005_avg_30y.tif,20.63213876577524,15.632138765775242,12.959783700796274,1.2959783700796275,0.4800222093934794,12.992071408486199,2020-05,2020,05
BK1501,prism_tmax_us_30s_202005_avg_30y.tif,prism_vpdmax_us_30s_202005_avg_30y.tif,20.50628427358774,15.506284273587742,12.80790006197416,1.280790006197416,0.4809426865961348,12.92107365895653,2020-05,2020,05
BK1502,prism_tmax_us_30s_202005_avg_30y.tif,prism_vpdmax_us_30s_202005_avg_30y.tif,20.446980285644532,15.446980285644532,12.673749542236328,1.2673749542236328,0.48766945839187303,12.890091919108455,2020-05,2020,05
BK1503,prism_tmax_us_30s_202005_avg_30y.tif,prism_vpdmax_us_30s_202005_avg_30y.tif,20.25762481689453,15.25762481689453,12.420585632324219,1.242058563232422,0.4917791820063713,12.784342489707702,2020-05,2020,05
BK1601,prism_tmax_us_30s_202005_avg_30y.tif,prism_vpdmax_us_30s_202005_avg_30y.tif,21.077911376953125,16.077911376953125,13.656410217285156,1.3656410217285155,0.46171404713429376,13.237629371256197,2020-05,2020,05
BK1602,prism_tmax_us_30s_202005_avg_30y.tif,prism_vpdmax_us_30s_202005_avg_30y.tif,20.85628162730824,15.856281627308238,13.230872414328836,1.3230872414328836,0.47857496713179937,13.118591644766568,2020-05,2020,05
BK1701,prism_tmax_us_30s_202005_avg_30y.tif,prism_vpdmax_us_30s_202005_avg_30y.tif,20.917032877604168,15.917032877604168,13.339954800075954,1.3339954800075955,0.47467774013187336,13.151505993473387,2020-05,2020,05
BK1702,prism_tmax_us_30s_202005_avg_30y.tif,prism_vpdmax_us_30s_202005_avg_30y.tif,20.71463182237413,15.71463182237413,13.026133219401041,1.3026133219401042,0.4827942014497657,13.039934364455888,2020-05,2020,05
BK1703,prism_tmax_us_30s_202005_avg_30y.tif,prism_vpdmax_us_30s_202005_avg_30y.tif,20.801362471147016,15.801362471147016,13.141081376509232,1.3141081376509232,0.4812366243442683,13.088498514507654,2020-05,2020,05
BK1704,prism_tmax_us_30s_202005_avg_30y.tif,prism_vpdmax_us_30s_202005_avg_30y.tif,20.805708451704547,15.805708451704547,13.14256425337358,1.314256425337358,0.4815875540003476,13.091100600838613,2020-05,2020,05
BK1771,prism_tmax_us_30s_202005_avg_30y.tif,prism_vpdmax_us_30s_202005_avg_30y.tif,20.77877426147461,15.77877426147461,13.098624229431152,1.3098624229431153,0.4828896181980096,13.07634062620792,2020-05,2020,05
BK1801,prism_tmax_us_30s_202005_avg_30y.tif,prism_vpdmax_us_30s_202005_avg_30y.tif,20.56300982306985,15.563009823069851,12.820157219381894,1.2820157219381894,0.4861353526826686,12.955277763284892,2020-05,2020,05
BK1802,prism_tmax_us_30s_202005_avg_30y.tif,prism_vpdmax_us_30s_202005_avg_30y.tif,20.381288316514755,15.381288316514755,12.554488288031685,1.2554488288031684,0.4922128644752213,12.854630131202628,2020-05,2020,05
BK1803,prism_tmax_us_30s_202005_avg_30y.tif,prism_vpdmax_us_30s_202005_avg_30y.tif,20.51964689555921,15.519646895559209,12.711152729235197,1.2711152729235198,0.49212753184882185,12.933045909798656,2020-05,2020,05
BK1891,prism_tmax_us_30s_202005_avg_30y.tif,prism_vpdmax_us_30s_202005_avg_30y.tif,20.1767333984375,15.176733398437499,12.268645477294921,1.2268645477294922,0.49798255566630467,12.740914981290919,2020-05,2020,05
BK1892,prism_tmax_us_30s_202005_avg_30y.tif,prism_vpdmax_us_30s_202005_avg_30y.tif,20.27935028076172,15.279350280761719,12.389715830485025,1.2389715830485026,0.49728781776315634,12.798825721572815,2020-05,2020,05
BK1893,prism_tmax_us_30s_202005_avg_30y.tif,prism_vpdmax_us_30s_202005_avg_30y.tif,20.370922512478298,15.370922512478298,12.507899814181858,1.2507899814181858,0.4957092529438982,12.850126800982146,2020-05,2020,05
BK5591,prism_tmax_us_30s_202005_avg_30y.tif,prism_vpdmax_us_30s_202005_avg_30y.tif,21.317241668701172,16.317241668701172,14.077899932861328,1.4077899932861329,0.4476699531473445,13.367810317740469,2020-05,2020,05
BK5691,prism_tmax_us_30s_202005_avg_30y.tif,prism_vpdmax_us_30s_202005_avg_30y.tif,20.07547318307977,15.075473183079769,12.09760967053865,1.2097609670538652,0.5038892422016565,12.685821766991479,2020-05,2020,05
BK5692,prism_tmax_us_30s_202005_avg_30y.tif,prism_vpdmax_us_30s_202005_avg_30y.tif,20.019612031824447,15.019612031824447,11.967358757467832,1.1967358757467832,0.5107647802667374,12.656850580689289,2020-05,2020,05
BK5693,prism_tmax_us_30s_202005_avg_30y.tif,prism_vpdmax_us_30s_202005_avg_30y.tif,20.35598924424913,15.35598924424913,12.429855346679688,1.2429855346679688,0.5018402204663241,12.844069108132521,2020-05,2020,05
BX0101,prism_tmax_us_30s_202005_avg_30y.tif,prism_vpdmax_us_30s_202005_avg_30y.tif,21.41143094576322,16.41143094576322,14.599893423227163,1.4599893423227164,0.4066348042269241,13.405088824308926,2020-05,2020,05
BX0102,prism_tmax_us_30s_202005_avg_30y.tif,prism_vpdmax_us_30s_202005_avg_30y.tif,21.406723022460938,16.406723022460938,14.511888292100695,1.4511888292100694,0.4148758957315193,13.405658180757838,2020-05,2020,05
BX0201,prism_tmax_us_30s_202005_avg_30y.tif,prism_vpdmax_us_30s_202005_avg_30y.tif,21.24280003138951,16.24280003138951,14.303265162876674,1.4303265162876673,0.41635134373944505,13.313293695887452,2020-05,2020,05
BX0202,prism_tmax_us_30s_202005_avg_30y.tif,prism_vpdmax_us_30s_202005_avg_30y.tif,21.34182357788086,16.34182357788086,14.415437698364258,1.4415437698364257,0.4168241989178343,13.369625878833157,2020-05,2020,05
BX0291,prism_tmax_us_30s_202005_avg_30y.tif,prism_vpdmax_us_30s_202005_avg_30y.tif,21.305574417114258,16.305574417114258,14.502249717712402,1.4502249717712403,0.40385614303862094,13.34397615871796,2020-05,2020,05
BX0301,prism_tmax_us_30s_202005_avg_30y.tif,prism_vpdmax_us_30s_202005_avg_30y.tif,21.37337166922433,16.37337166922433,14.401985168457031,1.4401985168457032,0.42190741955577304,13.389511352335612,2020-05,2020,05
BX0302,prism_tmax_us_30s_202005_avg_30y.tif,prism_vpdmax_us_30s_202005_avg_30y.tif,21.382364908854168,16.382364908854168,14.379915873209635,1.4379915873209634,0.425181116730597,13.395897082195438,2020-05,2020,05
BX0303,prism_tmax_us_30s_202005_avg_30y.tif,prism_vpdmax_us_30s_202005_avg_30y.tif,21.338863372802734,16.338863372802734,14.309849739074707,1.4309849739074707,0.42703259333273436,13.371959341558915,2020-05,2020,05
BX0391,prism_tmax_us_30s_202005_avg_30y.tif,prism_vpdmax_us_30s_202005_avg_30y.tif,21.3593994140625,16.3593994140625,14.322500610351563,1.4322500610351563,0.42819956428651973,13.38406189653804,2020-05,2020,05
BX0401,prism_tmax_us_30s_202005_avg_30y.tif,prism_vpdmax_us_30s_202005_avg_30y.tif,21.442919921875,16.442919921875,14.536520385742188,1.4536520385742189,0.4167175827786922,13.426905605735149,2020-05,2020,05
BX0402,prism_tmax_us_30s_202005_avg_30y.tif,prism_vpdmax_us_30s_202005_avg_30y.tif,21.479835510253906,16.479835510253906,14.612667083740234,1.4612667083740234,0.4135022427937509,13.446573115731908,2020-05,2020,05
BX0403,prism_tmax_us_30s_202005_avg_30y.tif,prism_vpdmax_us_30s_202005_avg_30y.tif,21.429351806640625,16.429351806640625,14.491766611735025,1.4491766611735026,0.4195782861233499,13.42033674081171,2020-05,2020,05
BX0491,prism_tmax_us_30s_202005_avg_30y.tif,prism_vpdmax_us_30s_202005_avg_30y.tif,21.470998128255207,16.470998128255207,14.605199178059896,1.4605199178059896,0.4131950342438411,13.44144158717853,2020-05,2020,05
BX0492,prism_tmax_us_30s_202005_avg_30y.tif,prism_vpdmax_us_30s_202005_avg_30y.tif,21.39794921875,16.39794921875,14.395849227905273,1.4395849227905273,0.425437642007257,13.404834200340101,2020-05,2020,05
BX0501,prism_tmax_us_30s_202005_avg_30y.tif,prism_vpdmax_us_30s_202005_avg_30y.tif,21.471073150634766,16.471073150634766,14.507624626159668,1.4507624626159668,0.42296143486683446,13.445322320312576,2020-05,2020,05
BX0502,prism_tmax_us_30s_202005_avg_30y.tif,prism_vpdmax_us_30s_202005_avg_30y.tif,21.417375352647568,16.417375352647568,14.398432413736979,1.439843241373698,0.4274874625298082,13.416654397725384,2020-05,2020,05
BX0503,prism_tmax_us_30s_202005_avg_30y.tif,prism_vpdmax_us_30s_202005_avg_30y.tif,21.429998779296874,16.429998779296874,14.401559448242187,1.4401559448242187,0.42867596773832206,13.424278963182488,2020-05,2020,05
BX0601,prism_tmax_us_30s_202005_avg_30y.tif,prism_vpdmax_us_30s_202005_avg_30y.tif,21.29961395263672,16.29961395263672,14.213136672973633,1.4213136672973632,0.4320633885111651,13.351682022829905,2020-05,2020,05
BX0602,prism_tmax_us_30s_202005_avg_30y.tif,prism_vpdmax_us_30s_202005_avg_30y.tif,21.375598907470703,16.375598907470703,14.32194995880127,1.432194995880127,0.430175083068409,13.394023388181772,2020-05,2020,05
BX0603,prism_tmax_us_30s_202005_avg_30y.tif,prism_vpdmax_us_30s_202005_avg_30y.tif,21.39178466796875,16.39178466796875,14.333370753696986,1.4333370753696986,0.4309535637097479,13.40350665727621,2020-05,2020,05
BX0701,prism_tmax_us_30s_202005_avg_30y.tif,prism_vpdmax_us_30s_202005_avg_30y.tif,21.475233289930557,16.475233289930557,14.492833455403646,1.4492833455403646,0.42493665245911183,13.448457379807055,2020-05,2020,05
BX0702,prism_tmax_us_30s_202005_avg_30y.tif,prism_vpdmax_us_30s_202005_avg_30y.tif,21.48245578342014,16.48245578342014,14.476255628797743,1.4476255628797743,0.4274559975895664,13.453542636251917,2020-05,2020,05
BX0703,prism_tmax_us_30s_202005_avg_30y.tif,prism_vpdmax_us_30s_202005_avg_30y.tif,21.428848266601562,16.428848266601562,14.374174118041992,1.4374174118041991,0.43127763520307627,13.424649077797895,2020-05,2020,05
BX0801,prism_tmax_us_30s_202005_avg_30y.tif,prism_vpdmax_us_30s_202005_avg_30y.tif,21.513972691127233,16.513972691127233,14.544657026018415,1.4544657026018415,0.4243795337112959,13.470203672617679,2020-05,2020,05
BX0802,prism_tmax_us_30s_202005_avg_30y.tif,prism_vpdmax_us_30s_202005_avg_30y.tif,21.541549682617188,16.541549682617188,14.600916544596354,1.4600916544596354,0.42205218971138936,13.48492518060052,2020-05,2020,05
BX0803,prism_tmax_us_30s_202005_avg_30y.tif,prism_vpdmax_us_30s_202005_avg_30y.tif,21.631639268663193,16.631639268663193,14.780015733506945,1.4780015733506944,0.4149536802374105,13.53321626166533,2020-05,2020,05
BX0901,prism_tmax_us_30s_202005_avg_30y.tif,prism_vpdmax_us_30s_202005_avg_30y.tif,21.263499866832387,16.263499866832387,14.216253107244318,1.4216253107244319,0.42749090273164114,13.329408349267498,2020-05,2020,05
BX0902,prism_tmax_us_30s_202005_avg_30y.tif,prism_vpdmax_us_30s_202005_avg_30y.tif,21.187959289550783,16.187959289550783,14.124130249023438,1.4124130249023437,0.42781844183211803,13.286705564815314,2020-05,2020,05
BX0903,prism_tmax_us_30s_202005_avg_30y.tif,prism_vpdmax_us_30s_202005_avg_30y.tif,21.191441127232142,16.191441127232142,14.060528346470424,1.4060528346470424,0.4345873264387934,13.291339938431069,2020-05,2020,05
BX0904,prism_tmax_us_30s_202005_avg_30y.tif,prism_vpdmax_us_30s_202005_avg_30y.tif,21.242149353027344,16.242149353027344,14.099316914876303,1.4099316914876303,0.43666956706565707,13.320909823023307,2020-05,2020,05
BX0991,prism_tmax_us_30s_202005_avg_30y.tif,prism_vpdmax_us_30s_202005_avg_30y.tif,21.222885131835938,16.222885131835938,14.213429042271205,1.4213429042271204,0.42299172425148246,13.304611617381807,2020-05,2020,05
BX1001,prism_tmax_us_30s_202005_avg_30y.tif,prism_vpdmax_us_30s_202005_avg_30y.tif,21.21412467956543,16.21412467956543,14.035237312316895,1.4035237312316895,0.4397809482892441,13.30624260599127,2020-05,2020,05
BX1002,prism_tmax_us_30s_202005_avg_30y.tif,prism_vpdmax_us_30s_202005_avg_30y.tif,21.08921259099787,16.08921259099787,13.80506758256392,1.380506758256392,0.4481669859859734,13.23871316458828,2020-05,2020,05
BX1003,prism_tmax_us_30s_202005_avg_30y.tif,prism_vpdmax_us_30s_202005_avg_30y.tif,21.056724548339844,16.056724548339844,13.66649932861328,1.366649932861328,0.4582352090253943,13.22424925605567,2020-05,2020,05
BX1004,prism_tmax_us_30s_202005_avg_30y.tif,prism_vpdmax_us_30s_202005_avg_30y.tif,21.19503506747159,16.19503506747159,13.907244595614346,1.3907244595614345,0.45033763777111946,13.29956757490044,2020-05,2020,05
BX1071,prism_tmax_us_30s_202005_avg_30y.tif,prism_vpdmax_us_30s_202005_avg_30y.tif,20.847716013590496,15.847716013590496,13.224615732828775,1.3224615732828775,0.4782140371914918,13.113593096322067,2020-05,2020,05
BX1091,prism_tmax_us_30s_202005_avg_30y.tif,prism_vpdmax_us_30s_202005_avg_30y.tif,21.11748695373535,16.11748695373535,13.909862518310547,1.3909862518310547,0.44099032325055143,13.25192429980541,2020-05,2020,05
BX1101,prism_tmax_us_30s_202005_avg_30y.tif,prism_vpdmax_us_30s_202005_avg_30y.tif,21.274799346923828,16.274799346923828,14.152612686157227,1.4152612686157227,0.4351871659634896,13.33883978592946,2020-05,2020,05
BX1102,prism_tmax_us_30s_202005_avg_30y.tif,prism_vpdmax_us_30s_202005_avg_30y.tif,21.243020629882814,16.243020629882814,14.066619873046875,1.4066619873046875,0.4400418434353486,13.322729141613648,2020-05,2020,05
BX1103,prism_tmax_us_30s_202005_avg_30y.tif,prism_vpdmax_us_30s_202005_avg_30y.tif,21.26780839399858,16.26780839399858,14.07939980246804,1.407939980246804,0.44168411413034936,13.33742921625042,2020-05,2020,05
BX1104,prism_tmax_us_30s_202005_avg_30y.tif,prism_vpdmax_us_30s_202005_avg_30y.tif,21.339826311383927,16.339826311383927,14.226612636021205,1.4226612636021205,0.435470280987736,13.375821338982865,2020-05,2020,05
BX1161,prism_tmax_us_30s_202005_avg_30y.tif,prism_vpdmax_us_30s_202005_avg_30y.tif,21.210599626813615,16.210599626813615,13.988385881696429,1.3988385881696428,0.44405180013202017,13.305922345855201,2020-05,2020,05
BX1201,prism_tmax_us_30s_202005_avg_30y.tif,prism_vpdmax_us_30s_202005_avg_30y.tif,21.35198211669922,16.35198211669922,14.214457194010416,1.4214457194010417,0.43812516292500336,13.383757049197982,2020-05,2020,05
BX1202,prism_tmax_us_30s_202005_avg_30y.tif,prism_vpdmax_us_30s_202005_avg_30y.tif,21.237766810825892,16.237766810825892,13.962817964099703,1.3962817964099703,0.4498035974412802,13.323586595532703,2020-05,2020,05
BX1203,prism_tmax_us_30s_202005_avg_30y.tif,prism_vpdmax_us_30s_202005_avg_30y.tif,21.360663277762278,16.360663277762278,14.218185424804688,1.4218185424804688,0.4387808517370382,13.388936953223865,2020-05,2020,05
BX1271,prism_tmax_us_30s_202005_avg_30y.tif,prism_vpdmax_us_30s_202005_avg_30y.tif,21.438683646065847,16.438683646065847,14.382799421037946,1.4382799421037946,0.4315854098941272,13.430346693407726,2020-05,2020,05
BX2691,prism_tmax_us_30s_202005_avg_30y.tif,prism_vpdmax_us_30s_202005_avg_30y.tif,21.522715849034928,16.522715849034928,14.54039899040671,1.4540398990406709,0.4258505968852413,13.475739170978702,2020-05,2020,05
BX2791,prism_tmax_us_30s_202005_avg_30y.tif,prism_vpdmax_us_30s_202005_avg_30y.tif,21.342245248647835,16.342245248647835,14.240220289963942,1.424022028996394,0.434395857928112,13.37677062814907,2020-05,2020,05
BX2891,prism_tmax_us_30s_202005_avg_30y.tif,prism_vpdmax_us_30s_202005_avg_30y.tif,21.06505650111607,16.06505650111607,13.651891217912947,1.3651891217912948,0.46066699671003963,13.229929165839856,2020-05,2020,05
MN0101,prism_tmax_us_30s_202005_avg_30y.tif,prism_vpdmax_us_30s_202005_avg_30y.tif,21.643128967285158,16.643128967285158,14.928170776367187,1.4928170776367187,0.4015209281260257,13.534451849204212,2020-05,2020,05
MN0102,prism_tmax_us_30s_202005_avg_30y.tif,prism_vpdmax_us_30s_202005_avg_30y.tif,21.721237182617188,16.721237182617188,15.072162628173828,1.5072162628173829,0.3965453194010744,13.576783793068566,2020-05,2020,05
MN0191,prism_tmax_us_30s_202005_avg_30y.tif,prism_vpdmax_us_30s_202005_avg_30y.tif,21.548484802246094,16.548484802246094,14.627825419108072,1.4627825419108071,0.4201916410732809,13.488126197815333,2020-05,2020,05
MN0201,prism_tmax_us_30s_202005_avg_30y.tif,prism_vpdmax_us_30s_202005_avg_30y.tif,21.702799479166668,16.702799479166668,15.010098775227865,1.5010098775227865,0.4005235432422949,13.567893057181722,2020-05,2020,05
MN0202,prism_tmax_us_30s_202005_avg_30y.tif,prism_vpdmax_us_30s_202005_avg_30y.tif,21.690025329589844,16.690025329589844,14.965874671936035,1.4965874671936035,0.4034035618808063,13.561781961696598,2020-05,2020,05
MN0203,prism_tmax_us_30s_202005_avg_30y.tif,prism_vpdmax_us_30s_202005_avg_30y.tif,21.766555786132812,16.766555786132812,15.101621839735243,1.5101621839735242,0.39908578811040574,13.603477845464692,2020-05,2020,05
MN0301,prism_tmax_us_30s_202005_avg_30y.tif,prism_vpdmax_us_30s_202005_avg_30y.tif,21.62896728515625,16.62896728515625,14.882266998291016,1.4882266998291016,0.4044071149884543,13.527556446874055,2020-05,2020,05
MN0302,prism_tmax_us_30s_202005_avg_30y.tif,prism_vpdmax_us_30s_202005_avg_30y.tif,21.61358642578125,16.61358642578125,14.819756644112724,1.4819756644112725,0.4088087676033485,13.520565349086084,2020-05,2020,05
MN0303,prism_tmax_us_30s_202005_avg_30y.tif,prism_vpdmax_us_30s_202005_avg_30y.tif,21.636109924316408,16.636109924316408,14.872518920898438,1.4872518920898439,0.4062412869154317,13.532327152845166,2020-05,2020,05
MN0401,prism_tmax_us_30s_202005_avg_30y.tif,prism_vpdmax_us_30s_202005_avg_30y.tif,21.713724772135418,16.713724772135418,15.031475067138672,1.503147506713867,0.3997059390075035,13.57376637983073,2020-05,2020,05
MN0402,prism_tmax_us_30s_202005_avg_30y.tif,prism_vpdmax_us_30s_202005_avg_30y.tif,21.645999908447266,16.645999908447266,14.949450492858887,1.4949450492858887,0.39973860413280193,13.535379219513791,2020-05,2020,05
MN0501,prism_tmax_us_30s_202005_avg_30y.tif,prism_vpdmax_us_30s_202005_avg_30y.tif,21.660999298095703,16.660999298095703,14.914787292480469,1.491478729248047,0.4050116778802051,13.545956191427182,2020-05,2020,05
MN0502,prism_tmax_us_30s_202005_avg_30y.tif,prism_vpdmax_us_30s_202005_avg_30y.tif,21.534649658203126,16.534649658203126,14.70666961669922,1.470666961669922,0.41065106400577567,13.47653222435544,2020-05,2020,05
MN0601,prism_tmax_us_30s_202005_avg_30y.tif,prism_vpdmax_us_30s_202005_avg_30y.tif,21.625999450683594,16.625999450683594,14.87559986114502,1.487559986114502,0.4047168552097211,13.525995412635016,2020-05,2020,05
MN0602,prism_tmax_us_30s_202005_avg_30y.tif,prism_vpdmax_us_30s_202005_avg_30y.tif,21.658482869466145,16.658482869466145,14.911348978678385,1.4911348978678385,0.4050522871463955,13.544545335835837,2020-05,2020,05
MN0603,prism_tmax_us_30s_202005_avg_30y.tif,prism_vpdmax_us_30s_202005_avg_30y.tif,21.59245910644531,16.59245910644531,14.812449645996093,1.4812449645996093,0.407001715658011,13.507875987608088,2020-05,2020,05
MN0604,prism_tmax_us_30s_202005_avg_30y.tif,prism_vpdmax_us_30s_202005_avg_30y.tif,21.498133341471355,16.498133341471355,14.63696543375651,1.463696543375651,0.41325636813120736,13.456851357289821,2020-05,2020,05
MN0661,prism_tmax_us_30s_202005_avg_30y.tif,prism_vpdmax_us_30s_202005_avg_30y.tif,21.540498733520508,16.540498733520508,14.675399780273438,1.4675399780273437,0.414478064466423,13.48135266124143,2020-05,2020,05
MN0701,prism_tmax_us_30s_202005_avg_30y.tif,prism_vpdmax_us_30s_202005_avg_30y.tif,21.575788709852432,16.575788709852432,14.824654473198784,1.4824654473198784,0.40378094039512447,13.497158108061612,2020-05,2020,05
MN0702,prism_tmax_us_30s_202005_avg_30y.tif,prism_vpdmax_us_30s_202005_avg_30y.tif,21.510069274902342,16.510069274902342,14.710359191894531,1.471035919189453,0.4073428214164625,13.461295007686296,2020-05,2020,05
MN0703,prism_tmax_us_30s_202005_avg_30y.tif,prism_vpdmax_us_30s_202005_avg_30y.tif,21.508784702845983,16.508784702845983,14.700828552246094,1.4700828552246095,0.40814238888459076,13.460880885345315,2020-05,2020,05
MN0801,prism_tmax_us_30s_202005_avg_30y.tif,prism_vpdmax_us_30s_202005_avg_30y.tif,21.445899963378906,16.445899963378906,14.568841298421225,1.4568841298421225,0.4138402951376703,13.427464515224942,2020-05,2020,05
MN0802,prism_tmax_us_30s_202005_avg_30y.tif,prism_vpdmax_us_30s_202005_avg_30y.tif,21.43961944580078,16.43961944580078,14.542349243164063,1.4542349243164063,0.4157418112931719,13.424650757607258,2020-05,2020,05
MN0803,prism_tmax_us_30s_202005_avg_30y.tif,prism_vpdmax_us_30s_202005_avg_30y.tif,21.45953369140625,16.45953369140625,14.597949981689453,1.4597949981689453,0.4125534100985748,13.434689093196083,2020-05,2020,05
MN0901,prism_tmax_us_30s_202005_avg_30y.tif,prism_vpdmax_us_30s_202005_avg_30y.tif,21.538150787353516,16.538150787353516,14.749174118041992,1.4749174118041992,0.40681960128782,13.477011599735555,2020-05,2020,05
MN0902,prism_tmax_us_30s_202005_avg_30y.tif,prism_vpdmax_us_30s_202005_avg_30y.tif,21.53679911295573,16.53679911295573,14.731749216715494,1.4731749216715495,0.408400324042979,13.476866424394789,2020-05,2020,05
MN0903,prism_tmax_us_30s_202005_avg_30y.tif,prism_vpdmax_us_30s_202005_avg_30y.tif,21.530832926432293,16.530832926432293,14.705782572428385,1.4705782572428385,0.4102831053146858,13.474223529675779,2020-05,2020,05
MN1001,prism_tmax_us_30s_202005_avg_30y.tif,prism_vpdmax_us_30s_202005_avg_30y.tif,21.513015747070312,16.513015747070312,14.716082255045572,1.4716082255045573,0.40712263741736,13.462879125093888,2020-05,2020,05
MN1002,prism_tmax_us_30s_202005_avg_30y.tif,prism_vpdmax_us_30s_202005_avg_30y.tif,21.51349792480469,16.51349792480469,14.680619812011718,1.468061981201172,0.41072651055767206,13.464568842013422,2020-05,2020,05
MN1101,prism_tmax_us_30s_202005_avg_30y.tif,prism_vpdmax_us_30s_202005_avg_30y.tif,21.479678683810764,16.479678683810764,14.669353908962673,1.4669353908962672,0.4078148516840201,13.444249050432521,2020-05,2020,05
MN1102,prism_tmax_us_30s_202005_avg_30y.tif,prism_vpdmax_us_30s_202005_avg_30y.tif,21.49930919300426,16.49930919300426,14.721507679332387,1.4721507679332386,0.4049425649832903,13.454250740471847,2020-05,2020,05
MN1191,prism_tmax_us_30s_202005_avg_30y.tif,prism_vpdmax_us_30s_202005_avg_30y.tif,21.421112060546875,16.421112060546875,14.641762733459473,1.4641762733459474,0.40359869883662314,13.40938482697287,2020-05,2020,05
MN1201,prism_tmax_us_30s_202005_avg_30y.tif,prism_vpdmax_us_30s_202005_avg_30y.tif,21.533855862087673,16.533855862087673,14.684599134657118,1.4684599134657117,0.4127631283431066,13.47691218324255,2020-05,2020,05
MN1202,prism_tmax_us_30s_202005_avg_30y.tif,prism_vpdmax_us_30s_202005_avg_30y.tif,21.543785942925346,16.543785942925346,14.651465521918404,1.4651465521918403,0.41726500338872596,13.48431177597044,2020-05,2020,05
MN1203,prism_tmax_us_30s_202005_avg_30y.tif,prism_vpdmax_us_30s_202005_avg_30y.tif,21.53169904436384,16.53169904436384,14.598956516810826,1.4598956516810826,0.4210693313617724,13.478953605379472,2020-05,2020,05
MN1291,prism_tmax_us_30s_202005_avg_30y.tif,prism_vpdmax_us_30s_202005_avg_30y.tif,21.516916910807293,16.516916910807293,14.636900583902994,1.4636900583902994,0.4155071075869048,13.468386181709388,2020-05,2020,05
MN1292,prism_tmax_us_30s_202005_avg_30y.tif,prism_vpdmax_us_30s_202005_avg_30y.tif,21.5555419921875,16.5555419921875,14.652143205915179,1.4652143205915178,0.41860514607305754,13.491504131977022,2020-05,2020,05
MN6491,prism_tmax_us_30s_202005_avg_30y.tif,prism_vpdmax_us_30s_202005_avg_30y.tif,21.45291951497396,16.45291951497396,14.586119588216146,1.4586119588216147,0.4129484467622797,13.43109410456781,2020-05,2020,05
QN0101,prism_tmax_us_30s_202005_avg_30y.tif,prism_vpdmax_us_30s_202005_avg_30y.tif,21.34081268310547,16.34081268310547,14.629132270812988,1.4629132270812988,0.3953350748522726,13.360607475737742,2020-05,2020,05
QN0102,prism_tmax_us_30s_202005_avg_30y.tif,prism_vpdmax_us_30s_202005_avg_30y.tif,21.422479248046876,16.422479248046876,14.605758666992188,1.4605758666992188,0.4073616775975746,13.411638872938425,2020-05,2020,05
QN0103,prism_tmax_us_30s_202005_avg_30y.tif,prism_vpdmax_us_30s_202005_avg_30y.tif,21.391099548339845,16.391099548339845,14.591749572753907,1.4591749572753907,0.40503435213643235,13.39293194429831,2020-05,2020,05
QN0104,prism_tmax_us_30s_202005_avg_30y.tif,prism_vpdmax_us_30s_202005_avg_30y.tif,21.343874844637785,16.343874844637785,14.565818093039773,1.4565818093039773,0.4020290032710381,13.36497443519514,2020-05,2020,05
QN0105,prism_tmax_us_30s_202005_avg_30y.tif,prism_vpdmax_us_30s_202005_avg_30y.tif,21.41659129749645,16.41659129749645,14.55419921875,1.455419921875,0.4118175751402082,13.410051572710586,2020-05,2020,05
QN0151,prism_tmax_us_30s_202005_avg_30y.tif,prism_vpdmax_us_30s_202005_avg_30y.tif,21.193010118272568,16.193010118272568,14.422332763671875,1.4422332763671875,0.3985910771892358,13.278083030395916,2020-05,2020,05
QN0161,prism_tmax_us_30s_202005_avg_30y.tif,prism_vpdmax_us_30s_202005_avg_30y.tif,21.363075256347656,16.363075256347656,14.515349388122559,1.4515349388122558,0.4093503061846129,13.378738340679673,2020-05,2020,05
QN0171,prism_tmax_us_30s_202005_avg_30y.tif,prism_vpdmax_us_30s_202005_avg_30y.tif,21.280765533447266,16.280765533447266,14.578300476074219,1.457830047607422,0.3933221461353218,13.32576966089578,2020-05,2020,05
QN0191,prism_tmax_us_30s_202005_avg_30y.tif,prism_vpdmax_us_30s_202005_avg_30y.tif,21.40289878845215,16.40289878845215,14.635825157165527,1.4635825157165527,0.40202790062139937,13.398440577996578,2020-05,2020,05
QN0201,prism_tmax_us_30s_202005_avg_30y.tif,prism_vpdmax_us_30s_202005_avg_30y.tif,21.464678955078124,16.464678955078124,14.616159057617187,1.4616159057617186,0.4113457022185345,13.437131828501178,2020-05,2020,05
QN0202,prism_tmax_us_30s_202005_avg_30y.tif,prism_vpdmax_us_30s_202005_avg_30y.tif,21.373782687717014,16.373782687717014,14.484761555989584,1.4484761555989585,0.4136785236661602,13.386510443736347,2020-05,2020,05
QN0203,prism_tmax_us_30s_202005_avg_30y.tif,prism_vpdmax_us_30s_202005_avg_30y.tif,21.278708718039773,16.278708718039773,14.431481101296164,1.4431481101296164,0.40776143938808773,13.330278088808068,2020-05,2020,05
QN0261,prism_tmax_us_30s_202005_avg_30y.tif,prism_vpdmax_us_30s_202005_avg_30y.tif,21.381757463727677,16.381757463727677,14.52547127859933,1.452547127859933,0.410553504896628,13.389804009357967,2020-05,2020,05
QN0271,prism_tmax_us_30s_202005_avg_30y.tif,prism_vpdmax_us_30s_202005_avg_30y.tif,21.30770002092634,16.30770002092634,14.392929077148438,1.4392929077148438,0.41503934328809855,13.349576373777456,2020-05,2020,05
QN0301,prism_tmax_us_30s_202005_avg_30y.tif,prism_vpdmax_us_30s_202005_avg_30y.tif,21.254974365234375,16.254974365234375,14.530408223470053,1.4530408223470053,0.3950707814516947,13.311833282198405,2020-05,2020,05
QN0302,prism_tmax_us_30s_202005_avg_30y.tif,prism_vpdmax_us_30s_202005_avg_30y.tif,21.209571144797586,16.209571144797586,14.515691583806818,1.4515691583806818,0.391200370208024,13.284568584591984,2020-05,2020,05
QN0303,prism_tmax_us_30s_202005_avg_30y.tif,prism_vpdmax_us_30s_202005_avg_30y.tif,21.189449310302734,16.189449310302734,14.380962371826172,1.4380962371826171,0.40231011684590756,13.27752563486209,2020-05,2020,05
QN0401,prism_tmax_us_30s_202005_avg_30y.tif,prism_vpdmax_us_30s_202005_avg_30y.tif,21.237267127403847,16.237267127403847,14.385953463040865,1.4385953463040866,0.40743123832705885,13.306650937900514,2020-05,2020,05
QN0402,prism_tmax_us_30s_202005_avg_30y.tif,prism_vpdmax_us_30s_202005_avg_30y.tif,21.173878987630207,16.173878987630207,14.237433539496529,1.423743353949653,0.41483619301713004,13.273620009842059,2020-05,2020,05
QN0501,prism_tmax_us_30s_202005_avg_30y.tif,prism_vpdmax_us_30s_202005_avg_30y.tif,21.270849227905273,16.270849227905273,14.295612335205078,1.429561233520508,0.4204213821003213,13.330797115387716,2020-05,2020,05
QN0502,prism_tmax_us_30s_202005_avg_30y.tif,prism_vpdmax_us_30s_202005_avg_30y.tif,21.272028305951288,16.272028305951288,14.191575891831341,1.419157589183134,0.43096405880748323,13.335608924585719,2020-05,2020,05
QN0503,prism_tmax_us_30s_202005_avg_30y.tif,prism_vpdmax_us_30s_202005_avg_30y.tif,21.226186752319336,16.226186752319336,14.091693878173828,1.4091693878173828,0.43555353643757755,13.31142042838503,2020-05,2020,05
QN0504,prism_tmax_us_30s_202005_avg_30y.tif,prism_vpdmax_us_30s_202005_avg_30y.tif,21.244114802433895,16.244114802433895,14.22710712139423,1.422710712139423,0.42412193854110947,13.317093014826673,2020-05,2020,05
QN0571,prism_tmax_us_30s_202005_avg_30y.tif,prism_vpdmax_us_30s_202005_avg_30y.tif,21.279612949916295,16.279612949916295,14.273585728236608,1.4273585728236609,0.42365764624782365,13.337037997577932,2020-05,2020,05
QN0572,prism_tmax_us_30s_202005_avg_30y.tif,prism_vpdmax_us_30s_202005_avg_30y.tif,21.274198532104492,16.274198532104492,14.210774421691895,1.4210774421691894,0.4293001345173606,13.336185520568568,2020-05,2020,05
QN0573,prism_tmax_us_30s_202005_avg_30y.tif,prism_vpdmax_us_30s_202005_avg_30y.tif,21.215965270996094,16.215965270996094,14.112266540527344,1.4112266540527343,0.43229437831159334,13.30434399933124,2020-05,2020,05
QN0574,prism_tmax_us_30s_202005_avg_30y.tif,prism_vpdmax_us_30s_202005_avg_30y.tif,21.196460723876953,16.196460723876953,13.982715606689453,1.3982715606689453,0.4429579352429931,13.297475698988727,2020-05,2020,05
QN0601,prism_tmax_us_30s_202005_avg_30y.tif,prism_vpdmax_us_30s_202005_avg_30y.tif,21.207388983832466,16.207388983832466,14.18461185031467,1.418461185031467,0.42405193490155524,13.296241964249319,2020-05,2020,05
QN0602,prism_tmax_us_30s_202005_avg_30y.tif,prism_vpdmax_us_30s_202005_avg_30y.tif,21.141525268554688,16.141525268554688,14.007162094116211,1.400716209411621,0.4340724786732495,13.262835311389095,2020-05,2020,05
QN0701,prism_tmax_us_30s_202005_avg_30y.tif,prism_vpdmax_us_30s_202005_avg_30y.tif,21.100832852450285,16.100832852450285,14.089935302734375,1.4089935302734375,0.4210369866993755,13.234639763112165,2020-05,2020,05
QN0702,prism_tmax_us_30s_202005_avg_30y.tif,prism_vpdmax_us_30s_202005_avg_30y.tif,21.06320908490349,16.06320908490349,13.841517728917738,1.3841517728917738,0.4414890151346258,13.221344734088186,2020-05,2020,05
QN0703,prism_tmax_us_30s_202005_avg_30y.tif,prism_vpdmax_us_30s_202005_avg_30y.tif,21.02173086313101,16.02173086313101,13.681268545297476,1.3681268545297476,0.45268518531744917,13.202226677225038,2020-05,2020,05
QN0704,prism_tmax_us_30s_202005_avg_30y.tif,prism_vpdmax_us_30s_202005_avg_30y.tif,21.136789422286185,16.136789422286185,14.043216103001646,1.4043216103001646,0.42991275761403713,13.258515316178583,2020-05,2020,05
QN0705,prism_tmax_us_30s_202005_avg_30y.tif,prism_vpdmax_us_30s_202005_avg_30y.tif,21.113888210720486,16.113888210720486,13.968266805013021,1.396826680501302,0.4347292222310961,13.247423199815334,2020-05,2020,05
QN0706,prism_tmax_us_30s_202005_avg_30y.tif,prism_vpdmax_us_30s_202005_avg_30y.tif,21.12596893310547,16.12596893310547,14.02032928466797,1.402032928466797,0.43093547616877736,13.252782027205129,2020-05,2020,05
QN0707,prism_tmax_us_30s_202005_avg_30y.tif,prism_vpdmax_us_30s_202005_avg_30y.tif,21.149184006911057,16.149184006911057,14.177308302659254,1.4177308302659255,0.41795460661130135,13.26084349231681,2020-05,2020,05
QN0761,prism_tmax_us_30s_202005_avg_30y.tif,prism_vpdmax_us_30s_202005_avg_30y.tif,20.919849395751953,15.919849395751953,13.454600016276041,1.3454600016276042,0.46353883858306655,13.1487253709545,2020-05,2020,05
QN0791,prism_tmax_us_30s_202005_avg_30y.tif,prism_vpdmax_us_30s_202005_avg_30y.tif,21.077098846435547,16.077098846435547,13.879861831665039,1.387986183166504,0.43927410817955237,13.228349770443518,2020-05,2020,05
QN0801,prism_tmax_us_30s_202005_avg_30y.tif,prism_vpdmax_us_30s_202005_avg_30y.tif,21.10528310139974,16.10528310139974,13.900249481201172,1.3900249481201172,0.44052541004128054,13.244822004639873,2020-05,2020,05
QN0802,prism_tmax_us_30s_202005_avg_30y.tif,prism_vpdmax_us_30s_202005_avg_30y.tif,21.086177280970983,16.086177280970983,13.815386090959821,1.381538609095982,0.4467808799327493,13.236447404124117,2020-05,2020,05
QN0803,prism_tmax_us_30s_202005_avg_30y.tif,prism_vpdmax_us_30s_202005_avg_30y.tif,21.0285161336263,16.0285161336263,13.669199625651041,1.366919962565104,0.4546812279485515,13.206858370349893,2020-05,2020,05
QN0804,prism_tmax_us_30s_202005_avg_30y.tif,prism_vpdmax_us_30s_202005_avg_30y.tif,20.981164114815847,15.981164114815847,13.519578116280693,1.3519578116280693,0.46414242092912605,13.18372802452573,2020-05,2020,05
QN0805,prism_tmax_us_30s_202005_avg_30y.tif,prism_vpdmax_us_30s_202005_avg_30y.tif,20.973167419433594,15.973167419433594,13.545682271321615,1.3545682271321615,0.46060445519275706,13.1778034777096,2020-05,2020,05
QN0871,prism_tmax_us_30s_202005_avg_30y.tif,prism_vpdmax_us_30s_202005_avg_30y.tif,21.137226104736328,16.137226104736328,14.037250518798828,1.4037250518798827,0.4305604225915789,13.259017447463988,2020-05,2020,05
QN0891,prism_tmax_us_30s_202005_avg_30y.tif,prism_vpdmax_us_30s_202005_avg_30y.tif,21.02225579155816,16.02225579155816,13.607232835557726,1.3607232835557725,0.460149796607048,13.205457903880044,2020-05,2020,05
QN0901,prism_tmax_us_30s_202005_avg_30y.tif,prism_vpdmax_us_30s_202005_avg_30y.tif,20.965933905707466,15.965933905707466,13.565422058105469,1.356542205810547,0.4577918066760194,13.172596704559808,2020-05,2020,05
QN0902,prism_tmax_us_30s_202005_avg_30y.tif,prism_vpdmax_us_30s_202005_avg_30y.tif,20.81278020685369,15.812780206853692,13.257300636985086,1.3257300636985085,0.4709264993573947,13.090920491533497,2020-05,2020,05
QN0903,prism_tmax_us_30s_202005_avg_30y.tif,prism_vpdmax_us_30s_202005_avg_30y.tif,20.675255669487846,15.675255669487846,12.965732998318142,1.2965732998318142,0.4843386025579248,13.018215035404872,2020-05,2020,05
QN0904,prism_tmax_us_30s_202005_avg_30y.tif,prism_vpdmax_us_30s_202005_avg_30y.tif,20.678375244140625,15.678375244140625,12.963062286376953,1.2963062286376954,0.4849614769377857,13.020228623864282,2020-05,2020,05
QN0905,prism_tmax_us_30s_202005_avg_30y.tif,prism_vpdmax_us_30s_202005_avg_30y.tif,20.861279296875,15.861279296875,13.336209106445313,1.3336209106445314,0.46861715457456454,13.117511903075927,2020-05,2020,05
QN1001,prism_tmax_us_30s_202005_avg_30y.tif,prism_vpdmax_us_30s_202005_avg_30y.tif,20.525088500976562,15.525088500976562,12.68688507080078,1.268688507080078,0.49516957941871587,12.937326824765265,2020-05,2020,05
QN1002,prism_tmax_us_30s_202005_avg_30y.tif,prism_vpdmax_us_30s_202005_avg_30y.tif,20.56859842936198,15.56859842936198,12.740656534830729,1.2740656534830728,0.4947188685092132,12.961819824772363,2020-05,2020,05
QN1003,prism_tmax_us_30s_202005_avg_30y.tif,prism_vpdmax_us_30s_202005_avg_30y.tif,20.39389991760254,15.393899917602539,12.443986892700195,1.2443986892700196,0.5046782293944438,12.866679797432655,2020-05,2020,05
QN1091,prism_tmax_us_30s_202005_avg_30y.tif,prism_vpdmax_us_30s_202005_avg_30y.tif,20.274876912434895,15.274876912434895,12.297399732801649,1.2297399732801648,0.5060205557335746,12.79972128775388,2020-05,2020,05
QN1101,prism_tmax_us_30s_202005_avg_30y.tif,prism_vpdmax_us_30s_202005_avg_30y.tif,21.055744171142578,16.055744171142578,13.756542205810547,1.3756542205810547,0.44911670133882686,13.220109808663999,2020-05,2020,05
QN1102,prism_tmax_us_30s_202005_avg_30y.tif,prism_vpdmax_us_30s_202005_avg_30y.tif,21.004762348375824,16.004762348375824,13.591035541735197,1.3591035541735197,0.4597362994772336,13.195376617223642,2020-05,2020,05
QN1103,prism_tmax_us_30s_202005_avg_30y.tif,prism_vpdmax_us_30s_202005_avg_30y.tif,21.023460388183594,16.023460388183594,13.5825439453125,1.35825439453125,0.4627587666658082,13.207166235399757,2020-05,2020,05
QN1104,prism_tmax_us_30s_202005_avg_30y.tif,prism_vpdmax_us_30s_202005_avg_30y.tif,21.03873552594866,16.03873552594866,13.620735168457031,1.3620735168457032,0.4607167903824618,13.215024741833197,2020-05,2020,05
QN1191,prism_tmax_us_30s_202005_avg_30y.tif,prism_vpdmax_us_30s_202005_avg_30y.tif,21.02247365315755,16.02247365315755,13.58245849609375,1.358245849609375,0.46265256470667837,13.206565019270055,2020-05,2020,05
QN1201,prism_tmax_us_30s_202005_avg_30y.tif,prism_vpdmax_us_30s_202005_avg_30y.tif,20.768971162683822,15.768971162683822,13.12705275591682,1.312705275591682,0.4789225674295383,13.069223218241534,2020-05,2020,05
QN1202,prism_tmax_us_30s_202005_avg_30y.tif,prism_vpdmax_us_30s_202005_avg_30y.tif,20.614876883370535,15.614876883370535,12.85087149483817,1.285087149483817,0.4889505089586612,12.985792742891846,2020-05,2020,05
QN1203,prism_tmax_us_30s_202005_avg_30y.tif,prism_vpdmax_us_30s_202005_avg_30y.tif,20.478099822998047,15.478099822998047,12.627138137817383,1.2627138137817382,0.49583746694922537,12.910946724150937,2020-05,2020,05
QN1204,prism_tmax_us_30s_202005_avg_30y.tif,prism_vpdmax_us_30s_202005_avg_30y.tif,20.41662362905649,15.416623629056492,12.526268592247597,1.2526268592247596,0.49900256314753766,12.877333604992012,2020-05,2020,05
QN1205,prism_tmax_us_30s_202005_avg_30y.tif,prism_vpdmax_us_30s_202005_avg_30y.tif,20.608850893766984,15.608850893766984,12.835081680961277,1.2835081680961278,0.4898446977599149,12.982727422985526,2020-05,2020,05
QN1206,prism_tmax_us_30s_202005_avg_30y.tif,prism_vpdmax_us_30s_202005_avg_30y.tif,20.86097106933594,15.860971069335939,13.271879577636719,1.3271879577636718,0.4750145872590137,13.119851329106268,2020-05,2020,05
QN1301,prism_tmax_us_30s_202005_avg_30y.tif,prism_vpdmax_us_30s_202005_avg_30y.tif,21.002142769949778,16.002142769949778,13.537720816476005,1.3537720816476004,0.4647634751984113,13.195866996314498,2020-05,2020,05
QN1302,prism_tmax_us_30s_202005_avg_30y.tif,prism_vpdmax_us_30s_202005_avg_30y.tif,20.979049682617188,15.979049682617188,13.50008816189236,1.350008816189236,0.4658461194110257,13.183198694972477,2020-05,2020,05
QN1303,prism_tmax_us_30s_202005_avg_30y.tif,prism_vpdmax_us_30s_202005_avg_30y.tif,20.82581481933594,15.825814819335939,13.19652862548828,1.319652862548828,0.478502293905982,13.101288404068526,2020-05,2020,05
QN1304,prism_tmax_us_30s_202005_avg_30y.tif,prism_vpdmax_us_30s_202005_avg_30y.tif,20.573480779474433,15.573480779474433,12.746054909446023,1.2746054909446023,0.4947325897542507,12.964593509735423,2020-05,2020,05
QN1305,prism_tmax_us_30s_202005_avg_30y.tif,prism_vpdmax_us_30s_202005_avg_30y.tif,20.409982045491535,15.409982045491535,12.504159291585287,1.2504159291585286,0.5004671214554892,12.874143398525705,2020-05,2020,05
QN1306,prism_tmax_us_30s_202005_avg_30y.tif,prism_vpdmax_us_30s_202005_avg_30y.tif,20.270904541015625,15.270904541015625,12.268478393554688,1.2268478393554687,0.5084697945841765,12.79843150402744,2020-05,2020,05
QN1307,prism_tmax_us_30s_202005_avg_30y.tif,prism_vpdmax_us_30s_202005_avg_30y.tif,20.23364935980903,15.233649359809029,12.233027140299479,1.223302714029948,0.5078660150633467,12.777070530931613,2020-05,2020,05
QN1371,prism_tmax_us_30s_202005_avg_30y.tif,prism_vpdmax_us_30s_202005_avg_30y.tif,20.52572021484375,15.525720214843751,12.700599670410156,1.2700599670410155,0.4938695594667666,12.937174098686846,2020-05,2020,05
QN1401,prism_tmax_us_30s_202005_avg_30y.tif,prism_vpdmax_us_30s_202005_avg_30y.tif,19.763991411994486,14.763991411994486,11.525080961339613,1.1525080961339613,0.5270984013936533,12.518332802348578,2020-05,2020,05
QN1402,prism_tmax_us_30s_202005_avg_30y.tif,prism_vpdmax_us_30s_202005_avg_30y.tif,19.723193698459202,14.723193698459202,11.457750108506945,1.1457750108506946,0.5294166897155843,12.49611158608459,2020-05,2020,05
QN1403,prism_tmax_us_30s_202005_avg_30y.tif,prism_vpdmax_us_30s_202005_avg_30y.tif,19.810328165690105,14.810328165690105,11.596828036838108,1.1596828036838107,0.5249502533379196,12.54376151950809,2020-05,2020,05
QN1491,prism_tmax_us_30s_202005_avg_30y.tif,prism_vpdmax_us_30s_202005_avg_30y.tif,19.801698303222658,14.801698303222658,11.580660247802735,1.1580660247802734,0.5256298759322731,12.53913547916863,2020-05,2020,05
QN8081,prism_tmax_us_30s_202005_avg_30y.tif,prism_vpdmax_us_30s_202005_avg_30y.tif,21.191868708683895,16.191868708683895,14.505906325120192,1.4505906325120193,0.3900997231064882,13.274098749004617,2020-05,2020,05
QN8191,prism_tmax_us_30s_202005_avg_30y.tif,prism_vpdmax_us_30s_202005_avg_30y.tif,21.132109069824217,16.132109069824217,14.092485046386718,1.4092485046386718,0.4244381827226418,13.253710048400327,2020-05,2020,05
QN8291,prism_tmax_us_30s_202005_avg_30y.tif,prism_vpdmax_us_30s_202005_avg_30y.tif,21.053390502929688,16.053390502929688,13.744779968261719,1.374477996826172,0.4500187338616315,13.219129777568751,2020-05,2020,05
QN8381,prism_tmax_us_30s_202005_avg_30y.tif,prism_vpdmax_us_30s_202005_avg_30y.tif,20.182024637858074,15.182024637858074,12.13088353474935,1.213088353474935,0.512345590497215,12.749559786730932,2020-05,2020,05
QN8491,prism_tmax_us_30s_202005_avg_30y.tif,prism_vpdmax_us_30s_202005_avg_30y.tif,19.940099767736488,14.940099767736488,11.794897131017736,1.1794897131017736,0.5192911003110088,12.615117970728813,2020-05,2020,05
QN8492,prism_tmax_us_30s_202005_avg_30y.tif,prism_vpdmax_us_30s_202005_avg_30y.tif,19.83200736667799,14.832007366677988,11.627916418987772,1.1627916418987772,0.5241976771772856,12.555757864037092,2020-05,2020,05
SI0101,prism_tmax_us_30s_202005_avg_30y.tif,prism_vpdmax_us_30s_202005_avg_30y.tif,21.568280029296876,16.568280029296876,14.610389709472656,1.4610389709472655,0.42430705151315906,13.500967447855999,2020-05,2020,05
SI0102,prism_tmax_us_30s_202005_avg_30y.tif,prism_vpdmax_us_30s_202005_avg_30y.tif,21.440772316672586,16.440772316672586,14.40498213334517,1.440498213334517,0.4296157507822953,13.430756893610797,2020-05,2020,05
SI0103,prism_tmax_us_30s_202005_avg_30y.tif,prism_vpdmax_us_30s_202005_avg_30y.tif,21.297029935396633,16.297029935396633,14.1409912109375,1.41409912109375,0.4389727795262668,13.352932275723713,2020-05,2020,05
SI0104,prism_tmax_us_30s_202005_avg_30y.tif,prism_vpdmax_us_30s_202005_avg_30y.tif,21.848132589588996,16.848132589588996,15.175243875254756,1.5175243875254756,0.4016344012828199,13.650733498001108,2020-05,2020,05
SI0105,prism_tmax_us_30s_202005_avg_30y.tif,prism_vpdmax_us_30s_202005_avg_30y.tif,21.935860770089285,16.935860770089285,15.359928676060267,1.5359928676060268,0.3938743361966295,13.697425670765899,2020-05,2020,05
SI0106,prism_tmax_us_30s_202005_avg_30y.tif,prism_vpdmax_us_30s_202005_avg_30y.tif,21.882298396183895,16.882298396183895,15.283700796274038,1.5283700796274038,0.39495290533760774,13.667479682433946,2020-05,2020,05
SI0107,prism_tmax_us_30s_202005_avg_30y.tif,prism_vpdmax_us_30s_202005_avg_30y.tif,22.0454248046875,17.0454248046875,15.63461181640625,1.563461181640625,0.3798532721603858,13.754038200216842,2020-05,2020,05
SI0191,prism_tmax_us_30s_202005_avg_30y.tif,prism_vpdmax_us_30s_202005_avg_30y.tif,21.7455997467041,16.7455997467041,14.96989917755127,1.496989917755127,0.40971934169467983,13.595774757667233,2020-05,2020,05
SI0201,prism_tmax_us_30s_202005_avg_30y.tif,prism_vpdmax_us_30s_202005_avg_30y.tif,21.065442956012227,16.065442956012227,13.752003545346467,1.3752003545346467,0.45070081105243065,13.226231574802537,2020-05,2020,05
SI0202,prism_tmax_us_30s_202005_avg_30y.tif,prism_vpdmax_us_30s_202005_avg_30y.tif,20.91357879638672,15.91357879638672,13.511904907226562,1.3511904907226562,0.45708347026181473,13.14263298136416,2020-05,2020,05
SI0203,prism_tmax_us_30s_202005_avg_30y.tif,prism_vpdmax_us_30s_202005_avg_30y.tif,21.75197867460029,16.75197867460029,14.958362668059593,1.4958362668059593,0.4116454525432449,13.60014857134786,2020-05,2020,05
SI0204,prism_tmax_us_30s_202005_avg_30y.tif,prism_vpdmax_us_30s_202005_avg_30y.tif,21.987042744954426,16.987042744954426,15.509552001953125,1.5509552001953124,0.3851836017438326,13.723030391874484,2020-05,2020,05
SI0291,prism_tmax_us_30s_202005_avg_30y.tif,prism_vpdmax_us_30s_202005_avg_30y.tif,21.821132114955358,16.821132114955358,15.149924142020089,1.5149924142020088,0.4008810923084447,13.635128178456906,2020-05,2020,05
SI0301,prism_tmax_us_30s_202005_avg_30y.tif,prism_vpdmax_us_30s_202005_avg_30y.tif,21.054392496744793,16.054392496744793,13.744888305664062,1.3744888305664062,0.4501246232551863,13.219739522593585,2020-05,2020,05
SI0302,prism_tmax_us_30s_202005_avg_30y.tif,prism_vpdmax_us_30s_202005_avg_30y.tif,21.312154835668103,16.312154835668103,14.170685866783405,1.4170685866783406,0.43779008921407114,13.361043296884944,2020-05,2020,05
SI0303,prism_tmax_us_30s_202005_avg_30y.tif,prism_vpdmax_us_30s_202005_avg_30y.tif,21.821958923339842,16.821958923339842,15.093603515625,1.5093603515625,0.4066136836783023,13.637849887219263,2020-05,2020,05
SI0304,prism_tmax_us_30s_202005_avg_30y.tif,prism_vpdmax_us_30s_202005_avg_30y.tif,21.51124945746528,16.51124945746528,14.511140950520833,1.4511140950520833,0.42740567799471485,13.469848873834735,2020-05,2020,05
SI0305,prism_tmax_us_30s_202005_avg_30y.tif,prism_vpdmax_us_30s_202005_avg_30y.tif,21.839255593039773,16.839255593039773,15.111686937736742,1.5111686937736741,0.4069094425453261,13.647773332173863,2020-05,2020,05
SI0391,prism_tmax_us_30s_202005_avg_30y.tif,prism_vpdmax_us_30s_202005_avg_30y.tif,21.89537353515625,16.89537353515625,15.276878865559896,1.5276878865559895,0.3972308150138477,13.675788504734033,2020-05,2020,05
SI9561,prism_tmax_us_30s_202005_avg_30y.tif,prism_vpdmax_us_30s_202005_avg_30y.tif,20.966112409319198,15.966112409319198,13.593113490513392,1.3593113490513393,0.45504335545764096,13.171617774778838,2020-05,2020,05
SI9591,prism_tmax_us_30s_202005_avg_30y.tif,prism_vpdmax_us_30s_202005_avg_30y.tif,20.57129821777344,15.571298217773439,13.099920654296875,1.3099920654296875,0.4590985386173465,12.949351815154156,2020-05,2020,05
SI9592,prism_tmax_us_30s_202005_avg_30y.tif,prism_vpdmax_us_30s_202005_avg_30y.tif,20.79170036315918,15.79170036315918,13.319324493408203,1.3319324493408202,0.46230287420271465,13.075579135472921,2020-05,2020,05
SI9593,prism_tmax_us_30s_202005_avg_30y.tif,prism_vpdmax_us_30s_202005_avg_30y.tif,20.937174479166668,15.937174479166668,13.59918212890625,1.359918212890625,0.45108472529210797,13.153654226727298,2020-05,2020,05
BK0101,prism_tmax_us_30s_202006_avg_30y.tif,prism_vpdmax_us_30s_202006_avg_30y.tif,26.734222412109375,21.734222412109375,19.062150319417317,1.9062150319417317,0.6951874339547144,16.53651276921022,2020-06,2020,06
BK0102,prism_tmax_us_30s_202006_avg_30y.tif,prism_vpdmax_us_30s_202006_avg_30y.tif,26.79013231065538,21.79013231065538,19.158711751302082,1.9158711751302082,0.694427804916808,16.567915147473904,2020-06,2020,06
BK0103,prism_tmax_us_30s_202006_avg_30y.tif,prism_vpdmax_us_30s_202006_avg_30y.tif,26.735042027064733,21.735042027064733,19.027184622628347,1.9027184622628348,0.6988142311338001,16.538402822181286,2020-06,2020,06
BK0104,prism_tmax_us_30s_202006_avg_30y.tif,prism_vpdmax_us_30s_202006_avg_30y.tif,26.630605061848957,21.630605061848957,18.83720703125,1.8837207031249998,0.701263942015288,16.480149799280365,2020-06,2020,06
BK0201,prism_tmax_us_30s_202006_avg_30y.tif,prism_vpdmax_us_30s_202006_avg_30y.tif,26.82925033569336,21.82925033569336,19.104450225830078,1.9104450225830079,0.7060943017070198,16.594680000908994,2020-06,2020,06
BK0202,prism_tmax_us_30s_202006_avg_30y.tif,prism_vpdmax_us_30s_202006_avg_30y.tif,26.795651245117188,21.795651245117188,19.049249267578126,1.9049249267578126,0.7062536786341269,16.575691951684657,2020-06,2020,06
BK0203,prism_tmax_us_30s_202006_avg_30y.tif,prism_vpdmax_us_30s_202006_avg_30y.tif,26.732744004991318,21.732744004991318,18.92803276909722,1.892803276909722,0.7083643013006227,16.540853021241222,2020-06,2020,06
BK0204,prism_tmax_us_30s_202006_avg_30y.tif,prism_vpdmax_us_30s_202006_avg_30y.tif,26.68273417154948,21.68273417154948,18.840165456136067,1.8840165456136067,0.7092164312982296,16.51283233276876,2020-06,2020,06
BK0261,prism_tmax_us_30s_202006_avg_30y.tif,prism_vpdmax_us_30s_202006_avg_30y.tif,26.81878444126674,21.81878444126674,19.156215122767858,1.9156215122767857,0.6992469535863473,16.586054830957675,2020-06,2020,06
BK0301,prism_tmax_us_30s_202006_avg_30y.tif,prism_vpdmax_us_30s_202006_avg_30y.tif,26.597740173339844,21.597740173339844,18.645090738932293,1.8645090738932293,0.7152871843433197,16.467026541730615,2020-06,2020,06
BK0302,prism_tmax_us_30s_202006_avg_30y.tif,prism_vpdmax_us_30s_202006_avg_30y.tif,26.46785627092634,21.46785627092634,18.338269914899552,1.8338269914899552,0.7255533878189779,16.39741698702809,2020-06,2020,06
BK0401,prism_tmax_us_30s_202006_avg_30y.tif,prism_vpdmax_us_30s_202006_avg_30y.tif,26.5190185546875,21.5190185546875,18.536048889160156,1.8536048889160157,0.7138005507577221,16.421807136955596,2020-06,2020,06
BK0402,prism_tmax_us_30s_202006_avg_30y.tif,prism_vpdmax_us_30s_202006_avg_30y.tif,26.40853271484375,21.40853271484375,18.238319396972656,1.8238319396972655,0.7262706897839148,16.364062430401486,2020-06,2020,06
BK0471,prism_tmax_us_30s_202006_avg_30y.tif,prism_vpdmax_us_30s_202006_avg_30y.tif,26.34494972229004,21.34494972229004,18.06964874267578,1.8069648742675781,0.7332265011958325,16.330744507508413,2020-06,2020,06
BK0501,prism_tmax_us_30s_202006_avg_30y.tif,prism_vpdmax_us_30s_202006_avg_30y.tif,26.108380126953126,21.108380126953126,17.485850524902343,1.7485850524902342,0.755025052846944,16.205176377751272,2020-06,2020,06
BK0502,prism_tmax_us_30s_202006_avg_30y.tif,prism_vpdmax_us_30s_202006_avg_30y.tif,25.950030517578124,20.950030517578124,17.087420654296874,1.7087420654296874,0.7706400775298254,16.121528853936017,2020-06,2020,06
BK0503,prism_tmax_us_30s_202006_avg_30y.tif,prism_vpdmax_us_30s_202006_avg_30y.tif,25.799041748046875,20.799041748046875,16.684349060058594,1.6684349060058594,0.7880366029395873,16.042755056097835,2020-06,2020,06
BK0504,prism_tmax_us_30s_202006_avg_30y.tif,prism_vpdmax_us_30s_202006_avg_30y.tif,25.63509854403409,20.63509854403409,16.33677118474787,1.6336771184747871,0.7981278219909818,15.953765108509783,2020-06,2020,06
BK0505,prism_tmax_us_30s_202006_avg_30y.tif,prism_vpdmax_us_30s_202006_avg_30y.tif,25.78460693359375,20.78460693359375,16.71960906982422,1.671960906982422,0.7823300236514998,16.032327830642693,2020-06,2020,06
BK0571,prism_tmax_us_30s_202006_avg_30y.tif,prism_vpdmax_us_30s_202006_avg_30y.tif,26.176183064778645,21.176183064778645,17.645233154296875,1.7645233154296875,0.7495239378958856,16.24145870532257,2020-06,2020,06
BK0601,prism_tmax_us_30s_202006_avg_30y.tif,prism_vpdmax_us_30s_202006_avg_30y.tif,26.79240327722886,21.79240327722886,18.993946748621322,1.8993946748621322,0.7112662277199109,16.57582028568269,2020-06,2020,06
BK0602,prism_tmax_us_30s_202006_avg_30y.tif,prism_vpdmax_us_30s_202006_avg_30y.tif,26.5883095481179,21.5883095481179,18.50216258655895,1.850216258655895,0.728092865708561,16.46671201000631,2020-06,2020,06
BK0701,prism_tmax_us_30s_202006_avg_30y.tif,prism_vpdmax_us_30s_202006_avg_30y.tif,26.464200701032365,21.464200701032365,18.15754154750279,1.8157541547502791,0.7430536699680113,16.40222188978278,2020-06,2020,06
BK0702,prism_tmax_us_30s_202006_avg_30y.tif,prism_vpdmax_us_30s_202006_avg_30y.tif,26.598841616981908,21.598841616981908,18.44883165861431,1.844883165861431,0.7350868300564479,16.475432321040927,2020-06,2020,06
BK0703,prism_tmax_us_30s_202006_avg_30y.tif,prism_vpdmax_us_30s_202006_avg_30y.tif,26.4886474609375,21.4886474609375,18.136110305786133,1.8136110305786133,0.7490279035520566,16.41843107644752,2020-06,2020,06
BK0771,prism_tmax_us_30s_202006_avg_30y.tif,prism_vpdmax_us_30s_202006_avg_30y.tif,26.469297409057617,21.469297409057617,18.121212005615234,1.8121212005615235,0.747484928144688,16.406853207696532,2020-06,2020,06
BK0801,prism_tmax_us_30s_202006_avg_30y.tif,prism_vpdmax_us_30s_202006_avg_30y.tif,26.555198669433594,21.555198669433594,18.465699513753254,1.8465699513753253,0.7265237826138189,16.447321492136076,2020-06,2020,06
BK0802,prism_tmax_us_30s_202006_avg_30y.tif,prism_vpdmax_us_30s_202006_avg_30y.tif,26.44220733642578,21.44220733642578,18.183300018310547,1.8183300018310546,0.7370354678771782,16.387386498629148,2020-06,2020,06
BK0891,prism_tmax_us_30s_202006_avg_30y.tif,prism_vpdmax_us_30s_202006_avg_30y.tif,26.253999710083008,21.253999710083008,17.687898635864258,1.7687898635864259,0.7572828259735975,16.288629986224688,2020-06,2020,06
BK0901,prism_tmax_us_30s_202006_avg_30y.tif,prism_vpdmax_us_30s_202006_avg_30y.tif,26.42051260811942,21.42051260811942,18.10485621861049,1.810485621861049,0.7414881996362881,16.376835511260772,2020-06,2020,06
BK0902,prism_tmax_us_30s_202006_avg_30y.tif,prism_vpdmax_us_30s_202006_avg_30y.tif,26.306826782226562,21.306826782226562,17.826109313964842,1.7826109313964842,0.751654032599711,16.316370820334146,2020-06,2020,06
BK1001,prism_tmax_us_30s_202006_avg_30y.tif,prism_vpdmax_us_30s_202006_avg_30y.tif,26.257673475477432,21.257673475477432,17.628477308485245,1.7628477308485244,0.7637939263319422,16.29327187364416,2020-06,2020,06
BK1002,prism_tmax_us_30s_202006_avg_30y.tif,prism_vpdmax_us_30s_202006_avg_30y.tif,26.19764570756392,21.19764570756392,17.39937244762074,1.7399372447620738,0.7774217427792782,16.264591861101,2020-06,2020,06
BK1061,prism_tmax_us_30s_202006_avg_30y.tif,prism_vpdmax_us_30s_202006_avg_30y.tif,25.992684500558035,20.992684500558035,16.995142255510604,1.6995142255510605,0.78637385396998,16.151897036426607,2020-06,2020,06
BK1091,prism_tmax_us_30s_202006_avg_30y.tif,prism_vpdmax_us_30s_202006_avg_30y.tif,26.005926949637278,21.005926949637278,16.961271013532365,1.6961271013532364,0.791783858185948,16.161531636711413,2020-06,2020,06
BK1101,prism_tmax_us_30s_202006_avg_30y.tif,prism_vpdmax_us_30s_202006_avg_30y.tif,25.92085978190104,20.92085978190104,16.80341796875,1.680341796875,0.7945995584764192,16.11440512281912,2020-06,2020,06
BK1102,prism_tmax_us_30s_202006_avg_30y.tif,prism_vpdmax_us_30s_202006_avg_30y.tif,25.85810004340278,20.85810004340278,16.712256537543404,1.6712256537543404,0.7941850742536454,16.078657458791056,2020-06,2020,06
BK1103,prism_tmax_us_30s_202006_avg_30y.tif,prism_vpdmax_us_30s_202006_avg_30y.tif,25.762680053710938,20.762680053710938,16.577967834472656,1.6577967834472656,0.793185025743953,16.024161305571475,2020-06,2020,06
BK1201,prism_tmax_us_30s_202006_avg_30y.tif,prism_vpdmax_us_30s_202006_avg_30y.tif,26.422084263392858,21.422084263392858,17.962528773716517,1.7962528773716517,0.755966516842832,16.38341661846298,2020-06,2020,06
BK1202,prism_tmax_us_30s_202006_avg_30y.tif,prism_vpdmax_us_30s_202006_avg_30y.tif,26.1424077351888,21.1424077351888,17.30164082845052,1.730164082845052,0.7786792706292727,16.233766139209354,2020-06,2020,06
BK1203,prism_tmax_us_30s_202006_avg_30y.tif,prism_vpdmax_us_30s_202006_avg_30y.tif,26.127508544921874,21.127508544921874,17.309690856933592,1.7309690856933593,0.775581683745928,16.224100946682853,2020-06,2020,06
BK1204,prism_tmax_us_30s_202006_avg_30y.tif,prism_vpdmax_us_30s_202006_avg_30y.tif,25.875689697265624,20.875689697265624,16.723838806152344,1.6723838806152345,0.7956947527866669,16.08922409619477,2020-06,2020,06
BK1301,prism_tmax_us_30s_202006_avg_30y.tif,prism_vpdmax_us_30s_202006_avg_30y.tif,25.58533223470052,20.58533223470052,16.231149037679035,1.6231149037679036,0.801245262425174,15.926772765208286,2020-06,2020,06
BK1302,prism_tmax_us_30s_202006_avg_30y.tif,prism_vpdmax_us_30s_202006_avg_30y.tif,25.525546803193933,20.525546803193933,16.025722728056067,1.6025722728056067,0.8128706614798176,15.897443207372525,2020-06,2020,06
BK1303,prism_tmax_us_30s_202006_avg_30y.tif,prism_vpdmax_us_30s_202006_avg_30y.tif,25.408182779947918,20.408182779947918,15.7880490620931,1.57880490620931,0.8192160791120238,15.833391555321494,2020-06,2020,06
BK1391,prism_tmax_us_30s_202006_avg_30y.tif,prism_vpdmax_us_30s_202006_avg_30y.tif,25.653834025065105,20.653834025065105,16.3596674601237,1.63596674601237,0.7986460957684836,15.964591807848926,2020-06,2020,06
BK1401,prism_tmax_us_30s_202006_avg_30y.tif,prism_vpdmax_us_30s_202006_avg_30y.tif,26.002899169921875,21.002899169921875,17.03479258219401,1.7034792582194012,0.7839690592214366,16.15674366961973,2020-06,2020,06
BK1402,prism_tmax_us_30s_202006_avg_30y.tif,prism_vpdmax_us_30s_202006_avg_30y.tif,25.9979248046875,20.9979248046875,17.00071855024858,1.700071855024858,0.7866165469794564,16.154963667220738,2020-06,2020,06
BK1403,prism_tmax_us_30s_202006_avg_30y.tif,prism_vpdmax_us_30s_202006_avg_30y.tif,25.78175471379207,20.78175471379207,16.53609877366286,1.6536098773662862,0.8002503862658013,16.037753324522562,2020-06,2020,06
BK1501,prism_tmax_us_30s_202006_avg_30y.tif,prism_vpdmax_us_30s_202006_avg_30y.tif,25.64796095628005,20.64796095628005,16.377376849834736,1.6377376849834735,0.7959946505547131,15.960219759878788,2020-06,2020,06
BK1502,prism_tmax_us_30s_202006_avg_30y.tif,prism_vpdmax_us_30s_202006_avg_30y.tif,25.624237060546875,20.624237060546875,16.339749145507813,1.6339749145507814,0.7962035033945123,15.946850390164121,2020-06,2020,06
BK1503,prism_tmax_us_30s_202006_avg_30y.tif,prism_vpdmax_us_30s_202006_avg_30y.tif,25.418614196777344,20.418614196777344,15.883279418945312,1.5883279418945313,0.8112370606352246,15.836170414402396,2020-06,2020,06
BK1601,prism_tmax_us_30s_202006_avg_30y.tif,prism_vpdmax_us_30s_202006_avg_30y.tif,26.25412326388889,21.25412326388889,17.794665866427952,1.7794665866427952,0.7466252362649037,16.284511608477107,2020-06,2020,06
BK1602,prism_tmax_us_30s_202006_avg_30y.tif,prism_vpdmax_us_30s_202006_avg_30y.tif,26.040543989701703,21.040543989701703,17.25279929421165,1.725279929421165,0.7679258309031209,16.17178329370579,2020-06,2020,06
BK1701,prism_tmax_us_30s_202006_avg_30y.tif,prism_vpdmax_us_30s_202006_avg_30y.tif,26.054365370008682,21.054365370008682,17.17892116970486,1.7178921169704862,0.7774304224475848,16.183355320816823,2020-06,2020,06
BK1702,prism_tmax_us_30s_202006_avg_30y.tif,prism_vpdmax_us_30s_202006_avg_30y.tif,25.865034315321182,20.865034315321182,16.708221435546875,1.6708221435546875,0.7956400369110579,16.083160991293155,2020-06,2020,06
BK1703,prism_tmax_us_30s_202006_avg_30y.tif,prism_vpdmax_us_30s_202006_avg_30y.tif,25.981081875887785,20.981081875887785,17.035089666193183,1.7035089666193184,0.7806079095547653,16.143052332083396,2020-06,2020,06
BK1704,prism_tmax_us_30s_202006_avg_30y.tif,prism_vpdmax_us_30s_202006_avg_30y.tif,25.99877097389915,20.99877097389915,17.100590098987926,1.7100590098987927,0.776758643933396,16.15156928926664,2020-06,2020,06
BK1771,prism_tmax_us_30s_202006_avg_30y.tif,prism_vpdmax_us_30s_202006_avg_30y.tif,25.93109893798828,20.93109893798828,16.88487434387207,1.688487434387207,0.7880118796704529,16.117621766549842,2020-06,2020,06
BK1801,prism_tmax_us_30s_202006_avg_30y.tif,prism_vpdmax_us_30s_202006_avg_30y.tif,25.733445111443014,20.733445111443014,16.423837100758274,1.6423837100758274,0.804192139044875,16.011910888832823,2020-06,2020,06
BK1802,prism_tmax_us_30s_202006_avg_30y.tif,prism_vpdmax_us_30s_202006_avg_30y.tif,25.54657660590278,20.54657660590278,16.14887152777778,1.614887152777778,0.803689184673928,15.905758785123727,2020-06,2020,06
BK1803,prism_tmax_us_30s_202006_avg_30y.tif,prism_vpdmax_us_30s_202006_avg_30y.tif,25.68180445620888,20.68180445620888,16.392067357113486,1.6392067357113487,0.7996033302916692,15.98082723547506,2020-06,2020,06
BK1891,prism_tmax_us_30s_202006_avg_30y.tif,prism_vpdmax_us_30s_202006_avg_30y.tif,25.36383972167969,20.36383972167969,15.764472961425781,1.5764472961425782,0.815019893858943,15.806599940478948,2020-06,2020,06
BK1892,prism_tmax_us_30s_202006_avg_30y.tif,prism_vpdmax_us_30s_202006_avg_30y.tif,25.43816630045573,20.43816630045573,15.94058354695638,1.5940583546956382,0.8084030144826295,15.84614267705007,2020-06,2020,06
BK1893,prism_tmax_us_30s_202006_avg_30y.tif,prism_vpdmax_us_30s_202006_avg_30y.tif,25.530044555664062,20.530044555664062,16.149210611979168,1.6149210611979168,0.801191731706854,15.895403613622316,2020-06,2020,06
BK5591,prism_tmax_us_30s_202006_avg_30y.tif,prism_vpdmax_us_30s_202006_avg_30y.tif,26.385147094726562,21.385147094726562,17.99079132080078,1.799079132080078,0.7473742487893109,16.35909648248416,2020-06,2020,06
BK5691,prism_tmax_us_30s_202006_avg_30y.tif,prism_vpdmax_us_30s_202006_avg_30y.tif,25.246599699321546,20.246599699321546,15.553783215974507,1.5553783215974506,0.8188364557429164,15.741624756622281,2020-06,2020,06
BK5692,prism_tmax_us_30s_202006_avg_30y.tif,prism_vpdmax_us_30s_202006_avg_30y.tif,25.235010483685663,20.235010483685663,15.591513241038603,1.5591513241038604,0.8133639713374523,15.732902984985389,2020-06,2020,06
BK5693,prism_tmax_us_30s_202006_avg_30y.tif,prism_vpdmax_us_30s_202006_avg_30y.tif,25.53085666232639,20.53085666232639,16.190845065646702,1.6190845065646702,0.7971492521981234,15.894275383652925,2020-06,2020,06
BX0101,prism_tmax_us_30s_202006_avg_30y.tif,prism_vpdmax_us_30s_202006_avg_30y.tif,26.72985370342548,21.72985370342548,19.163677509014423,1.9163677509014423,0.684340672913222,16.529772934297142,2020-06,2020,06
BX0102,prism_tmax_us_30s_202006_avg_30y.tif,prism_vpdmax_us_30s_202006_avg_30y.tif,26.636678059895832,21.636678059895832,18.83014594184028,1.883014594184028,0.7029297936967622,16.484247868883763,2020-06,2020,06
BX0201,prism_tmax_us_30s_202006_avg_30y.tif,prism_vpdmax_us_30s_202006_avg_30y.tif,26.504948207310267,21.504948207310267,18.675048828125,1.8675048828125,0.6976913637835833,16.407498339511868,2020-06,2020,06
BX0202,prism_tmax_us_30s_202006_avg_30y.tif,prism_vpdmax_us_30s_202006_avg_30y.tif,26.56329917907715,21.56329917907715,18.713613510131836,1.8713613510131837,0.7030074653339167,16.44267256841297,2020-06,2020,06
BX0291,prism_tmax_us_30s_202006_avg_30y.tif,prism_vpdmax_us_30s_202006_avg_30y.tif,26.68757438659668,21.68757438659668,19.203750610351562,1.9203750610351562,0.6736249430487369,16.50158927981847,2020-06,2020,06
BX0301,prism_tmax_us_30s_202006_avg_30y.tif,prism_vpdmax_us_30s_202006_avg_30y.tif,26.548998151506698,21.548998151506698,18.57108633858817,1.857108633858817,0.7150094638940916,16.439280671214675,2020-06,2020,06
BX0302,prism_tmax_us_30s_202006_avg_30y.tif,prism_vpdmax_us_30s_202006_avg_30y.tif,26.527982076009113,21.527982076009113,18.45361582438151,1.845361582438151,0.7234520913320326,16.430682508990657,2020-06,2020,06
BX0303,prism_tmax_us_30s_202006_avg_30y.tif,prism_vpdmax_us_30s_202006_avg_30y.tif,26.491424560546875,21.491424560546875,18.386337280273438,1.8386337280273437,0.7244407287602408,16.41034293223285,2020-06,2020,06
BX0391,prism_tmax_us_30s_202006_avg_30y.tif,prism_vpdmax_us_30s_202006_avg_30y.tif,26.496099853515624,21.496099853515624,18.34807891845703,1.8348078918457031,0.7289999205945348,16.41478558573701,2020-06,2020,06
BX0401,prism_tmax_us_30s_202006_avg_30y.tif,prism_vpdmax_us_30s_202006_avg_30y.tif,26.6654296875,21.6654296875,18.79503936767578,1.879503936767578,0.7109884248756366,16.503717083788626,2020-06,2020,06
BX0402,prism_tmax_us_30s_202006_avg_30y.tif,prism_vpdmax_us_30s_202006_avg_30y.tif,26.657216389973957,21.657216389973957,18.745351155598957,1.8745351155598957,0.7146573424725897,16.50050202870696,2020-06,2020,06
BX0403,prism_tmax_us_30s_202006_avg_30y.tif,prism_vpdmax_us_30s_202006_avg_30y.tif,26.5614496866862,21.5614496866862,18.47480010986328,1.847480010986328,0.7265976324497199,16.450894841903814,2020-06,2020,06
BX0491,prism_tmax_us_30s_202006_avg_30y.tif,prism_vpdmax_us_30s_202006_avg_30y.tif,26.71583302815755,21.71583302815755,18.898666381835938,1.8898666381835938,0.7086154605238077,16.531363202951187,2020-06,2020,06
BX0492,prism_tmax_us_30s_202006_avg_30y.tif,prism_vpdmax_us_30s_202006_avg_30y.tif,26.54214859008789,21.54214859008789,18.453598022460938,1.8453598022460938,0.7256809096055026,16.439590848054795,2020-06,2020,06
BX0501,prism_tmax_us_30s_202006_avg_30y.tif,prism_vpdmax_us_30s_202006_avg_30y.tif,26.57461166381836,21.57461166381836,18.494487762451172,1.8494487762451173,0.7267016357360303,16.45839855622927,2020-06,2020,06
BX0502,prism_tmax_us_30s_202006_avg_30y.tif,prism_vpdmax_us_30s_202006_avg_30y.tif,26.51282246907552,21.51282246907552,18.34543185763889,1.834543185763889,0.7318891983127453,16.42540279490273,2020-06,2020,06
BX0503,prism_tmax_us_30s_202006_avg_30y.tif,prism_vpdmax_us_30s_202006_avg_30y.tif,26.491180419921875,21.491180419921875,18.262879943847658,1.8262879943847659,0.7367481721041806,16.415041329732645,2020-06,2020,06
BX0601,prism_tmax_us_30s_202006_avg_30y.tif,prism_vpdmax_us_30s_202006_avg_30y.tif,26.45800018310547,21.45800018310547,18.236337661743164,1.8236337661743165,0.7342031566947909,16.395227944401853,2020-06,2020,06
BX0602,prism_tmax_us_30s_202006_avg_30y.tif,prism_vpdmax_us_30s_202006_avg_30y.tif,26.492862701416016,21.492862701416016,18.288299560546875,1.8288299560546875,0.7344700646667184,16.415099887116902,2020-06,2020,06
BX0603,prism_tmax_us_30s_202006_avg_30y.tif,prism_vpdmax_us_30s_202006_avg_30y.tif,26.481471470424108,21.481471470424108,18.231013706752233,1.8231013706752233,0.7384124777664778,16.410190427492694,2020-06,2020,06
BX0701,prism_tmax_us_30s_202006_avg_30y.tif,prism_vpdmax_us_30s_202006_avg_30y.tif,26.59457736545139,21.59457736545139,18.463143242730034,1.8463143242730033,0.7329831010596128,16.472187724927362,2020-06,2020,06
BX0702,prism_tmax_us_30s_202006_avg_30y.tif,prism_vpdmax_us_30s_202006_avg_30y.tif,26.530819363064236,21.530819363064236,18.27727762858073,1.827727762858073,0.7415318098451995,16.439396580126584,2020-06,2020,06
BX0703,prism_tmax_us_30s_202006_avg_30y.tif,prism_vpdmax_us_30s_202006_avg_30y.tif,26.495487213134766,21.495487213134766,18.149425506591797,1.8149425506591796,0.748769153990094,16.42220752736552,2020-06,2020,06
BX0801,prism_tmax_us_30s_202006_avg_30y.tif,prism_vpdmax_us_30s_202006_avg_30y.tif,26.605396815708705,21.605396815708705,18.431900024414062,1.8431900024414063,0.737814197954002,16.480220974302757,2020-06,2020,06
BX0802,prism_tmax_us_30s_202006_avg_30y.tif,prism_vpdmax_us_30s_202006_avg_30y.tif,26.686749776204426,21.686749776204426,18.633617401123047,1.8633617401123046,0.7305075742484295,16.523476599787543,2020-06,2020,06
BX0803,prism_tmax_us_30s_202006_avg_30y.tif,prism_vpdmax_us_30s_202006_avg_30y.tif,26.731638590494793,21.731638590494793,18.746565077039932,1.8746565077039932,0.7263354555808645,16.547288914853826,2020-06,2020,06
BX0901,prism_tmax_us_30s_202006_avg_30y.tif,prism_vpdmax_us_30s_202006_avg_30y.tif,26.45098876953125,21.45098876953125,18.343799937855113,1.8343799937855114,0.7223594417381958,16.38659789292733,2020-06,2020,06
BX0902,prism_tmax_us_30s_202006_avg_30y.tif,prism_vpdmax_us_30s_202006_avg_30y.tif,26.418728637695313,21.418728637695313,18.38887939453125,1.8388879394531252,0.7128071598887553,16.36455235140952,2020-06,2020,06
BX0903,prism_tmax_us_30s_202006_avg_30y.tif,prism_vpdmax_us_30s_202006_avg_30y.tif,26.406385149274552,21.406385149274552,18.25728498186384,1.825728498186384,0.7240388203628036,16.361967636041253,2020-06,2020,06
BX0904,prism_tmax_us_30s_202006_avg_30y.tif,prism_vpdmax_us_30s_202006_avg_30y.tif,26.424481709798176,21.424481709798176,18.15056610107422,1.815056610107422,0.7375374272896635,16.377533338380402,2020-06,2020,06
BX0991,prism_tmax_us_30s_202006_avg_30y.tif,prism_vpdmax_us_30s_202006_avg_30y.tif,26.441268920898438,21.441268920898438,18.460414341517858,1.8460414341517857,0.7091772467881232,16.375906136137147,2020-06,2020,06
BX1001,prism_tmax_us_30s_202006_avg_30y.tif,prism_vpdmax_us_30s_202006_avg_30y.tif,26.450849533081055,21.450849533081055,18.22287368774414,1.822287368774414,0.734430276417892,16.39126278388919,2020-06,2020,06
BX1002,prism_tmax_us_30s_202006_avg_30y.tif,prism_vpdmax_us_30s_202006_avg_30y.tif,26.271046031605113,21.271046031605113,17.73525446111506,1.7735254461115058,0.7551882067531746,16.297472065174095,2020-06,2020,06
BX1003,prism_tmax_us_30s_202006_avg_30y.tif,prism_vpdmax_us_30s_202006_avg_30y.tif,26.185208129882813,21.185208129882813,17.266490173339843,1.7266490173339843,0.788790359743049,16.262007621022573,2020-06,2020,06
BX1004,prism_tmax_us_30s_202006_avg_30y.tif,prism_vpdmax_us_30s_202006_avg_30y.tif,26.356589577414773,21.356589577414773,17.73187949440696,1.7731879494406961,0.7688153141553575,16.351330708857233,2020-06,2020,06
BX1071,prism_tmax_us_30s_202006_avg_30y.tif,prism_vpdmax_us_30s_202006_avg_30y.tif,25.89764912923177,20.89764912923177,16.053633371988933,1.6053633371988933,0.8660495275378683,16.129324520596796,2020-06,2020,06
BX1091,prism_tmax_us_30s_202006_avg_30y.tif,prism_vpdmax_us_30s_202006_avg_30y.tif,26.32801055908203,21.32801055908203,18.02678680419922,1.802678680419922,0.7348779198047692,16.321789009482785,2020-06,2020,06
BX1101,prism_tmax_us_30s_202006_avg_30y.tif,prism_vpdmax_us_30s_202006_avg_30y.tif,26.452823638916016,21.452823638916016,18.197099685668945,1.8197099685668945,0.7373166368939625,16.393516441564707,2020-06,2020,06
BX1102,prism_tmax_us_30s_202006_avg_30y.tif,prism_vpdmax_us_30s_202006_avg_30y.tif,26.442959594726563,21.442959594726563,18.124049377441406,1.8124049377441405,0.7430782069799728,16.39018782555309,2020-06,2020,06
BX1103,prism_tmax_us_30s_202006_avg_30y.tif,prism_vpdmax_us_30s_202006_avg_30y.tif,26.43789117986506,21.43789117986506,18.012463656338777,1.8012463656338777,0.7534440235148177,16.39138780022481,2020-06,2020,06
BX1104,prism_tmax_us_30s_202006_avg_30y.tif,prism_vpdmax_us_30s_202006_avg_30y.tif,26.480257306780135,21.480257306780135,18.153784615652903,1.8153784615652904,0.7459450672591417,16.41246230437718,2020-06,2020,06
BX1161,prism_tmax_us_30s_202006_avg_30y.tif,prism_vpdmax_us_30s_202006_avg_30y.tif,26.422698974609375,21.422698974609375,18.019341605050222,1.8019341605050223,0.7503812885722638,16.381570165012413,2020-06,2020,06
BX1201,prism_tmax_us_30s_202006_avg_30y.tif,prism_vpdmax_us_30s_202006_avg_30y.tif,26.479573567708332,21.479573567708332,18.07837422688802,1.8078374226888019,0.7533789357746157,16.41499613465005,2020-06,2020,06
BX1202,prism_tmax_us_30s_202006_avg_30y.tif,prism_vpdmax_us_30s_202006_avg_30y.tif,26.378173828125,21.378173828125,17.755638485863095,1.7755638485863094,0.7698022606381831,16.36395684897768,2020-06,2020,06
BX1203,prism_tmax_us_30s_202006_avg_30y.tif,prism_vpdmax_us_30s_202006_avg_30y.tif,26.44309343610491,21.44309343610491,17.98054940359933,1.798054940359933,0.7574491415336642,16.395911490894214,2020-06,2020,06
BX1271,prism_tmax_us_30s_202006_avg_30y.tif,prism_vpdmax_us_30s_202006_avg_30y.tif,26.484126499720983,21.484126499720983,18.07391357421875,1.807391357421875,0.7545387087452504,16.41803343787868,2020-06,2020,06
BX2691,prism_tmax_us_30s_202006_avg_30y.tif,prism_vpdmax_us_30s_202006_avg_30y.tif,26.568057789522058,21.568057789522058,18.314329259535846,1.8314329259535846,0.7436851895499788,16.46135704615215,2020-06,2020,06
BX2791,prism_tmax_us_30s_202006_avg_30y.tif,prism_vpdmax_us_30s_202006_avg_30y.tif,26.48029033954327,21.48029033954327,18.208653376652645,1.8208653376652646,0.7404633688667657,16.41032672648567,2020-06,2020,06
BX2891,prism_tmax_us_30s_202006_avg_30y.tif,prism_vpdmax_us_30s_202006_avg_30y.tif,26.161199079241072,21.161199079241072,17.076975795200894,1.7076975795200895,0.8040398684279675,16.254387546221878,2020-06,2020,06
MN0101,prism_tmax_us_30s_202006_avg_30y.tif,prism_vpdmax_us_30s_202006_avg_30y.tif,26.893017578125,21.893017578125,19.2458984375,1.92458984375,0.7021499558787136,16.62928589945721,2020-06,2020,06
MN0102,prism_tmax_us_30s_202006_avg_30y.tif,prism_vpdmax_us_30s_202006_avg_30y.tif,26.905550003051758,21.905550003051758,19.30251121520996,1.930251121520996,0.6984974964254178,16.634956367825534,2020-06,2020,06
MN0191,prism_tmax_us_30s_202006_avg_30y.tif,prism_vpdmax_us_30s_202006_avg_30y.tif,26.816609700520832,21.816609700520832,19.01477559407552,1.901477559407552,0.7130438305698232,16.59024392560925,2020-06,2020,06
MN0201,prism_tmax_us_30s_202006_avg_30y.tif,prism_vpdmax_us_30s_202006_avg_30y.tif,26.865982055664062,21.865982055664062,19.24613316853841,1.924613316853841,0.6977975335499,16.61224625624663,2020-06,2020,06
MN0202,prism_tmax_us_30s_202006_avg_30y.tif,prism_vpdmax_us_30s_202006_avg_30y.tif,26.83187484741211,21.83187484741211,19.209999084472656,1.9209999084472655,0.695958559950185,16.592184752543087,2020-06,2020,06
MN0203,prism_tmax_us_30s_202006_avg_30y.tif,prism_vpdmax_us_30s_202006_avg_30y.tif,26.904076470269096,21.904076470269096,19.346165974934895,1.9346165974934895,0.6938957587691057,16.632312391838834,2020-06,2020,06
MN0301,prism_tmax_us_30s_202006_avg_30y.tif,prism_vpdmax_us_30s_202006_avg_30y.tif,26.867401123046875,21.867401123046875,19.213948567708332,1.9213948567708332,0.7012430607566942,16.614404959644958,2020-06,2020,06
MN0302,prism_tmax_us_30s_202006_avg_30y.tif,prism_vpdmax_us_30s_202006_avg_30y.tif,26.844456263950892,21.844456263950892,19.19795663016183,1.919795663016183,0.6991729181713198,16.600581658501483,2020-06,2020,06
MN0303,prism_tmax_us_30s_202006_avg_30y.tif,prism_vpdmax_us_30s_202006_avg_30y.tif,26.848770141601562,21.848770141601562,19.2525390625,1.9252539062499998,0.6944042067028124,16.60115352352229,2020-06,2020,06
MN0401,prism_tmax_us_30s_202006_avg_30y.tif,prism_vpdmax_us_30s_202006_avg_30y.tif,26.883249918619793,21.883249918619793,19.341883341471355,1.9341883341471355,0.6909867404567116,16.61936049285691,2020-06,2020,06
MN0402,prism_tmax_us_30s_202006_avg_30y.tif,prism_vpdmax_us_30s_202006_avg_30y.tif,26.855562210083008,21.855562210083008,19.27877426147461,1.927877426147461,0.6928666548928706,16.604400368489962,2020-06,2020,06
MN0501,prism_tmax_us_30s_202006_avg_30y.tif,prism_vpdmax_us_30s_202006_avg_30y.tif,26.80181121826172,21.80181121826172,19.152135848999023,1.9152135848999023,0.6969471224121278,16.57552717986236,2020-06,2020,06
MN0502,prism_tmax_us_30s_202006_avg_30y.tif,prism_vpdmax_us_30s_202006_avg_30y.tif,26.72742614746094,21.72742614746094,18.929010009765626,1.8929010009765626,0.7074218350918806,16.53746740680146,2020-06,2020,06
MN0601,prism_tmax_us_30s_202006_avg_30y.tif,prism_vpdmax_us_30s_202006_avg_30y.tif,26.844074249267578,21.844074249267578,19.281700134277344,1.9281700134277344,0.6907375140366427,16.597049942351116,2020-06,2020,06
MN0602,prism_tmax_us_30s_202006_avg_30y.tif,prism_vpdmax_us_30s_202006_avg_30y.tif,26.821266174316406,21.821266174316406,19.219749450683594,1.9219749450683594,0.6932896400245581,16.585120749367054,2020-06,2020,06
MN0603,prism_tmax_us_30s_202006_avg_30y.tif,prism_vpdmax_us_30s_202006_avg_30y.tif,26.810369873046874,21.810369873046874,19.201019287109375,1.9201019287109375,0.6934238447176837,16.578995288991628,2020-06,2020,06
MN0604,prism_tmax_us_30s_202006_avg_30y.tif,prism_vpdmax_us_30s_202006_avg_30y.tif,26.72319793701172,21.72319793701172,18.944883982340496,1.8944883982340497,0.7051629572651472,16.534182272490845,2020-06,2020,06
MN0661,prism_tmax_us_30s_202006_avg_30y.tif,prism_vpdmax_us_30s_202006_avg_30y.tif,26.774198532104492,21.774198532104492,19.099199295043945,1.9099199295043945,0.6978409265078251,16.560222051820823,2020-06,2020,06
MN0701,prism_tmax_us_30s_202006_avg_30y.tif,prism_vpdmax_us_30s_202006_avg_30y.tif,26.771987915039062,21.771987915039062,19.041154649522568,1.9041154649522567,0.7032934277236382,16.561111464922536,2020-06,2020,06
MN0702,prism_tmax_us_30s_202006_avg_30y.tif,prism_vpdmax_us_30s_202006_avg_30y.tif,26.69407958984375,21.69407958984375,18.793919372558594,1.8793919372558594,0.7156392562790821,16.521789355159083,2020-06,2020,06
MN0703,prism_tmax_us_30s_202006_avg_30y.tif,prism_vpdmax_us_30s_202006_avg_30y.tif,26.70994131905692,21.70994131905692,18.84277125767299,1.884277125767299,0.71326993290811,16.529851811538162,2020-06,2020,06
MN0801,prism_tmax_us_30s_202006_avg_30y.tif,prism_vpdmax_us_30s_202006_avg_30y.tif,26.70531717936198,21.70531717936198,18.947682698567707,1.8947682698567707,0.702045123495092,16.522818574231813,2020-06,2020,06
MN0802,prism_tmax_us_30s_202006_avg_30y.tif,prism_vpdmax_us_30s_202006_avg_30y.tif,26.630377197265624,21.630377197265624,18.681939697265626,1.8681939697265626,0.7167546710237132,16.48610845656193,2020-06,2020,06
MN0803,prism_tmax_us_30s_202006_avg_30y.tif,prism_vpdmax_us_30s_202006_avg_30y.tif,26.70806630452474,21.70806630452474,18.930932362874348,1.8930932362874349,0.7041563110351405,16.525207024902336,2020-06,2020,06
MN0901,prism_tmax_us_30s_202006_avg_30y.tif,prism_vpdmax_us_30s_202006_avg_30y.tif,26.765111923217773,21.765111923217773,18.98102378845215,1.898102378845215,0.7082120182440002,16.559145783634367,2020-06,2020,06
MN0902,prism_tmax_us_30s_202006_avg_30y.tif,prism_vpdmax_us_30s_202006_avg_30y.tif,26.736531575520832,21.736531575520832,18.919784545898438,1.8919784545898437,0.7097909257056212,16.54356123712262,2020-06,2020,06
MN0903,prism_tmax_us_30s_202006_avg_30y.tif,prism_vpdmax_us_30s_202006_avg_30y.tif,26.702916463216145,21.702916463216145,18.851599375406902,1.8851599375406902,0.7112726299346814,16.525083778207883,2020-06,2020,06
MN1001,prism_tmax_us_30s_202006_avg_30y.tif,prism_vpdmax_us_30s_202006_avg_30y.tif,26.755048116048176,21.755048116048176,19.044583638509113,1.9044583638509114,0.7002548362820773,16.55031243245817,2020-06,2020,06
MN1002,prism_tmax_us_30s_202006_avg_30y.tif,prism_vpdmax_us_30s_202006_avg_30y.tif,26.73311767578125,21.73311767578125,18.93831024169922,1.893831024169922,0.7073959206921114,16.54068431899997,2020-06,2020,06
MN1101,prism_tmax_us_30s_202006_avg_30y.tif,prism_vpdmax_us_30s_202006_avg_30y.tif,26.725487603081596,21.725487603081596,18.989034016927082,1.8989034016927082,0.7011115560387804,16.533888312470506,2020-06,2020,06
MN1102,prism_tmax_us_30s_202006_avg_30y.tif,prism_vpdmax_us_30s_202006_avg_30y.tif,26.80687089399858,21.80687089399858,19.23360928622159,1.923360928622159,0.6896066984385882,16.575511229383558,2020-06,2020,06
MN1191,prism_tmax_us_30s_202006_avg_30y.tif,prism_vpdmax_us_30s_202006_avg_30y.tif,26.755123138427734,21.755123138427734,19.26961326599121,1.926961326599121,0.6777638067517828,16.541515995541975,2020-06,2020,06
MN1201,prism_tmax_us_30s_202006_avg_30y.tif,prism_vpdmax_us_30s_202006_avg_30y.tif,26.648500230577255,21.648500230577255,18.728378295898438,1.8728378295898438,0.7149757610931153,16.495685104846896,2020-06,2020,06
MN1202,prism_tmax_us_30s_202006_avg_30y.tif,prism_vpdmax_us_30s_202006_avg_30y.tif,26.690655178493923,21.690655178493923,18.780587090386284,1.8780587090386285,0.7164296102683299,16.520158323041507,2020-06,2020,06
MN1203,prism_tmax_us_30s_202006_avg_30y.tif,prism_vpdmax_us_30s_202006_avg_30y.tif,26.741156441824778,21.741156441824778,18.795200892857142,1.8795200892857142,0.7229842948484415,16.551368530390086,2020-06,2020,06
MN1291,prism_tmax_us_30s_202006_avg_30y.tif,prism_vpdmax_us_30s_202006_avg_30y.tif,26.584950764973957,21.584950764973957,18.56576665242513,1.8565766652425129,0.7212029868943184,16.4620998575897,2020-06,2020,06
MN1292,prism_tmax_us_30s_202006_avg_30y.tif,prism_vpdmax_us_30s_202006_avg_30y.tif,26.81479971749442,21.81479971749442,18.966230119977677,1.8966230119977676,0.71760954597422,16.591011991387205,2020-06,2020,06
MN6491,prism_tmax_us_30s_202006_avg_30y.tif,prism_vpdmax_us_30s_202006_avg_30y.tif,26.641064453125,21.641064453125,18.705900065104167,1.8705900065104166,0.7160477761018353,16.491890320929894,2020-06,2020,06
QN0101,prism_tmax_us_30s_202006_avg_30y.tif,prism_vpdmax_us_30s_202006_avg_30y.tif,26.623245239257812,21.623245239257812,19.213180541992188,1.9213180541992188,0.6625039027180062,16.460744084427354,2020-06,2020,06
QN0102,prism_tmax_us_30s_202006_avg_30y.tif,prism_vpdmax_us_30s_202006_avg_30y.tif,26.710098266601562,21.710098266601562,19.1102783203125,1.91102783203125,0.6865441310954523,16.5194375606836,2020-06,2020,06
QN0103,prism_tmax_us_30s_202006_avg_30y.tif,prism_vpdmax_us_30s_202006_avg_30y.tif,26.624310302734376,21.624310302734376,19.025248718261718,1.9025248718261718,0.6814653131446713,16.468799809716245,2020-06,2020,06
QN0104,prism_tmax_us_30s_202006_avg_30y.tif,prism_vpdmax_us_30s_202006_avg_30y.tif,26.55149980024858,21.55149980024858,18.967017433860086,1.8967017433860085,0.6758099437391238,16.42529369463042,2020-06,2020,06
QN0105,prism_tmax_us_30s_202006_avg_30y.tif,prism_vpdmax_us_30s_202006_avg_30y.tif,26.705816095525567,21.705816095525567,19.083790172230113,1.9083790172230113,0.6885135253807608,16.517783541637634,2020-06,2020,06
QN0151,prism_tmax_us_30s_202006_avg_30y.tif,prism_vpdmax_us_30s_202006_avg_30y.tif,26.563145955403645,21.563145955403645,19.161020914713543,1.9161020914713542,0.658242601172881,16.424993098974806,2020-06,2020,06
QN0161,prism_tmax_us_30s_202006_avg_30y.tif,prism_vpdmax_us_30s_202006_avg_30y.tif,26.597524642944336,21.597524642944336,18.997900009155273,1.8997900009155273,0.6799722615425237,16.45302557133565,2020-06,2020,06
QN0171,prism_tmax_us_30s_202006_avg_30y.tif,prism_vpdmax_us_30s_202006_avg_30y.tif,26.50836690266927,21.50836690266927,19.090166727701824,1.9090166727701825,0.6567161922846694,16.393333497381352,2020-06,2020,06
QN0191,prism_tmax_us_30s_202006_avg_30y.tif,prism_vpdmax_us_30s_202006_avg_30y.tif,26.68112564086914,21.68112564086914,19.168373107910156,1.9168373107910157,0.6761408066994372,16.49892157540568,2020-06,2020,06
QN0201,prism_tmax_us_30s_202006_avg_30y.tif,prism_vpdmax_us_30s_202006_avg_30y.tif,26.749609375,21.749609375,19.131378173828125,1.9131378173828124,0.690710412348158,16.543477707677823,2020-06,2020,06
QN0202,prism_tmax_us_30s_202006_avg_30y.tif,prism_vpdmax_us_30s_202006_avg_30y.tif,26.597152709960938,21.597152709960938,18.86074490017361,1.8860744900173612,0.693629108079663,16.458181826023157,2020-06,2020,06
QN0203,prism_tmax_us_30s_202006_avg_30y.tif,prism_vpdmax_us_30s_202006_avg_30y.tif,26.446982643821023,21.446982643821023,18.6790077903054,1.8679007790305397,0.6882117676235522,16.370906383722573,2020-06,2020,06
QN0261,prism_tmax_us_30s_202006_avg_30y.tif,prism_vpdmax_us_30s_202006_avg_30y.tif,26.640755789620535,21.640755789620535,19.0201416015625,1.90201416015625,0.6845748240609493,16.479346438570797,2020-06,2020,06
QN0271,prism_tmax_us_30s_202006_avg_30y.tif,prism_vpdmax_us_30s_202006_avg_30y.tif,26.469526018415177,21.469526018415177,18.600128173828125,1.8600128173828125,0.6996291238021419,16.388175498095645,2020-06,2020,06
QN0301,prism_tmax_us_30s_202006_avg_30y.tif,prism_vpdmax_us_30s_202006_avg_30y.tif,26.452374776204426,21.452374776204426,18.931433359781902,1.8931433359781902,0.6638130167142122,16.364375013676593,2020-06,2020,06
QN0302,prism_tmax_us_30s_202006_avg_30y.tif,prism_vpdmax_us_30s_202006_avg_30y.tif,26.41171542080966,21.41171542080966,18.928199074485086,1.8928199074485086,0.6577797258474707,16.338950075857134,2020-06,2020,06
QN0303,prism_tmax_us_30s_202006_avg_30y.tif,prism_vpdmax_us_30s_202006_avg_30y.tif,26.36223602294922,21.36223602294922,18.67967414855957,1.867967414855957,0.6749151948657228,16.317629496594435,2020-06,2020,06
QN0401,prism_tmax_us_30s_202006_avg_30y.tif,prism_vpdmax_us_30s_202006_avg_30y.tif,26.403038611778847,21.403038611778847,18.62828416090745,1.8628284160907451,0.6864164663959114,16.3452845641722,2020-06,2020,06
QN0402,prism_tmax_us_30s_202006_avg_30y.tif,prism_vpdmax_us_30s_202006_avg_30y.tif,26.417721218532986,21.417721218532986,18.67434522840712,1.8674345228407119,0.6841031921226817,16.352700485412416,2020-06,2020,06
QN0501,prism_tmax_us_30s_202006_avg_30y.tif,prism_vpdmax_us_30s_202006_avg_30y.tif,26.429943084716797,21.429943084716797,18.50318145751953,1.850318145751953,0.7031295069740955,16.367107625275242,2020-06,2020,06
QN0502,prism_tmax_us_30s_202006_avg_30y.tif,prism_vpdmax_us_30s_202006_avg_30y.tif,26.404365090762866,21.404365090762866,18.33145859662224,1.833145859662224,0.7163060914767478,16.357783300412905,2020-06,2020,06
QN0503,prism_tmax_us_30s_202006_avg_30y.tif,prism_vpdmax_us_30s_202006_avg_30y.tif,26.327251434326172,21.327251434326172,18.09222412109375,1.809222412109375,0.7282161671873377,16.318740516967562,2020-06,2020,06
QN0504,prism_tmax_us_30s_202006_avg_30y.tif,prism_vpdmax_us_30s_202006_avg_30y.tif,26.332355205829327,21.332355205829327,18.250929612379807,1.8250929612379807,0.7131391923705712,16.315709104306862,2020-06,2020,06
QN0571,prism_tmax_us_30s_202006_avg_30y.tif,prism_vpdmax_us_30s_202006_avg_30y.tif,26.33111354282924,21.33111354282924,18.22007097516741,1.822007097516741,0.7160319726580022,16.316141944038772,2020-06,2020,06
QN0572,prism_tmax_us_30s_202006_avg_30y.tif,prism_vpdmax_us_30s_202006_avg_30y.tif,26.314998626708984,21.314998626708984,18.133026123046875,1.8133026123046876,0.7222316895531007,16.30944127533836,2020-06,2020,06
QN0573,prism_tmax_us_30s_202006_avg_30y.tif,prism_vpdmax_us_30s_202006_avg_30y.tif,26.340899149576824,21.340899149576824,18.193464914957683,1.8193464914957684,0.7202146267054168,16.323334166105287,2020-06,2020,06
QN0574,prism_tmax_us_30s_202006_avg_30y.tif,prism_vpdmax_us_30s_202006_avg_30y.tif,26.27960713704427,21.27960713704427,17.91083272298177,1.7910832722981769,0.7389576508244873,16.295947603478123,2020-06,2020,06
QN0601,prism_tmax_us_30s_202006_avg_30y.tif,prism_vpdmax_us_30s_202006_avg_30y.tif,26.380421956380207,21.380421956380207,18.399634467230904,1.8399634467230903,0.7057531463171738,16.340060235770228,2020-06,2020,06
QN0602,prism_tmax_us_30s_202006_avg_30y.tif,prism_vpdmax_us_30s_202006_avg_30y.tif,26.356781005859375,21.356781005859375,18.262357711791992,1.8262357711791992,0.715797300069795,16.330603169249695,2020-06,2020,06
QN0701,prism_tmax_us_30s_202006_avg_30y.tif,prism_vpdmax_us_30s_202006_avg_30y.tif,26.333623712713067,21.333623712713067,18.44303477894176,1.8443034778941763,0.6941259467307348,16.308956142173486,2020-06,2020,06
QN0702,prism_tmax_us_30s_202006_avg_30y.tif,prism_vpdmax_us_30s_202006_avg_30y.tif,26.25799560546875,21.25799560546875,17.866928998161764,1.7866928998161764,0.7399986519904782,16.28410297853304,2020-06,2020,06
QN0703,prism_tmax_us_30s_202006_avg_30y.tif,prism_vpdmax_us_30s_202006_avg_30y.tif,26.23278573843149,21.23278573843149,17.67319077711839,1.7673190777118388,0.7554703265261691,16.27588935201544,2020-06,2020,06
QN0704,prism_tmax_us_30s_202006_avg_30y.tif,prism_vpdmax_us_30s_202006_avg_30y.tif,26.310746042351973,21.310746042351973,18.15957802220395,1.8159578022203948,0.7189158736642447,16.305726944363617,2020-06,2020,06
QN0705,prism_tmax_us_30s_202006_avg_30y.tif,prism_vpdmax_us_30s_202006_avg_30y.tif,26.29953172471788,21.29953172471788,18.08631049262153,1.808631049262153,0.7245012378828173,16.301563474402982,2020-06,2020,06
QN0706,prism_tmax_us_30s_202006_avg_30y.tif,prism_vpdmax_us_30s_202006_avg_30y.tif,26.336990356445312,21.336990356445312,18.226820373535155,1.8226820373535155,0.7162710136251496,16.319568040459174,2020-06,2020,06
QN0707,prism_tmax_us_30s_202006_avg_30y.tif,prism_vpdmax_us_30s_202006_avg_30y.tif,26.361184927133415,21.361184927133415,18.45990694486178,1.845990694486178,0.6967282032694402,16.325606037569536,2020-06,2020,06
QN0761,prism_tmax_us_30s_202006_avg_30y.tif,prism_vpdmax_us_30s_202006_avg_30y.tif,26.099149068196613,21.099149068196613,17.162682851155598,1.7162682851155597,0.7859237831211121,16.212085568434077,2020-06,2020,06
QN0791,prism_tmax_us_30s_202006_avg_30y.tif,prism_vpdmax_us_30s_202006_avg_30y.tif,26.27118682861328,21.27118682861328,17.978561401367188,1.7978561401367188,0.7308793362583914,16.287998510973278,2020-06,2020,06
QN0801,prism_tmax_us_30s_202006_avg_30y.tif,prism_vpdmax_us_30s_202006_avg_30y.tif,26.306724548339844,21.306724548339844,18.056658426920574,1.8056658426920573,0.7285832447661065,16.30724603410177,2020-06,2020,06
QN0802,prism_tmax_us_30s_202006_avg_30y.tif,prism_vpdmax_us_30s_202006_avg_30y.tif,26.269975934709823,21.269975934709823,17.914071219308035,1.7914071219308034,0.7371406713380859,16.289772638816338,2020-06,2020,06
QN0803,prism_tmax_us_30s_202006_avg_30y.tif,prism_vpdmax_us_30s_202006_avg_30y.tif,26.238657633463543,21.238657633463543,17.801973978678387,1.7801973978678387,0.7435004258152149,16.274514545519207,2020-06,2020,06
QN0804,prism_tmax_us_30s_202006_avg_30y.tif,prism_vpdmax_us_30s_202006_avg_30y.tif,26.203434535435267,21.203434535435267,17.62342071533203,1.7623420715332032,0.7559107977148312,16.259420325093725,2020-06,2020,06
QN0805,prism_tmax_us_30s_202006_avg_30y.tif,prism_vpdmax_us_30s_202006_avg_30y.tif,26.186141967773438,21.186141967773438,17.671873728434246,1.7671873728434246,0.7483960879494613,16.246662158291677,2020-06,2020,06
QN0871,prism_tmax_us_30s_202006_avg_30y.tif,prism_vpdmax_us_30s_202006_avg_30y.tif,26.346275329589844,21.346275329589844,18.278324127197266,1.8278324127197265,0.712565253041318,16.32337625632268,2020-06,2020,06
QN0891,prism_tmax_us_30s_202006_avg_30y.tif,prism_vpdmax_us_30s_202006_avg_30y.tif,26.27261013454861,21.27261013454861,17.794543796115452,1.7794543796115452,0.7495017183856247,16.296124121614614,2020-06,2020,06
QN0901,prism_tmax_us_30s_202006_avg_30y.tif,prism_vpdmax_us_30s_202006_avg_30y.tif,26.175955878363716,21.175955878363716,17.667154947916668,1.7667154947916668,0.747296723530634,16.240454595379767,2020-06,2020,06
QN0902,prism_tmax_us_30s_202006_avg_30y.tif,prism_vpdmax_us_30s_202006_avg_30y.tif,26.021373401988637,21.021373401988637,17.30288973721591,1.730288973721591,0.7599833608516364,16.157792179742252,2020-06,2020,06
QN0903,prism_tmax_us_30s_202006_avg_30y.tif,prism_vpdmax_us_30s_202006_avg_30y.tif,25.884477403428818,20.884477403428818,16.98468695746528,1.6984686957465278,0.7709437552653375,16.084479583563418,2020-06,2020,06
QN0904,prism_tmax_us_30s_202006_avg_30y.tif,prism_vpdmax_us_30s_202006_avg_30y.tif,25.888851165771484,20.888851165771484,17.01776123046875,1.701776123046875,0.7683004221351442,16.085920676891543,2020-06,2020,06
QN0905,prism_tmax_us_30s_202006_avg_30y.tif,prism_vpdmax_us_30s_202006_avg_30y.tif,26.041510009765624,21.041510009765624,17.377407836914063,1.7377407836914063,0.7556128740063988,16.16749203502162,2020-06,2020,06
QN1001,prism_tmax_us_30s_202006_avg_30y.tif,prism_vpdmax_us_30s_202006_avg_30y.tif,25.740884399414064,20.740884399414064,16.64488525390625,1.664488525390625,0.7832078319331852,16.007882132417514,2020-06,2020,06
QN1002,prism_tmax_us_30s_202006_avg_30y.tif,prism_vpdmax_us_30s_202006_avg_30y.tif,25.777414957682293,20.777414957682293,16.726507822672527,1.6726507822672527,0.78055433257631,16.027552133708348,2020-06,2020,06
QN1003,prism_tmax_us_30s_202006_avg_30y.tif,prism_vpdmax_us_30s_202006_avg_30y.tif,25.59771156311035,20.59771156311035,16.319393157958984,1.6319393157958983,0.7942708678321564,15.931050907341605,2020-06,2020,06
QN1091,prism_tmax_us_30s_202006_avg_30y.tif,prism_vpdmax_us_30s_202006_avg_30y.tif,25.479732937282986,20.479732937282986,16.101910061306423,1.6101910061306424,0.7984380275684748,15.865794720273863,2020-06,2020,06
QN1101,prism_tmax_us_30s_202006_avg_30y.tif,prism_vpdmax_us_30s_202006_avg_30y.tif,26.269447326660156,21.269447326660156,17.870004653930664,1.7870004653930665,0.7414653998147578,16.291172536343506,2020-06,2020,06
QN1102,prism_tmax_us_30s_202006_avg_30y.tif,prism_vpdmax_us_30s_202006_avg_30y.tif,26.238490054481908,21.238490054481908,17.66976768092105,1.7669767680921051,0.7566951260966279,16.279605045447216,2020-06,2020,06
QN1103,prism_tmax_us_30s_202006_avg_30y.tif,prism_vpdmax_us_30s_202006_avg_30y.tif,26.242999267578124,21.242999267578124,17.558779907226562,1.7558779907226563,0.7684916951186369,16.28679782089842,2020-06,2020,06
QN1104,prism_tmax_us_30s_202006_avg_30y.tif,prism_vpdmax_us_30s_202006_avg_30y.tif,26.274505615234375,21.274505615234375,17.756535121372767,1.7756535121372767,0.7535964237088093,16.298808078355453,2020-06,2020,06
QN1191,prism_tmax_us_30s_202006_avg_30y.tif,prism_vpdmax_us_30s_202006_avg_30y.tif,26.24909210205078,21.24909210205078,17.634124755859375,1.7634124755859375,0.7619003319325062,16.287662052312267,2020-06,2020,06
QN1201,prism_tmax_us_30s_202006_avg_30y.tif,prism_vpdmax_us_30s_202006_avg_30y.tif,25.974185719209558,20.974185719209558,17.12014590992647,1.7120145909926472,0.7710500722654814,16.13538598119215,2020-06,2020,06
QN1202,prism_tmax_us_30s_202006_avg_30y.tif,prism_vpdmax_us_30s_202006_avg_30y.tif,25.807447160993302,20.807447160993302,16.71130589076451,1.671130589076451,0.7866114536679909,16.046960841574723,2020-06,2020,06
QN1203,prism_tmax_us_30s_202006_avg_30y.tif,prism_vpdmax_us_30s_202006_avg_30y.tif,25.67768096923828,20.67768096923828,16.488704681396484,1.6488704681396484,0.7893204329533594,15.974448039708774,2020-06,2020,06
QN1204,prism_tmax_us_30s_202006_avg_30y.tif,prism_vpdmax_us_30s_202006_avg_30y.tif,25.61186805138221,20.61186805138221,16.421528742863583,1.6421528742863583,0.7861744252196061,15.935895734245017,2020-06,2020,06
QN1205,prism_tmax_us_30s_202006_avg_30y.tif,prism_vpdmax_us_30s_202006_avg_30y.tif,25.810804284137227,20.810804284137227,16.717330269191574,1.6717330269191575,0.7865166276985429,16.048827063791336,2020-06,2020,06
QN1206,prism_tmax_us_30s_202006_avg_30y.tif,prism_vpdmax_us_30s_202006_avg_30y.tif,26.065948486328125,21.065948486328125,17.24564971923828,1.724564971923828,0.7725327603372678,16.187998166560593,2020-06,2020,06
QN1301,prism_tmax_us_30s_202006_avg_30y.tif,prism_vpdmax_us_30s_202006_avg_30y.tif,26.236219133649552,21.236219133649552,17.553279331752233,1.7553279331752232,0.767992604405455,16.28275734231064,2020-06,2020,06
QN1302,prism_tmax_us_30s_202006_avg_30y.tif,prism_vpdmax_us_30s_202006_avg_30y.tif,26.211595323350693,21.211595323350693,17.552839491102432,1.7552839491102432,0.7642295391100462,16.26731675721009,2020-06,2020,06
QN1303,prism_tmax_us_30s_202006_avg_30y.tif,prism_vpdmax_us_30s_202006_avg_30y.tif,26.05998840332031,21.05998840332031,17.225425720214844,1.7225425720214844,0.7736415984266187,16.185054572864278,2020-06,2020,06
QN1304,prism_tmax_us_30s_202006_avg_30y.tif,prism_vpdmax_us_30s_202006_avg_30y.tif,25.79056340997869,20.79056340997869,16.644936301491477,1.6644936301491478,0.7906969034869555,16.03899333652829,2020-06,2020,06
QN1305,prism_tmax_us_30s_202006_avg_30y.tif,prism_vpdmax_us_30s_202006_avg_30y.tif,25.626841227213543,20.626841227213543,16.42062505086263,1.642062505086263,0.7885058038077337,15.945301756726517,2020-06,2020,06
QN1306,prism_tmax_us_30s_202006_avg_30y.tif,prism_vpdmax_us_30s_202006_avg_30y.tif,25.485720985814144,20.485720985814144,16.24271593595806,1.624271593595806,0.7852470874135737,15.864005904310153,2020-06,2020,06
QN1307,prism_tmax_us_30s_202006_avg_30y.tif,prism_vpdmax_us_30s_202006_avg_30y.tif,25.43926493326823,20.43926493326823,16.14272732204861,1.6142727322048611,0.7883514744832556,15.838885346635005,2020-06,2020,06
QN1371,prism_tmax_us_30s_202006_avg_30y.tif,prism_vpdmax_us_30s_202006_avg_30y.tif,25.76014099121094,20.76014099121094,16.618658447265624,1.6618658447265624,0.7887330308483882,16.02097202314002,2020-06,2020,06
QN1401,prism_tmax_us_30s_202006_avg_30y.tif,prism_vpdmax_us_30s_202006_avg_30y.tif,24.9700532801011,19.9700532801011,15.268382352941176,1.5268382352941177,0.8071118725633477,15.58021517573472,2020-06,2020,06
QN1402,prism_tmax_us_30s_202006_avg_30y.tif,prism_vpdmax_us_30s_202006_avg_30y.tif,24.93765597873264,19.93765597873264,15.048316107855904,1.5048316107855904,0.8244408103682122,15.568656178416113,2020-06,2020,06
QN1403,prism_tmax_us_30s_202006_avg_30y.tif,prism_vpdmax_us_30s_202006_avg_30y.tif,25.027523464626736,20.027523464626736,14.992713080512154,1.4992713080512154,0.8429968495031233,15.626903566298086,2020-06,2020,06
QN1491,prism_tmax_us_30s_202006_avg_30y.tif,prism_vpdmax_us_30s_202006_avg_30y.tif,24.993020629882814,19.993020629882814,15.317678833007813,1.5317678833007813,0.8055033409393499,15.592605510132719,2020-06,2020,06
QN8081,prism_tmax_us_30s_202006_avg_30y.tif,prism_vpdmax_us_30s_202006_avg_30y.tif,26.45704768254207,21.45704768254207,19.04609914926382,1.904609914926382,0.6530778901260872,16.362805646820906,2020-06,2020,06
QN8191,prism_tmax_us_30s_202006_avg_30y.tif,prism_vpdmax_us_30s_202006_avg_30y.tif,26.3679443359375,21.3679443359375,18.42957458496094,1.842957458496094,0.70081440240863,16.331044498623154,2020-06,2020,06
QN8291,prism_tmax_us_30s_202006_avg_30y.tif,prism_vpdmax_us_30s_202006_avg_30y.tif,26.226620483398438,21.226620483398438,17.80760955810547,1.7807609558105468,0.7410749518441133,16.26673627016165,2020-06,2020,06
QN8381,prism_tmax_us_30s_202006_avg_30y.tif,prism_vpdmax_us_30s_202006_avg_30y.tif,25.39110819498698,20.39110819498698,16.06661097208659,1.606661097208659,0.7888344496899771,15.811770285285778,2020-06,2020,06
QN8491,prism_tmax_us_30s_202006_avg_30y.tif,prism_vpdmax_us_30s_202006_avg_30y.tif,25.1600341796875,20.1600341796875,15.55999096019848,1.555999096019848,0.8055470961525923,15.687319388670781,2020-06,2020,06
QN8492,prism_tmax_us_30s_202006_avg_30y.tif,prism_vpdmax_us_30s_202006_avg_30y.tif,25.03193996263587,20.03193996263587,14.869955311650815,1.4869955311650815,0.8559129273434931,15.63448373926053,2020-06,2020,06
SI0101,prism_tmax_us_30s_202006_avg_30y.tif,prism_vpdmax_us_30s_202006_avg_30y.tif,26.686669921875,21.686669921875,18.784959411621095,1.8784959411621096,0.7153607176604542,16.517478607743683,2020-06,2020,06
SI0102,prism_tmax_us_30s_202006_avg_30y.tif,prism_vpdmax_us_30s_202006_avg_30y.tif,26.614499178799715,21.614499178799715,18.56223643909801,1.8562236439098012,0.7262172241287115,16.480824403462023,2020-06,2020,06
SI0103,prism_tmax_us_30s_202006_avg_30y.tif,prism_vpdmax_us_30s_202006_avg_30y.tif,26.51532217172476,21.51532217172476,18.24633084810697,1.824633084810697,0.7421918227906827,16.430869057724678,2020-06,2020,06
SI0104,prism_tmax_us_30s_202006_avg_30y.tif,prism_vpdmax_us_30s_202006_avg_30y.tif,26.946437669836957,21.946437669836957,19.355650528617527,1.9355650528617527,0.6997467698981601,16.65863063936753,2020-06,2020,06
SI0105,prism_tmax_us_30s_202006_avg_30y.tif,prism_vpdmax_us_30s_202006_avg_30y.tif,27.049932570684526,22.049932570684526,19.610142299107142,1.9610142299107143,0.6909743899570808,16.71386470283126,2020-06,2020,06
SI0106,prism_tmax_us_30s_202006_avg_30y.tif,prism_vpdmax_us_30s_202006_avg_30y.tif,27.08070021409255,22.08070021409255,19.82848416841947,1.9828484168419471,0.6741157318941486,16.724684504024875,2020-06,2020,06
SI0107,prism_tmax_us_30s_202006_avg_30y.tif,prism_vpdmax_us_30s_202006_avg_30y.tif,27.28048828125,22.28048828125,20.402095947265625,2.0402095947265626,0.6492617042063249,16.828196705221835,2020-06,2020,06
SI0191,prism_tmax_us_30s_202006_avg_30y.tif,prism_vpdmax_us_30s_202006_avg_30y.tif,26.946199417114258,21.946199417114258,19.440399169921875,1.9440399169921876,0.6912336205070764,16.655149882363062,2020-06,2020,06
SI0201,prism_tmax_us_30s_202006_avg_30y.tif,prism_vpdmax_us_30s_202006_avg_30y.tif,26.262557319972824,21.262557319972824,17.624682882557746,1.7624682882557745,0.7649299186910512,16.296487458470175,2020-06,2020,06
SI0202,prism_tmax_us_30s_202006_avg_30y.tif,prism_vpdmax_us_30s_202006_avg_30y.tif,26.09906005859375,21.09906005859375,17.280958557128905,1.7280958557128905,0.7740825426536952,16.207381492485556,2020-06,2020,06
SI0203,prism_tmax_us_30s_202006_avg_30y.tif,prism_vpdmax_us_30s_202006_avg_30y.tif,26.93723882630814,21.93723882630814,19.237497728924417,1.9237497728924418,0.7100842237641973,16.657477514456044,2020-06,2020,06
SI0204,prism_tmax_us_30s_202006_avg_30y.tif,prism_vpdmax_us_30s_202006_avg_30y.tif,27.18787129720052,22.18787129720052,20.110636393229168,2.011063639322917,0.6632951888873215,16.78119803474541,2020-06,2020,06
SI0291,prism_tmax_us_30s_202006_avg_30y.tif,prism_vpdmax_us_30s_202006_avg_30y.tif,27.007364908854168,22.007364908854168,19.563188825334823,1.9563188825334823,0.6887994107871451,16.68887407175966,2020-06,2020,06
SI0301,prism_tmax_us_30s_202006_avg_30y.tif,prism_vpdmax_us_30s_202006_avg_30y.tif,26.237406412760418,21.237406412760418,17.563822428385418,1.7563822428385418,0.7671219850961812,16.283088376177954,2020-06,2020,06
SI0302,prism_tmax_us_30s_202006_avg_30y.tif,prism_vpdmax_us_30s_202006_avg_30y.tif,26.4912109375,21.4912109375,18.129266146955818,1.8129266146955818,0.7501143380533628,16.420311536417472,2020-06,2020,06
SI0303,prism_tmax_us_30s_202006_avg_30y.tif,prism_vpdmax_us_30s_202006_avg_30y.tif,26.994671630859376,21.994671630859376,19.381794738769532,1.938179473876953,0.7048931637787619,16.68800182806232,2020-06,2020,06
SI0304,prism_tmax_us_30s_202006_avg_30y.tif,prism_vpdmax_us_30s_202006_avg_30y.tif,26.66628146701389,21.66628146701389,18.585188802083334,1.8585188802083334,0.7321083236481636,16.5125001629906,2020-06,2020,06
SI0305,prism_tmax_us_30s_202006_avg_30y.tif,prism_vpdmax_us_30s_202006_avg_30y.tif,26.977842388731062,21.977842388731062,19.38680382930871,1.9386803829308712,0.7016821754843976,16.67719772937588,2020-06,2020,06
SI0391,prism_tmax_us_30s_202006_avg_30y.tif,prism_vpdmax_us_30s_202006_avg_30y.tif,27.069305419921875,22.069305419921875,19.70406494140625,1.9704064941406252,0.6847140180937579,16.72238878220655,2020-06,2020,06
SI9561,prism_tmax_us_30s_202006_avg_30y.tif,prism_vpdmax_us_30s_202006_avg_30y.tif,26.183297293526785,21.183297293526785,17.439385550362722,1.7439385550362723,0.7712060177531541,16.254013530406677,2020-06,2020,06
SI9591,prism_tmax_us_30s_202006_avg_30y.tif,prism_vpdmax_us_30s_202006_avg_30y.tif,25.805517578125,20.805517578125,16.645179748535156,1.6645179748535157,0.792932347887747,16.048350879516757,2020-06,2020,06
SI9592,prism_tmax_us_30s_202006_avg_30y.tif,prism_vpdmax_us_30s_202006_avg_30y.tif,25.974536895751953,20.974536895751953,17.01203727722168,1.7012037277221679,0.7819145085025911,16.139854821732875,2020-06,2020,06
SI9593,prism_tmax_us_30s_202006_avg_30y.tif,prism_vpdmax_us_30s_202006_avg_30y.tif,26.105865478515625,21.105865478515625,17.295298258463543,1.7295298258463543,0.7736939200090744,16.211087436881925,2020-06,2020,06
BK0101,prism_tmax_us_30s_202007_avg_30y.tif,prism_vpdmax_us_30s_202007_avg_30y.tif,29.6461664835612,24.6461664835612,22.382357279459637,2.2382357279459635,0.8633876034303221,18.253687724327317,2020-07,2020,07
BK0102,prism_tmax_us_30s_202007_avg_30y.tif,prism_vpdmax_us_30s_202007_avg_30y.tif,29.702945285373264,24.702945285373264,22.46604241265191,2.246604241265191,0.8655528537641146,18.286732248335937,2020-07,2020,07
BK0103,prism_tmax_us_30s_202007_avg_30y.tif,prism_vpdmax_us_30s_202007_avg_30y.tif,29.651554652622767,24.651554652622767,22.320369175502233,2.2320369175502233,0.8705847049255682,18.259571277072858,2020-07,2020,07
BK0104,prism_tmax_us_30s_202007_avg_30y.tif,prism_vpdmax_us_30s_202007_avg_30y.tif,29.549825032552082,24.549825032552082,22.099212646484375,2.2099212646484374,0.8738996637954028,18.203193361328623,2020-07,2020,07
BK0201,prism_tmax_us_30s_202007_avg_30y.tif,prism_vpdmax_us_30s_202007_avg_30y.tif,29.721351623535156,24.721351623535156,22.53372573852539,2.253372573852539,0.8622060070289983,18.29585333130683,2020-07,2020,07
BK0202,prism_tmax_us_30s_202007_avg_30y.tif,prism_vpdmax_us_30s_202007_avg_30y.tif,29.69871826171875,24.69871826171875,22.441679382324217,2.2441679382324216,0.8672038739214334,18.284984376845653,2020-07,2020,07
BK0203,prism_tmax_us_30s_202007_avg_30y.tif,prism_vpdmax_us_30s_202007_avg_30y.tif,29.639665391710068,24.639665391710068,22.250064425998264,2.2250064425998266,0.8754127742310618,18.254727497372414,2020-07,2020,07
BK0204,prism_tmax_us_30s_202007_avg_30y.tif,prism_vpdmax_us_30s_202007_avg_30y.tif,29.573468526204426,24.573468526204426,22.079849243164062,2.2079849243164062,0.8801966815870745,18.21907395022163,2020-07,2020,07
BK0261,prism_tmax_us_30s_202007_avg_30y.tif,prism_vpdmax_us_30s_202007_avg_30y.tif,29.71761213030134,24.71761213030134,22.508414132254465,2.2508414132254466,0.8640417817264101,18.294454498099338,2020-07,2020,07
BK0301,prism_tmax_us_30s_202007_avg_30y.tif,prism_vpdmax_us_30s_202007_avg_30y.tif,29.521392822265625,24.521392822265625,21.911407470703125,2.1911407470703126,0.887443412282586,18.192394991251664,2020-07,2020,07
BK0302,prism_tmax_us_30s_202007_avg_30y.tif,prism_vpdmax_us_30s_202007_avg_30y.tif,29.447108677455358,24.447108677455358,21.70076424734933,2.170076424734933,0.8948623445344883,18.15319152151924,2020-07,2020,07
BK0401,prism_tmax_us_30s_202007_avg_30y.tif,prism_vpdmax_us_30s_202007_avg_30y.tif,29.443789672851562,24.443789672851562,21.762449645996092,2.176244964599609,0.8880853638493518,18.14864629249963,2020-07,2020,07
BK0402,prism_tmax_us_30s_202007_avg_30y.tif,prism_vpdmax_us_30s_202007_avg_30y.tif,29.386407470703126,24.386407470703126,21.574710083007812,2.157471008300781,0.8963566433655359,18.119361196731326,2020-07,2020,07
BK0471,prism_tmax_us_30s_202007_avg_30y.tif,prism_vpdmax_us_30s_202007_avg_30y.tif,29.350975036621094,24.350975036621094,21.485074996948242,2.148507499694824,0.89885063833343,18.100251146629198,2020-07,2020,07
BK0501,prism_tmax_us_30s_202007_avg_30y.tif,prism_vpdmax_us_30s_202007_avg_30y.tif,29.141729736328124,24.141729736328124,20.97349853515625,2.0973498535156248,0.9120459622879751,17.98679482367722,2020-07,2020,07
BK0502,prism_tmax_us_30s_202007_avg_30y.tif,prism_vpdmax_us_30s_202007_avg_30y.tif,28.9943115234375,23.9943115234375,20.50994873046875,2.050994873046875,0.9319039438882379,17.91101288373714,2020-07,2020,07
BK0503,prism_tmax_us_30s_202007_avg_30y.tif,prism_vpdmax_us_30s_202007_avg_30y.tif,28.85171127319336,23.85171127319336,20.01913070678711,2.001913070678711,0.95554864106676,17.839450907839872,2020-07,2020,07
BK0504,prism_tmax_us_30s_202007_avg_30y.tif,prism_vpdmax_us_30s_202007_avg_30y.tif,28.69156161221591,23.69156161221591,19.58133489435369,1.9581334894353692,0.9709864776885726,17.754713119858028,2020-07,2020,07
BK0505,prism_tmax_us_30s_202007_avg_30y.tif,prism_vpdmax_us_30s_202007_avg_30y.tif,28.823516845703125,23.823516845703125,20.073638916015625,2.0073638916015626,0.9450909567363723,17.819354797511064,2020-07,2020,07
BK0571,prism_tmax_us_30s_202007_avg_30y.tif,prism_vpdmax_us_30s_202007_avg_30y.tif,29.202898661295574,24.202898661295574,21.158365885416668,2.115836588541667,0.904613884144613,18.01855679742342,2020-07,2020,07
BK0601,prism_tmax_us_30s_202007_avg_30y.tif,prism_vpdmax_us_30s_202007_avg_30y.tif,29.69085693359375,24.69085693359375,22.318323471966913,2.231832347196691,0.8780794722202083,18.284801113930197,2020-07,2020,07
BK0602,prism_tmax_us_30s_202007_avg_30y.tif,prism_vpdmax_us_30s_202007_avg_30y.tif,29.5266806862571,24.5266806862571,21.848000266335227,2.1848000266335226,0.8947574871269879,18.198267641548682,2020-07,2020,07
BK0701,prism_tmax_us_30s_202007_avg_30y.tif,prism_vpdmax_us_30s_202007_avg_30y.tif,29.466500418526785,24.466500418526785,21.610340663364955,2.1610340663364953,0.9074617090328223,18.169138188954584,2020-07,2020,07
BK0702,prism_tmax_us_30s_202007_avg_30y.tif,prism_vpdmax_us_30s_202007_avg_30y.tif,29.578404476768092,24.578404476768092,21.89055754009046,2.189055754009046,0.900036890067383,18.22966983612399,2020-07,2020,07
BK0703,prism_tmax_us_30s_202007_avg_30y.tif,prism_vpdmax_us_30s_202007_avg_30y.tif,29.51839828491211,24.51839828491211,21.64754867553711,2.164754867553711,0.9132781965385206,18.200850158784803,2020-07,2020,07
BK0771,prism_tmax_us_30s_202007_avg_30y.tif,prism_vpdmax_us_30s_202007_avg_30y.tif,29.484224319458008,24.484224319458008,21.587600708007812,2.1587600708007812,0.9129899295143638,18.181360231431835,2020-07,2020,07
BK0801,prism_tmax_us_30s_202007_avg_30y.tif,prism_vpdmax_us_30s_202007_avg_30y.tif,29.463846842447918,24.463846842447918,21.73566436767578,2.173566436767578,0.8944423834607389,18.16251701636804,2020-07,2020,07
BK0802,prism_tmax_us_30s_202007_avg_30y.tif,prism_vpdmax_us_30s_202007_avg_30y.tif,29.407140096028645,24.407140096028645,21.529200236002605,2.1529200236002604,0.9046986962217067,18.13439502206337,2020-07,2020,07
BK0891,prism_tmax_us_30s_202007_avg_30y.tif,prism_vpdmax_us_30s_202007_avg_30y.tif,29.3085994720459,24.3085994720459,21.274999618530273,2.1274999618530273,0.9121366366738415,18.081445598862842,2020-07,2020,07
BK0901,prism_tmax_us_30s_202007_avg_30y.tif,prism_vpdmax_us_30s_202007_avg_30y.tif,29.391241891043528,24.391241891043528,21.464427403041295,2.1464427403041295,0.9082685434508933,18.12678368979788,2020-07,2020,07
BK0902,prism_tmax_us_30s_202007_avg_30y.tif,prism_vpdmax_us_30s_202007_avg_30y.tif,29.327008056640626,24.327008056640626,21.237550354003908,2.1237550354003907,0.919233817129633,18.09467245824718,2020-07,2020,07
BK1001,prism_tmax_us_30s_202007_avg_30y.tif,prism_vpdmax_us_30s_202007_avg_30y.tif,29.27902560763889,24.27902560763889,20.951234605577255,2.0951234605577254,0.9391344004447935,18.075287338906055,2020-07,2020,07
BK1002,prism_tmax_us_30s_202007_avg_30y.tif,prism_vpdmax_us_30s_202007_avg_30y.tif,29.24968095259233,24.24968095259233,20.8067099831321,2.0806709983132103,0.9482580209914775,18.0622345023695,2020-07,2020,07
BK1061,prism_tmax_us_30s_202007_avg_30y.tif,prism_vpdmax_us_30s_202007_avg_30y.tif,29.02408708844866,24.02408708844866,20.221156529017858,2.022115652901786,0.9661185682328131,17.941341976465885,2020-07,2020,07
BK1091,prism_tmax_us_30s_202007_avg_30y.tif,prism_vpdmax_us_30s_202007_avg_30y.tif,29.045100620814733,24.045100620814733,20.254756382533483,2.025475638253348,0.9665289514664339,17.95341792992826,2020-07,2020,07
BK1101,prism_tmax_us_30s_202007_avg_30y.tif,prism_vpdmax_us_30s_202007_avg_30y.tif,28.991800944010418,23.991800944010418,20.0887939453125,2.0088793945312498,0.97356993854287,17.925964121101256,2020-07,2020,07
BK1102,prism_tmax_us_30s_202007_avg_30y.tif,prism_vpdmax_us_30s_202007_avg_30y.tif,28.899742974175346,23.899742974175346,19.912865532769096,1.9912865532769097,0.974721855842644,17.87421995570358,2020-07,2020,07
BK1103,prism_tmax_us_30s_202007_avg_30y.tif,prism_vpdmax_us_30s_202007_avg_30y.tif,28.835528564453124,23.835528564453124,19.743031311035157,1.9743031311035157,0.9802838945371277,17.83999626659801,2020-07,2020,07
BK1201,prism_tmax_us_30s_202007_avg_30y.tif,prism_vpdmax_us_30s_202007_avg_30y.tif,29.474884033203125,24.474884033203125,21.500370570591517,2.150037057059152,0.9199976301922335,18.178818315491718,2020-07,2020,07
BK1202,prism_tmax_us_30s_202007_avg_30y.tif,prism_vpdmax_us_30s_202007_avg_30y.tif,29.224416097005207,24.224416097005207,20.774532318115234,2.0774532318115235,0.9468943591158476,18.04737341013448,2020-07,2020,07
BK1203,prism_tmax_us_30s_202007_avg_30y.tif,prism_vpdmax_us_30s_202007_avg_30y.tif,29.237808227539062,24.237808227539062,20.88835754394531,2.0888357543945313,0.9379395586983779,18.05144751158311,2020-07,2020,07
BK1204,prism_tmax_us_30s_202007_avg_30y.tif,prism_vpdmax_us_30s_202007_avg_30y.tif,29.001950073242188,24.001950073242188,20.10937957763672,2.010937957763672,0.973328797346904,17.93162390888565,2020-07,2020,07
BK1301,prism_tmax_us_30s_202007_avg_30y.tif,prism_vpdmax_us_30s_202007_avg_30y.tif,28.681231180826824,23.681231180826824,19.353599548339844,1.9353599548339844,0.9919399971892671,17.75709049842419,2020-07,2020,07
BK1302,prism_tmax_us_30s_202007_avg_30y.tif,prism_vpdmax_us_30s_202007_avg_30y.tif,28.599469353170957,23.599469353170957,19.015134923598346,1.9015134923598347,1.0114164432011536,17.718385785425983,2020-07,2020,07
BK1303,prism_tmax_us_30s_202007_avg_30y.tif,prism_vpdmax_us_30s_202007_avg_30y.tif,28.517298380533855,23.517298380533855,18.8753662109375,1.88753662109375,1.0110134503682824,17.67163646775743,2020-07,2020,07
BK1391,prism_tmax_us_30s_202007_avg_30y.tif,prism_vpdmax_us_30s_202007_avg_30y.tif,28.698198954264324,23.698198954264324,19.39729944864909,1.939729944864909,0.9905599099506974,17.766168851678493,2020-07,2020,07
BK1401,prism_tmax_us_30s_202007_avg_30y.tif,prism_vpdmax_us_30s_202007_avg_30y.tif,29.10315704345703,24.10315704345703,20.518306732177734,2.0518306732177733,0.9506123153765422,17.980080683583115,2020-07,2020,07
BK1402,prism_tmax_us_30s_202007_avg_30y.tif,prism_vpdmax_us_30s_202007_avg_30y.tif,29.12014215642756,24.12014215642756,20.51194347034801,2.051194347034801,0.9543085231293715,17.99116385228427,2020-07,2020,07
BK1403,prism_tmax_us_30s_202007_avg_30y.tif,prism_vpdmax_us_30s_202007_avg_30y.tif,28.882408728966347,23.882408728966347,19.831336388221153,1.9831336388221152,0.9797878556292772,17.866382376586223,2020-07,2020,07
BK1501,prism_tmax_us_30s_202007_avg_30y.tif,prism_vpdmax_us_30s_202007_avg_30y.tif,28.76976834810697,23.76976834810697,19.61352304311899,1.9613523043118992,0.9815781871824296,17.803218880939347,2020-07,2020,07
BK1502,prism_tmax_us_30s_202007_avg_30y.tif,prism_vpdmax_us_30s_202007_avg_30y.tif,28.686831665039062,23.686831665039062,19.479100036621094,1.9479100036621095,0.9803765189890421,17.755721526039842,2020-07,2020,07
BK1503,prism_tmax_us_30s_202007_avg_30y.tif,prism_vpdmax_us_30s_202007_avg_30y.tif,28.497100830078125,23.497100830078125,18.952508544921876,1.8952508544921876,0.9997741593780547,17.655767415289873,2020-07,2020,07
BK1601,prism_tmax_us_30s_202007_avg_30y.tif,prism_vpdmax_us_30s_202007_avg_30y.tif,29.29163275824653,24.29163275824653,21.263721042209202,2.1263721042209203,0.9101776622740805,18.071055595199496,2020-07,2020,07
BK1602,prism_tmax_us_30s_202007_avg_30y.tif,prism_vpdmax_us_30s_202007_avg_30y.tif,29.09756192294034,24.09756192294034,20.680009321732953,2.0680009321732955,0.9334346863049867,17.97015744202503,2020-07,2020,07
BK1701,prism_tmax_us_30s_202007_avg_30y.tif,prism_vpdmax_us_30s_202007_avg_30y.tif,29.140733506944443,24.140733506944443,20.70181104871962,2.070181104871962,0.9390349614677707,17.996836638294333,2020-07,2020,07
BK1702,prism_tmax_us_30s_202007_avg_30y.tif,prism_vpdmax_us_30s_202007_avg_30y.tif,28.94723171657986,23.94723171657986,20.114242553710938,2.011424255371094,0.9630554162760916,17.896561161897285,2020-07,2020,07
BK1703,prism_tmax_us_30s_202007_avg_30y.tif,prism_vpdmax_us_30s_202007_avg_30y.tif,29.043190696022727,24.043190696022727,20.44155328924006,2.0441553289240058,0.9475063997378759,17.94485913974187,2020-07,2020,07
BK1704,prism_tmax_us_30s_202007_avg_30y.tif,prism_vpdmax_us_30s_202007_avg_30y.tif,29.058599298650567,24.058599298650567,20.530645197088067,2.0530645197088067,0.941364269111185,17.951181960095564,2020-07,2020,07
BK1771,prism_tmax_us_30s_202007_avg_30y.tif,prism_vpdmax_us_30s_202007_avg_30y.tif,29.01192283630371,24.01192283630371,20.35027503967285,2.035027503967285,0.9510260321283495,17.928513478810643,2020-07,2020,07
BK1801,prism_tmax_us_30s_202007_avg_30y.tif,prism_vpdmax_us_30s_202007_avg_30y.tif,28.808645809397976,23.808645809397976,19.672194536994486,1.9672194536994485,0.9825975254606834,17.825663001434698,2020-07,2020,07
BK1802,prism_tmax_us_30s_202007_avg_30y.tif,prism_vpdmax_us_30s_202007_avg_30y.tif,28.633466932508682,23.633466932508682,19.329098171657986,1.9329098171657986,0.9859878546549408,17.727668977611813,2020-07,2020,07
BK1803,prism_tmax_us_30s_202007_avg_30y.tif,prism_vpdmax_us_30s_202007_avg_30y.tif,28.76555754009046,23.76555754009046,19.69276829769737,1.969276829769737,0.9729086306622168,17.79742421708154,2020-07,2020,07
BK1891,prism_tmax_us_30s_202007_avg_30y.tif,prism_vpdmax_us_30s_202007_avg_30y.tif,28.43321838378906,23.43321838378906,18.809085083007812,1.8809085083007813,1.0029917868529141,17.620810595841593,2020-07,2020,07
BK1892,prism_tmax_us_30s_202007_avg_30y.tif,prism_vpdmax_us_30s_202007_avg_30y.tif,28.541732788085938,23.541732788085938,19.132649739583332,1.9132649739583332,0.9895546158679311,17.677057454880824,2020-07,2020,07
BK1893,prism_tmax_us_30s_202007_avg_30y.tif,prism_vpdmax_us_30s_202007_avg_30y.tif,28.622511121961807,23.622511121961807,19.36046685112847,1.936046685112847,0.9809267037582425,17.719468000729336,2020-07,2020,07
BK5591,prism_tmax_us_30s_202007_avg_30y.tif,prism_vpdmax_us_30s_202007_avg_30y.tif,29.377222696940105,24.377222696940105,21.392374674479168,2.139237467447917,0.9129120116451332,18.120659689741576,2020-07,2020,07
BK5691,prism_tmax_us_30s_202007_avg_30y.tif,prism_vpdmax_us_30s_202007_avg_30y.tif,28.32725765830592,23.32725765830592,18.617552104749176,1.8617552104749175,1.003774957992722,17.561038650750596,2020-07,2020,07
BK5692,prism_tmax_us_30s_202007_avg_30y.tif,prism_vpdmax_us_30s_202007_avg_30y.tif,28.290523753446692,23.290523753446692,18.644931568818933,1.8644931568818932,0.9946924374788426,17.536641096133458,2020-07,2020,07
BK5693,prism_tmax_us_30s_202007_avg_30y.tif,prism_vpdmax_us_30s_202007_avg_30y.tif,28.583397759331596,23.583397759331596,19.37459988064236,1.937459988064236,0.9726525422822931,17.694038978657957,2020-07,2020,07
BX0101,prism_tmax_us_30s_202007_avg_30y.tif,prism_vpdmax_us_30s_202007_avg_30y.tif,29.606668325570915,24.606668325570915,22.55445274939904,2.255445274939904,0.8388685992632765,18.221656300109174,2020-07,2020,07
BX0102,prism_tmax_us_30s_202007_avg_30y.tif,prism_vpdmax_us_30s_202007_avg_30y.tif,29.536441379123264,24.536441379123264,22.327589246961807,2.2327589246961805,0.8485959767424891,18.185660480822687,2020-07,2020,07
BX0201,prism_tmax_us_30s_202007_avg_30y.tif,prism_vpdmax_us_30s_202007_avg_30y.tif,29.437249319893972,24.437249319893972,22.199933733258927,2.2199933733258925,0.843138284211538,18.127273710075016,2020-07,2020,07
BX0202,prism_tmax_us_30s_202007_avg_30y.tif,prism_vpdmax_us_30s_202007_avg_30y.tif,29.482973098754883,24.482973098754883,22.20967674255371,2.220967674255371,0.8505524949841106,18.156112877522773,2020-07,2020,07
BX0291,prism_tmax_us_30s_202007_avg_30y.tif,prism_vpdmax_us_30s_202007_avg_30y.tif,29.569625854492188,24.569625854492188,22.62339973449707,2.262339973449707,0.8251325451684131,18.195254949748257,2020-07,2020,07
BX0301,prism_tmax_us_30s_202007_avg_30y.tif,prism_vpdmax_us_30s_202007_avg_30y.tif,29.482184273856028,24.482184273856028,22.142183576311385,2.2142183576311387,0.8571569236370418,18.158261154265727,2020-07,2020,07
BX0302,prism_tmax_us_30s_202007_avg_30y.tif,prism_vpdmax_us_30s_202007_avg_30y.tif,29.476882934570312,24.476882934570312,22.003067016601562,2.200306701660156,0.870095007013505,18.160339961657673,2020-07,2020,07
BX0303,prism_tmax_us_30s_202007_avg_30y.tif,prism_vpdmax_us_30s_202007_avg_30y.tif,29.44698715209961,24.44698715209961,21.92618751525879,2.192618751525879,0.8722977378240815,18.144254726205343,2020-07,2020,07
BX0391,prism_tmax_us_30s_202007_avg_30y.tif,prism_vpdmax_us_30s_202007_avg_30y.tif,29.456478881835938,24.456478881835938,21.892739868164064,2.1892739868164064,0.8773830995903236,18.151635084139972,2020-07,2020,07
BX0401,prism_tmax_us_30s_202007_avg_30y.tif,prism_vpdmax_us_30s_202007_avg_30y.tif,29.569149780273438,24.569149780273438,22.315518188476563,2.2315518188476564,0.8558328597969931,18.207050239315258,2020-07,2020,07
BX0402,prism_tmax_us_30s_202007_avg_30y.tif,prism_vpdmax_us_30s_202007_avg_30y.tif,29.557749430338543,24.557749430338543,22.216598510742188,2.221659851074219,0.8636220114744848,18.203647377511427,2020-07,2020,07
BX0403,prism_tmax_us_30s_202007_avg_30y.tif,prism_vpdmax_us_30s_202007_avg_30y.tif,29.49401601155599,24.49401601155599,22.073582967122395,2.2073582967122394,0.8661908133461877,18.168520068197296,2020-07,2020,07
BX0491,prism_tmax_us_30s_202007_avg_30y.tif,prism_vpdmax_us_30s_202007_avg_30y.tif,29.610733032226562,24.610733032226562,22.380767822265625,2.2380767822265626,0.8569886050325888,18.23108215105027,2020-07,2020,07
BX0492,prism_tmax_us_30s_202007_avg_30y.tif,prism_vpdmax_us_30s_202007_avg_30y.tif,29.485599517822266,24.485599517822266,22.046600341796875,2.2046600341796876,0.8673425874106804,18.164200563457623,2020-07,2020,07
BX0501,prism_tmax_us_30s_202007_avg_30y.tif,prism_vpdmax_us_30s_202007_avg_30y.tif,29.50836181640625,24.50836181640625,21.981962203979492,2.198196220397949,0.8779904244622068,18.18129138671599,2020-07,2020,07
BX0502,prism_tmax_us_30s_202007_avg_30y.tif,prism_vpdmax_us_30s_202007_avg_30y.tif,29.464131673177082,24.464131673177082,21.837810940212673,2.1837810940212674,0.8842799919850233,18.158684695541517,2020-07,2020,07
BX0503,prism_tmax_us_30s_202007_avg_30y.tif,prism_vpdmax_us_30s_202007_avg_30y.tif,29.43897705078125,24.43897705078125,21.702000427246094,2.1702000427246095,0.8932482216911257,18.14794653891758,2020-07,2020,07
BX0601,prism_tmax_us_30s_202007_avg_30y.tif,prism_vpdmax_us_30s_202007_avg_30y.tif,29.420211791992188,24.420211791992188,21.78131103515625,2.178131103515625,0.8818799532801465,18.132838907698666,2020-07,2020,07
BX0602,prism_tmax_us_30s_202007_avg_30y.tif,prism_vpdmax_us_30s_202007_avg_30y.tif,29.454360961914062,24.454360961914062,21.80292510986328,2.180292510986328,0.885976115735724,18.153811278889414,2020-07,2020,07
BX0603,prism_tmax_us_30s_202007_avg_30y.tif,prism_vpdmax_us_30s_202007_avg_30y.tif,29.435272216796875,24.435272216796875,21.704055786132812,2.1704055786132814,0.8923638095791473,18.145498324088432,2020-07,2020,07
BX0701,prism_tmax_us_30s_202007_avg_30y.tif,prism_vpdmax_us_30s_202007_avg_30y.tif,29.522376166449654,24.522376166449654,21.878787570529514,2.1878787570529514,0.8908863893645815,18.194305637397235,2020-07,2020,07
BX0702,prism_tmax_us_30s_202007_avg_30y.tif,prism_vpdmax_us_30s_202007_avg_30y.tif,29.445109049479168,24.445109049479168,21.630700005425346,2.1630700005425347,0.9015021837686188,18.154667189275756,2020-07,2020,07
BX0703,prism_tmax_us_30s_202007_avg_30y.tif,prism_vpdmax_us_30s_202007_avg_30y.tif,29.414512634277344,24.414512634277344,21.51193618774414,2.151193618774414,0.9077741970467685,18.13978392307463,2020-07,2020,07
BX0801,prism_tmax_us_30s_202007_avg_30y.tif,prism_vpdmax_us_30s_202007_avg_30y.tif,29.518171037946427,24.518171037946427,21.795100620814733,2.1795100620814734,0.8984811844638276,18.194906084009908,2020-07,2020,07
BX0802,prism_tmax_us_30s_202007_avg_30y.tif,prism_vpdmax_us_30s_202007_avg_30y.tif,29.607582092285156,24.607582092285156,22.047383626302082,2.2047383626302084,0.8897444416584257,18.242168611897444,2020-07,2020,07
BX0803,prism_tmax_us_30s_202007_avg_30y.tif,prism_vpdmax_us_30s_202007_avg_30y.tif,29.611067030164932,24.611067030164932,22.049136691623264,2.2049136691623263,0.8902134771852852,18.24432890263733,2020-07,2020,07
BX0901,prism_tmax_us_30s_202007_avg_30y.tif,prism_vpdmax_us_30s_202007_avg_30y.tif,29.40475186434659,24.40475186434659,21.85689891468395,2.185689891468395,0.8714919186911763,18.119990631130147,2020-07,2020,07
BX0902,prism_tmax_us_30s_202007_avg_30y.tif,prism_vpdmax_us_30s_202007_avg_30y.tif,29.35391845703125,24.35391845703125,21.802069091796874,2.180206909179687,0.867688204421901,18.089673229474524,2020-07,2020,07
BX0903,prism_tmax_us_30s_202007_avg_30y.tif,prism_vpdmax_us_30s_202007_avg_30y.tif,29.365164620535715,24.365164620535715,21.69167218889509,2.169167218889509,0.8807803207646536,18.10119500590426,2020-07,2020,07
BX0904,prism_tmax_us_30s_202007_avg_30y.tif,prism_vpdmax_us_30s_202007_avg_30y.tif,29.391764322916668,24.391764322916668,21.699147542317707,2.1699147542317707,0.8848920326202854,18.117892939913524,2020-07,2020,07
BX0991,prism_tmax_us_30s_202007_avg_30y.tif,prism_vpdmax_us_30s_202007_avg_30y.tif,29.376299176897323,24.376299176897323,21.91514151436942,2.191514151436942,0.860466633558508,18.099525020289274,2020-07,2020,07
BX1001,prism_tmax_us_30s_202007_avg_30y.tif,prism_vpdmax_us_30s_202007_avg_30y.tif,29.426685333251953,24.426685333251953,21.626474380493164,2.1626474380493166,0.8985489884620255,18.14306033641943,2020-07,2020,07
BX1002,prism_tmax_us_30s_202007_avg_30y.tif,prism_vpdmax_us_30s_202007_avg_30y.tif,29.28512850674716,24.28512850674716,21.164155439897016,2.1164155439897017,0.9189515995037141,18.0708158419306,2020-07,2020,07
BX1003,prism_tmax_us_30s_202007_avg_30y.tif,prism_vpdmax_us_30s_202007_avg_30y.tif,29.214047241210938,24.214047241210938,20.677659606933595,2.0677659606933596,0.9547031335172389,18.044563117238877,2020-07,2020,07
BX1004,prism_tmax_us_30s_202007_avg_30y.tif,prism_vpdmax_us_30s_202007_avg_30y.tif,29.366871226917613,24.366871226917613,21.155163851651277,2.1155163851651277,0.9347427156699069,18.12336987292056,2020-07,2020,07
BX1071,prism_tmax_us_30s_202007_avg_30y.tif,prism_vpdmax_us_30s_202007_avg_30y.tif,28.927815755208332,23.927815755208332,19.38421630859375,1.938421630859375,1.0325919837362254,17.91288018281146,2020-07,2020,07
BX1091,prism_tmax_us_30s_202007_avg_30y.tif,prism_vpdmax_us_30s_202007_avg_30y.tif,29.31804847717285,24.31804847717285,21.423311233520508,2.142331123352051,0.8990257624372404,18.081650611194842,2020-07,2020,07
BX1101,prism_tmax_us_30s_202007_avg_30y.tif,prism_vpdmax_us_30s_202007_avg_30y.tif,29.419038772583008,24.419038772583008,21.668235778808594,2.1668235778808596,0.8929727302609369,18.136533267047113,2020-07,2020,07
BX1102,prism_tmax_us_30s_202007_avg_30y.tif,prism_vpdmax_us_30s_202007_avg_30y.tif,29.426251220703126,24.426251220703126,21.550869750976563,2.1550869750976562,0.9060299485661023,18.145754211925148,2020-07,2020,07
BX1103,prism_tmax_us_30s_202007_avg_30y.tif,prism_vpdmax_us_30s_202007_avg_30y.tif,29.408341841264203,24.408341841264203,21.37888128107244,2.137888128107244,0.9199504628862631,18.141070355911104,2020-07,2020,07
BX1104,prism_tmax_us_30s_202007_avg_30y.tif,prism_vpdmax_us_30s_202007_avg_30y.tif,29.423843383789062,24.423843383789062,21.516612461635045,2.1516612461635045,0.9090147418557728,18.145561992157717,2020-07,2020,07
BX1161,prism_tmax_us_30s_202007_avg_30y.tif,prism_vpdmax_us_30s_202007_avg_30y.tif,29.431143624441965,24.431143624441965,21.493656703404017,2.149365670340402,0.9126473464677067,18.151128842220402,2020-07,2020,07
BX1201,prism_tmax_us_30s_202007_avg_30y.tif,prism_vpdmax_us_30s_202007_avg_30y.tif,29.390655517578125,24.390655517578125,21.361857096354168,2.136185709635417,0.9184183852894097,18.130440103885533,2020-07,2020,07
BX1202,prism_tmax_us_30s_202007_avg_30y.tif,prism_vpdmax_us_30s_202007_avg_30y.tif,29.357700892857142,24.357700892857142,21.09086681547619,2.109086681547619,0.939498592496645,18.12003935310118,2020-07,2020,07
BX1203,prism_tmax_us_30s_202007_avg_30y.tif,prism_vpdmax_us_30s_202007_avg_30y.tif,29.33837672642299,24.33837672642299,21.19629124232701,2.1196291242327012,0.9254316048493592,18.103554224587633,2020-07,2020,07
BX1271,prism_tmax_us_30s_202007_avg_30y.tif,prism_vpdmax_us_30s_202007_avg_30y.tif,29.358043125697545,24.358043125697545,21.312471662248885,2.1312471662248886,0.917400559904535,18.11154887231299,2020-07,2020,07
BX2691,prism_tmax_us_30s_202007_avg_30y.tif,prism_vpdmax_us_30s_202007_avg_30y.tif,29.443592744715072,24.443592744715072,21.563909194048712,2.1563909194048714,0.9079033114361961,18.15632308764787,2020-07,2020,07
BX2791,prism_tmax_us_30s_202007_avg_30y.tif,prism_vpdmax_us_30s_202007_avg_30y.tif,29.432030310997597,24.432030310997597,21.686676025390625,2.1686676025390623,0.8935078443548448,18.14410976916709,2020-07,2020,07
BX2891,prism_tmax_us_30s_202007_avg_30y.tif,prism_vpdmax_us_30s_202007_avg_30y.tif,29.178920200892858,24.178920200892858,20.412728445870535,2.0412728445870534,0.9748399445407521,18.032559852110765,2020-07,2020,07
MN0101,prism_tmax_us_30s_202007_avg_30y.tif,prism_vpdmax_us_30s_202007_avg_30y.tif,29.782879638671876,24.782879638671876,22.7177490234375,2.2717749023437497,0.8552647161291032,18.32801178856569,2020-07,2020,07
MN0102,prism_tmax_us_30s_202007_avg_30y.tif,prism_vpdmax_us_30s_202007_avg_30y.tif,29.814300537109375,24.814300537109375,22.83641242980957,2.283641242980957,0.8492654255107479,18.343469716766737,2020-07,2020,07
MN0191,prism_tmax_us_30s_202007_avg_30y.tif,prism_vpdmax_us_30s_202007_avg_30y.tif,29.7423578898112,24.7423578898112,22.4746576944987,2.24746576944987,0.8720215962206779,18.311621410837677,2020-07,2020,07
MN0201,prism_tmax_us_30s_202007_avg_30y.tif,prism_vpdmax_us_30s_202007_avg_30y.tif,29.781016031901043,24.781016031901043,22.733617146809895,2.2733617146809895,0.8533302240562097,18.32619486814198,2020-07,2020,07
MN0202,prism_tmax_us_30s_202007_avg_30y.tif,prism_vpdmax_us_30s_202007_avg_30y.tif,29.75444984436035,24.75444984436035,22.660972595214844,2.2660972595214846,0.8556420807512457,18.312040399487557,2020-07,2020,07
MN0203,prism_tmax_us_30s_202007_avg_30y.tif,prism_vpdmax_us_30s_202007_avg_30y.tif,29.820797390407986,24.820797390407986,22.85361056857639,2.285361056857639,0.8487599299614392,18.346954772836174,2020-07,2020,07
MN0301,prism_tmax_us_30s_202007_avg_30y.tif,prism_vpdmax_us_30s_202007_avg_30y.tif,29.767349243164062,24.767349243164062,22.659464518229168,2.265946451822917,0.8581968022481208,18.320358364157535,2020-07,2020,07
MN0302,prism_tmax_us_30s_202007_avg_30y.tif,prism_vpdmax_us_30s_202007_avg_30y.tif,29.746170043945312,24.746170043945312,22.568557739257812,2.256855773925781,0.8633414045808157,18.310371586917253,2020-07,2020,07
MN0303,prism_tmax_us_30s_202007_avg_30y.tif,prism_vpdmax_us_30s_202007_avg_30y.tif,29.764077758789064,24.764077758789064,22.61101837158203,2.2611018371582032,0.8624315949440429,18.32016770604641,2020-07,2020,07
MN0401,prism_tmax_us_30s_202007_avg_30y.tif,prism_vpdmax_us_30s_202007_avg_30y.tif,29.786699930826824,24.786699930826824,22.78777313232422,2.278777313232422,0.8489751351224979,18.32770608888195,2020-07,2020,07
MN0402,prism_tmax_us_30s_202007_avg_30y.tif,prism_vpdmax_us_30s_202007_avg_30y.tif,29.743087768554688,24.743087768554688,22.68379783630371,2.268379783630371,0.8512434725959355,18.30386944950071,2020-07,2020,07
MN0501,prism_tmax_us_30s_202007_avg_30y.tif,prism_vpdmax_us_30s_202007_avg_30y.tif,29.728487014770508,24.728487014770508,22.623624801635742,2.262362480163574,0.8545433542005147,18.29688767557568,2020-07,2020,07
MN0502,prism_tmax_us_30s_202007_avg_30y.tif,prism_vpdmax_us_30s_202007_avg_30y.tif,29.62720947265625,24.62720947265625,22.379859924316406,2.2379859924316405,0.8601273118279757,18.241657804544488,2020-07,2020,07
MN0601,prism_tmax_us_30s_202007_avg_30y.tif,prism_vpdmax_us_30s_202007_avg_30y.tif,29.771299362182617,24.771299362182617,22.6104736328125,2.26104736328125,0.8638323522123912,18.324812852777015,2020-07,2020,07
MN0602,prism_tmax_us_30s_202007_avg_30y.tif,prism_vpdmax_us_30s_202007_avg_30y.tif,29.747533162434895,24.747533162434895,22.63756815592448,2.263756815592448,0.8566942060927318,18.308532126095027,2020-07,2020,07
MN0603,prism_tmax_us_30s_202007_avg_30y.tif,prism_vpdmax_us_30s_202007_avg_30y.tif,29.72337951660156,24.72337951660156,22.60083923339844,2.260083923339844,0.8558718156030682,18.29451380944509,2020-07,2020,07
MN0604,prism_tmax_us_30s_202007_avg_30y.tif,prism_vpdmax_us_30s_202007_avg_30y.tif,29.6149164835612,24.6149164835612,22.379231770833332,2.237923177083333,0.8579158438558343,18.233818572814542,2020-07,2020,07
MN0661,prism_tmax_us_30s_202007_avg_30y.tif,prism_vpdmax_us_30s_202007_avg_30y.tif,29.67889976501465,24.67889976501465,22.595199584960938,2.2595199584960937,0.8481723410820683,18.266267896808557,2020-07,2020,07
MN0701,prism_tmax_us_30s_202007_avg_30y.tif,prism_vpdmax_us_30s_202007_avg_30y.tif,29.67996554904514,24.67996554904514,22.501610649956596,2.25016106499566,0.8577290120085821,18.270627968027966,2020-07,2020,07
MN0702,prism_tmax_us_30s_202007_avg_30y.tif,prism_vpdmax_us_30s_202007_avg_30y.tif,29.611260986328126,24.611260986328126,22.2831298828125,2.22831298828125,0.8668500227206821,18.235257038177274,2020-07,2020,07
MN0703,prism_tmax_us_30s_202007_avg_30y.tif,prism_vpdmax_us_30s_202007_avg_30y.tif,29.623070853097097,24.623070853097097,22.345101492745535,2.2345101492745534,0.862837320663933,18.24037624072698,2020-07,2020,07
MN0801,prism_tmax_us_30s_202007_avg_30y.tif,prism_vpdmax_us_30s_202007_avg_30y.tif,29.625010172526043,24.625010172526043,22.407000223795574,2.2407000223795572,0.8570062899863107,18.239184239786887,2020-07,2020,07
MN0802,prism_tmax_us_30s_202007_avg_30y.tif,prism_vpdmax_us_30s_202007_avg_30y.tif,29.538241577148437,24.538241577148437,22.131939697265626,2.2131939697265626,0.8684925300005513,18.19450053853338,2020-07,2020,07
MN0803,prism_tmax_us_30s_202007_avg_30y.tif,prism_vpdmax_us_30s_202007_avg_30y.tif,29.63268280029297,24.63268280029297,22.46844991048177,2.246844991048177,0.8522813833353768,18.241677731416914,2020-07,2020,07
MN0901,prism_tmax_us_30s_202007_avg_30y.tif,prism_vpdmax_us_30s_202007_avg_30y.tif,29.67282485961914,24.67282485961914,22.50708770751953,2.2507087707519533,0.8558564188812219,18.265843268024373,2020-07,2020,07
MN0902,prism_tmax_us_30s_202007_avg_30y.tif,prism_vpdmax_us_30s_202007_avg_30y.tif,29.63458251953125,24.63458251953125,22.42235056559245,2.242235056559245,0.857243008530157,18.24470479092657,2020-07,2020,07
MN0903,prism_tmax_us_30s_202007_avg_30y.tif,prism_vpdmax_us_30s_202007_avg_30y.tif,29.5869140625,24.5869140625,22.326100667317707,2.2326100667317705,0.8580537588749464,18.217995400675353,2020-07,2020,07
MN1001,prism_tmax_us_30s_202007_avg_30y.tif,prism_vpdmax_us_30s_202007_avg_30y.tif,29.647051493326824,24.647051493326824,22.482149759928387,2.2482149759928385,0.8535723060211802,18.250332112982633,2020-07,2020,07
MN1002,prism_tmax_us_30s_202007_avg_30y.tif,prism_vpdmax_us_30s_202007_avg_30y.tif,29.615219116210938,24.615219116210938,22.393099975585937,2.2393099975585935,0.85658499491131,18.233467141891747,2020-07,2020,07
MN1101,prism_tmax_us_30s_202007_avg_30y.tif,prism_vpdmax_us_30s_202007_avg_30y.tif,29.63903130425347,24.63903130425347,22.461366441514755,2.2461366441514756,0.854165150550966,18.246017653678248,2020-07,2020,07
MN1102,prism_tmax_us_30s_202007_avg_30y.tif,prism_vpdmax_us_30s_202007_avg_30y.tif,29.692671342329547,24.692671342329547,22.637054443359375,2.2637054443359377,0.8465432909943389,18.27343616446163,2020-07,2020,07
MN1191,prism_tmax_us_30s_202007_avg_30y.tif,prism_vpdmax_us_30s_202007_avg_30y.tif,29.66507339477539,24.66507339477539,22.732837677001953,2.273283767700195,0.8318437685768023,18.25201121588833,2020-07,2020,07
MN1201,prism_tmax_us_30s_202007_avg_30y.tif,prism_vpdmax_us_30s_202007_avg_30y.tif,29.539276123046875,24.539276123046875,22.143934461805557,2.214393446180556,0.8674836320253165,18.194690629153527,2020-07,2020,07
MN1202,prism_tmax_us_30s_202007_avg_30y.tif,prism_vpdmax_us_30s_202007_avg_30y.tif,29.598832872178818,24.598832872178818,22.22198994954427,2.222198994954427,0.8706666517084098,18.22971023264679,2020-07,2020,07
MN1203,prism_tmax_us_30s_202007_avg_30y.tif,prism_vpdmax_us_30s_202007_avg_30y.tif,29.654985700334823,24.654985700334823,22.238128662109375,2.2238128662109373,0.8794445884330417,18.26499861534403,2020-07,2020,07
MN1291,prism_tmax_us_30s_202007_avg_30y.tif,prism_vpdmax_us_30s_202007_avg_30y.tif,29.484766642252605,24.484766642252605,22.011515299479168,2.201151529947917,0.8706980918499423,18.165047036254254,2020-07,2020,07
MN1292,prism_tmax_us_30s_202007_avg_30y.tif,prism_vpdmax_us_30s_202007_avg_30y.tif,29.722385951450892,24.722385951450892,22.396028791155135,2.2396028791155134,0.8761680664568181,18.301926884590184,2020-07,2020,07
MN6491,prism_tmax_us_30s_202007_avg_30y.tif,prism_vpdmax_us_30s_202007_avg_30y.tif,29.54983927408854,24.54983927408854,22.15072021484375,2.2150720214843753,0.8687515319736736,18.201178220473857,2020-07,2020,07
QN0101,prism_tmax_us_30s_202007_avg_30y.tif,prism_vpdmax_us_30s_202007_avg_30y.tif,29.542030334472656,24.542030334472656,22.6785888671875,2.26785888671875,0.8145256076098071,18.17543976343665,2020-07,2020,07
QN0102,prism_tmax_us_30s_202007_avg_30y.tif,prism_vpdmax_us_30s_202007_avg_30y.tif,29.65216064453125,24.65216064453125,22.63243713378906,2.2632437133789063,0.8394902015604035,18.247694734662456,2020-07,2020,07
QN0103,prism_tmax_us_30s_202007_avg_30y.tif,prism_vpdmax_us_30s_202007_avg_30y.tif,29.56773986816406,24.56773986816406,22.553419494628905,2.2553419494628906,0.8317826005081779,18.196799067248733,2020-07,2020,07
QN0104,prism_tmax_us_30s_202007_avg_30y.tif,prism_vpdmax_us_30s_202007_avg_30y.tif,29.50302401455966,24.50302401455966,22.52584422718395,2.252584422718395,0.8226206149463478,18.156504517929243,2020-07,2020,07
QN0105,prism_tmax_us_30s_202007_avg_30y.tif,prism_vpdmax_us_30s_202007_avg_30y.tif,29.63967340642756,24.63967340642756,22.50916220925071,2.2509162209250713,0.8495044801189451,18.24455008213117,2020-07,2020,07
QN0151,prism_tmax_us_30s_202007_avg_30y.tif,prism_vpdmax_us_30s_202007_avg_30y.tif,29.467909071180557,24.467909071180557,22.50833299424913,2.250833299424913,0.8179210038017843,18.134747397853477,2020-07,2020,07
QN0161,prism_tmax_us_30s_202007_avg_30y.tif,prism_vpdmax_us_30s_202007_avg_30y.tif,29.5406494140625,24.5406494140625,22.423648834228516,2.2423648834228516,0.839765190944262,18.184575937814532,2020-07,2020,07
QN0171,prism_tmax_us_30s_202007_avg_30y.tif,prism_vpdmax_us_30s_202007_avg_30y.tif,29.48163350423177,24.48163350423177,22.605967203776043,2.2605967203776043,0.8106774014245541,18.139682415659262,2020-07,2020,07
QN0191,prism_tmax_us_30s_202007_avg_30y.tif,prism_vpdmax_us_30s_202007_avg_30y.tif,29.619773864746094,24.619773864746094,22.69369888305664,2.269369888305664,0.8273676058280448,18.224567250401456,2020-07,2020,07
QN0201,prism_tmax_us_30s_202007_avg_30y.tif,prism_vpdmax_us_30s_202007_avg_30y.tif,29.67261962890625,24.67261962890625,22.490580749511718,2.2490580749511717,0.8574690433480696,18.266360663625633,2020-07,2020,07
QN0202,prism_tmax_us_30s_202007_avg_30y.tif,prism_vpdmax_us_30s_202007_avg_30y.tif,29.528513590494793,24.528513590494793,22.230638292100693,2.2230638292100693,0.8568311358645366,18.184401842205308,2020-07,2020,07
QN0203,prism_tmax_us_30s_202007_avg_30y.tif,prism_vpdmax_us_30s_202007_avg_30y.tif,29.40997314453125,24.40997314453125,22.150847001509234,2.2150847001509235,0.8430523759696182,18.111774356705276,2020-07,2020,07
QN0261,prism_tmax_us_30s_202007_avg_30y.tif,prism_vpdmax_us_30s_202007_avg_30y.tif,29.57942853655134,24.57942853655134,22.416368756975448,2.241636875697545,0.8476448104808196,18.209660390743572,2020-07,2020,07
QN0271,prism_tmax_us_30s_202007_avg_30y.tif,prism_vpdmax_us_30s_202007_avg_30y.tif,29.407841273716517,24.407841273716517,21.948856898716517,2.1948856898716516,0.8628613156644618,18.1183504992534,2020-07,2020,07
QN0301,prism_tmax_us_30s_202007_avg_30y.tif,prism_vpdmax_us_30s_202007_avg_30y.tif,29.42442576090495,24.42442576090495,22.433573404947918,2.243357340494792,0.817425290377336,18.109897545551398,2020-07,2020,07
QN0302,prism_tmax_us_30s_202007_avg_30y.tif,prism_vpdmax_us_30s_202007_avg_30y.tif,29.38277088512074,24.38277088512074,22.406843705610797,2.2406843705610795,0.8124787353950174,18.084335234873702,2020-07,2020,07
QN0303,prism_tmax_us_30s_202007_avg_30y.tif,prism_vpdmax_us_30s_202007_avg_30y.tif,29.32581329345703,24.32581329345703,22.133987426757812,2.213398742675781,0.8293724423642148,18.058679507239273,2020-07,2020,07
QN0401,prism_tmax_us_30s_202007_avg_30y.tif,prism_vpdmax_us_30s_202007_avg_30y.tif,29.376300518329327,24.376300518329327,22.117384690504807,2.2117384690504807,0.8402425609707436,18.09157772035423,2020-07,2020,07
QN0402,prism_tmax_us_30s_202007_avg_30y.tif,prism_vpdmax_us_30s_202007_avg_30y.tif,29.349978976779514,24.349978976779514,22.01968722873264,2.201968722873264,0.8452077201472208,18.078604713851842,2020-07,2020,07
QN0501,prism_tmax_us_30s_202007_avg_30y.tif,prism_vpdmax_us_30s_202007_avg_30y.tif,29.383699417114258,24.383699417114258,21.826892852783203,2.1826892852783204,0.8706434876150193,18.107720460136484,2020-07,2020,07
QN0502,prism_tmax_us_30s_202007_avg_30y.tif,prism_vpdmax_us_30s_202007_avg_30y.tif,29.364923813763788,24.364923813763788,21.626752068014707,2.1626752068014707,0.8872283729631176,18.103592552978572,2020-07,2020,07
QN0503,prism_tmax_us_30s_202007_avg_30y.tif,prism_vpdmax_us_30s_202007_avg_30y.tif,29.322673797607422,24.322673797607422,21.526718139648438,2.1526718139648438,0.8895274679159724,18.080540338134384,2020-07,2020,07
QN0504,prism_tmax_us_30s_202007_avg_30y.tif,prism_vpdmax_us_30s_202007_avg_30y.tif,29.311016376201923,24.311016376201923,21.70214374248798,2.170214374248798,0.8698621653941587,18.066202116306393,2020-07,2020,07
QN0571,prism_tmax_us_30s_202007_avg_30y.tif,prism_vpdmax_us_30s_202007_avg_30y.tif,29.296643938337052,24.296643938337052,21.586757114955358,2.158675711495536,0.8787854772812724,18.061559805608645,2020-07,2020,07
QN0572,prism_tmax_us_30s_202007_avg_30y.tif,prism_vpdmax_us_30s_202007_avg_30y.tif,29.2893009185791,24.2893009185791,21.508098602294922,2.1508098602294923,0.885315877797733,18.059962760808858,2020-07,2020,07
QN0573,prism_tmax_us_30s_202007_avg_30y.tif,prism_vpdmax_us_30s_202007_avg_30y.tif,29.32770029703776,24.32770029703776,21.65399932861328,2.165399932861328,0.8777150414449157,18.078748079708262,2020-07,2020,07
QN0574,prism_tmax_us_30s_202007_avg_30y.tif,prism_vpdmax_us_30s_202007_avg_30y.tif,29.287267049153645,24.287267049153645,21.37195078531901,2.137195078531901,0.8985608569729191,18.064014833660472,2020-07,2020,07
QN0601,prism_tmax_us_30s_202007_avg_30y.tif,prism_vpdmax_us_30s_202007_avg_30y.tif,29.359446207682293,24.359446207682293,21.88777838812934,2.188777838812934,0.8601259392730034,18.08983549389015,2020-07,2020,07
QN0602,prism_tmax_us_30s_202007_avg_30y.tif,prism_vpdmax_us_30s_202007_avg_30y.tif,29.33744239807129,24.33744239807129,21.627574920654297,2.1627574920654298,0.8821329144965082,18.08600807510355,2020-07,2020,07
QN0701,prism_tmax_us_30s_202007_avg_30y.tif,prism_vpdmax_us_30s_202007_avg_30y.tif,29.28781682794744,24.28781682794744,21.836850253018465,2.1836850253018465,0.852170868292903,18.046095292685308,2020-07,2020,07
QN0702,prism_tmax_us_30s_202007_avg_30y.tif,prism_vpdmax_us_30s_202007_avg_30y.tif,29.250251321231616,24.250251321231616,21.291706758386947,2.1291706758386946,0.8998618416891575,18.043538202922164,2020-07,2020,07
QN0703,prism_tmax_us_30s_202007_avg_30y.tif,prism_vpdmax_us_30s_202007_avg_30y.tif,29.24137761042668,24.24137761042668,21.05853036733774,2.105853036733774,0.9215696200907053,18.047037965807576,2020-07,2020,07
QN0704,prism_tmax_us_30s_202007_avg_30y.tif,prism_vpdmax_us_30s_202007_avg_30y.tif,29.284590871710527,24.284590871710527,21.519900673314144,2.1519900673314143,0.8832793396877947,18.056491804757172,2020-07,2020,07
QN0705,prism_tmax_us_30s_202007_avg_30y.tif,prism_vpdmax_us_30s_202007_avg_30y.tif,29.278608534071182,24.278608534071182,21.428788926866318,2.142878892686632,0.8913031725996352,18.056253185650014,2020-07,2020,07
QN0706,prism_tmax_us_30s_202007_avg_30y.tif,prism_vpdmax_us_30s_202007_avg_30y.tif,29.301751708984376,24.301751708984376,21.52069854736328,2.152069854736328,0.8863205695721161,18.067417202835983,2020-07,2020,07
QN0707,prism_tmax_us_30s_202007_avg_30y.tif,prism_vpdmax_us_30s_202007_avg_30y.tif,29.320838341346153,24.320838341346153,21.816786545973557,2.1816786545973557,0.8601863166437833,18.067968561984273,2020-07,2020,07
QN0761,prism_tmax_us_30s_202007_avg_30y.tif,prism_vpdmax_us_30s_202007_avg_30y.tif,29.13433329264323,24.13433329264323,20.594916025797527,2.0594916025797527,0.9485698977678583,17.99695494675148,2020-07,2020,07
QN0791,prism_tmax_us_30s_202007_avg_30y.tif,prism_vpdmax_us_30s_202007_avg_30y.tif,29.25423812866211,24.25423812866211,21.312274932861328,2.131227493286133,0.898528550389118,18.04527473925434,2020-07,2020,07
QN0801,prism_tmax_us_30s_202007_avg_30y.tif,prism_vpdmax_us_30s_202007_avg_30y.tif,29.286488850911457,24.286488850911457,21.39428202311198,2.139428202311198,0.8961862499054876,18.062640374679653,2020-07,2020,07
QN0802,prism_tmax_us_30s_202007_avg_30y.tif,prism_vpdmax_us_30s_202007_avg_30y.tif,29.263719831194198,24.263719831194198,21.269786289760045,2.1269786289760044,0.9044987605541088,18.052997157184873,2020-07,2020,07
QN0803,prism_tmax_us_30s_202007_avg_30y.tif,prism_vpdmax_us_30s_202007_avg_30y.tif,29.2298583984375,24.2298583984375,21.139442443847656,2.113944244384766,0.9113897206505528,18.036505872129727,2020-07,2020,07
QN0804,prism_tmax_us_30s_202007_avg_30y.tif,prism_vpdmax_us_30s_202007_avg_30y.tif,29.206028529575892,24.206028529575892,21.050255911690847,2.1050255911690847,0.9159914734327201,18.02480282532859,2020-07,2020,07
QN0805,prism_tmax_us_30s_202007_avg_30y.tif,prism_vpdmax_us_30s_202007_avg_30y.tif,29.204549153645832,24.204549153645832,21.108558654785156,2.1108558654785154,0.9098933799914852,18.02156746845384,2020-07,2020,07
QN0871,prism_tmax_us_30s_202007_avg_30y.tif,prism_vpdmax_us_30s_202007_avg_30y.tif,29.30685043334961,24.30685043334961,21.523849487304688,2.152384948730469,0.8869333126724888,18.070548987589518,2020-07,2020,07
QN0891,prism_tmax_us_30s_202007_avg_30y.tif,prism_vpdmax_us_30s_202007_avg_30y.tif,29.245198567708332,24.245198567708332,21.115210639105904,2.1115210639105904,0.9165946960526083,18.047249303439298,2020-07,2020,07
QN0901,prism_tmax_us_30s_202007_avg_30y.tif,prism_vpdmax_us_30s_202007_avg_30y.tif,29.203223334418404,24.203223334418404,21.113767835828995,2.1113767835828994,0.9091324595247285,18.020516687208453,2020-07,2020,07
QN0902,prism_tmax_us_30s_202007_avg_30y.tif,prism_vpdmax_us_30s_202007_avg_30y.tif,29.06446144797585,24.06446144797585,20.769072099165484,2.0769072099165484,0.9185748835129717,17.945549570222905,2020-07,2020,07
QN0903,prism_tmax_us_30s_202007_avg_30y.tif,prism_vpdmax_us_30s_202007_avg_30y.tif,28.932220458984375,23.932220458984375,20.398122151692707,2.039812215169271,0.9319873997135231,17.875840048331554,2020-07,2020,07
QN0904,prism_tmax_us_30s_202007_avg_30y.tif,prism_vpdmax_us_30s_202007_avg_30y.tif,28.94029998779297,23.94029998779297,20.471923828125,2.0471923828125,0.9260494605829908,17.87808753108773,2020-07,2020,07
QN0905,prism_tmax_us_30s_202007_avg_30y.tif,prism_vpdmax_us_30s_202007_avg_30y.tif,29.079150390625,24.079150390625,20.87595977783203,2.087595977783203,0.9105268287538588,17.95071531518464,2020-07,2020,07
QN1001,prism_tmax_us_30s_202007_avg_30y.tif,prism_vpdmax_us_30s_202007_avg_30y.tif,28.7805908203125,23.7805908203125,19.987590026855468,1.9987590026855468,0.9460870970458768,17.795407224256216,2020-07,2020,07
QN1002,prism_tmax_us_30s_202007_avg_30y.tif,prism_vpdmax_us_30s_202007_avg_30y.tif,28.822799682617188,23.822799682617188,20.09802500406901,2.0098025004069013,0.9425250881627285,17.817939779691898,2020-07,2020,07
QN1003,prism_tmax_us_30s_202007_avg_30y.tif,prism_vpdmax_us_30s_202007_avg_30y.tif,28.654300689697266,23.654300689697266,19.613357543945312,1.9613357543945313,0.961224223275261,17.729749610805527,2020-07,2020,07
QN1091,prism_tmax_us_30s_202007_avg_30y.tif,prism_vpdmax_us_30s_202007_avg_30y.tif,28.547532823350693,23.547532823350693,19.338275485568577,1.9338275485568577,0.9700063094640781,17.672663590459223,2020-07,2020,07
QN1101,prism_tmax_us_30s_202007_avg_30y.tif,prism_vpdmax_us_30s_202007_avg_30y.tif,29.25461196899414,24.25461196899414,21.220319747924805,2.1220319747924803,0.9077919211883252,18.049127211446688,2020-07,2020,07
QN1102,prism_tmax_us_30s_202007_avg_30y.tif,prism_vpdmax_us_30s_202007_avg_30y.tif,29.24366519325658,24.24366519325658,21.0739456979852,2.1073945697985197,0.9204430268408625,18.047892274124937,2020-07,2020,07
QN1103,prism_tmax_us_30s_202007_avg_30y.tif,prism_vpdmax_us_30s_202007_avg_30y.tif,29.191073608398437,24.191073608398437,20.87543487548828,2.087543487548828,0.9307671632315864,18.022130231111927,2020-07,2020,07
QN1104,prism_tmax_us_30s_202007_avg_30y.tif,prism_vpdmax_us_30s_202007_avg_30y.tif,29.234285627092635,24.234285627092635,21.053379603794642,2.1053379603794644,0.9207986118430522,18.042713805015843,2020-07,2020,07
QN1191,prism_tmax_us_30s_202007_avg_30y.tif,prism_vpdmax_us_30s_202007_avg_30y.tif,29.226842244466145,24.226842244466145,21.00127410888672,2.100127410888672,0.9246598654228744,18.040010879723493,2020-07,2020,07
QN1201,prism_tmax_us_30s_202007_avg_30y.tif,prism_vpdmax_us_30s_202007_avg_30y.tif,29.023661893956803,24.023661893956803,20.590240478515625,2.0590240478515627,0.9291339252538768,17.92656592649828,2020-07,2020,07
QN1202,prism_tmax_us_30s_202007_avg_30y.tif,prism_vpdmax_us_30s_202007_avg_30y.tif,28.887967790876115,23.887967790876115,20.218091692243302,2.0218091692243303,0.9421019878365042,17.8547238186465,2020-07,2020,07
QN1203,prism_tmax_us_30s_202007_avg_30y.tif,prism_vpdmax_us_30s_202007_avg_30y.tif,28.747060775756836,23.747060775756836,19.912893295288086,1.9912893295288085,0.9476253911509691,17.777000238576456,2020-07,2020,07
QN1204,prism_tmax_us_30s_202007_avg_30y.tif,prism_vpdmax_us_30s_202007_avg_30y.tif,28.664816049429085,23.664816049429085,19.796654334435097,1.9796654334435098,0.9447445310880584,17.7292353007439,2020-07,2020,07
QN1205,prism_tmax_us_30s_202007_avg_30y.tif,prism_vpdmax_us_30s_202007_avg_30y.tif,28.876539147418477,23.876539147418477,20.19449515964674,2.019449515964674,0.9424273479783234,17.848371644341757,2020-07,2020,07
QN1206,prism_tmax_us_30s_202007_avg_30y.tif,prism_vpdmax_us_30s_202007_avg_30y.tif,29.101068115234376,24.101068115234376,20.729010009765624,2.0729010009765623,0.9291658532891467,17.970467801680524,2020-07,2020,07
QN1301,prism_tmax_us_30s_202007_avg_30y.tif,prism_vpdmax_us_30s_202007_avg_30y.tif,29.141727992466517,24.141727992466517,20.776199340820312,2.077619934082031,0.931775567068791,17.99454756958655,2020-07,2020,07
QN1302,prism_tmax_us_30s_202007_avg_30y.tif,prism_vpdmax_us_30s_202007_avg_30y.tif,29.195960150824654,24.195960150824654,20.957427978515625,2.0957427978515626,0.9234519448673582,18.02202601985045,2020-07,2020,07
QN1303,prism_tmax_us_30s_202007_avg_30y.tif,prism_vpdmax_us_30s_202007_avg_30y.tif,29.111224365234374,24.111224365234374,20.73694763183594,2.073694763183594,0.9302012207798938,17.976633294854388,2020-07,2020,07
QN1304,prism_tmax_us_30s_202007_avg_30y.tif,prism_vpdmax_us_30s_202007_avg_30y.tif,28.882179953835227,23.882179953835227,20.192797574129973,2.0192797574129973,0.9436010150867715,17.852031232753674,2020-07,2020,07
QN1305,prism_tmax_us_30s_202007_avg_30y.tif,prism_vpdmax_us_30s_202007_avg_30y.tif,28.70421854654948,23.70421854654948,19.894859313964844,1.9894859313964843,0.9418652800468357,17.75044497095196,2020-07,2020,07
QN1306,prism_tmax_us_30s_202007_avg_30y.tif,prism_vpdmax_us_30s_202007_avg_30y.tif,28.543106882195723,23.543106882195723,19.57772505910773,1.9577725059107731,0.9452873475987076,17.660439529811267,2020-07,2020,07
QN1307,prism_tmax_us_30s_202007_avg_30y.tif,prism_vpdmax_us_30s_202007_avg_30y.tif,28.52568901909722,23.52568901909722,19.541239420572918,1.9541239420572918,0.9458916398156854,17.65080108827569,2020-07,2020,07
QN1371,prism_tmax_us_30s_202007_avg_30y.tif,prism_vpdmax_us_30s_202007_avg_30y.tif,28.83966064453125,23.83966064453125,20.122598266601564,2.0122598266601566,0.9430609871691744,17.827710553406703,2020-07,2020,07
QN1401,prism_tmax_us_30s_202007_avg_30y.tif,prism_vpdmax_us_30s_202007_avg_30y.tif,28.0268159754136,23.0268159754136,18.408050537109375,1.8408050537109375,0.9731925409949271,17.37866932667052,2020-07,2020,07
QN1402,prism_tmax_us_30s_202007_avg_30y.tif,prism_vpdmax_us_30s_202007_avg_30y.tif,27.998521592881943,22.998521592881943,18.038633558485245,1.8038633558485244,1.0053230557941581,17.375253704091165,2020-07,2020,07
QN1403,prism_tmax_us_30s_202007_avg_30y.tif,prism_vpdmax_us_30s_202007_avg_30y.tif,28.080152723524307,23.080152723524307,17.889889187282986,1.7889889187282986,1.0340976313502308,17.432846963358923,2020-07,2020,07
QN1491,prism_tmax_us_30s_202007_avg_30y.tif,prism_vpdmax_us_30s_202007_avg_30y.tif,28.062680053710938,23.062680053710938,18.433319091796875,1.8433319091796876,0.976774357329329,17.400411912884525,2020-07,2020,07
QN8081,prism_tmax_us_30s_202007_avg_30y.tif,prism_vpdmax_us_30s_202007_avg_30y.tif,29.41175020658053,24.41175020658053,22.50214562049279,2.250214562049279,0.8082476981024178,18.09910371248541,2020-07,2020,07
QN8191,prism_tmax_us_30s_202007_avg_30y.tif,prism_vpdmax_us_30s_202007_avg_30y.tif,29.323654174804688,24.323654174804688,21.774024963378906,2.1774024963378906,0.8649753649167851,18.071447235526552,2020-07,2020,07
QN8291,prism_tmax_us_30s_202007_avg_30y.tif,prism_vpdmax_us_30s_202007_avg_30y.tif,29.265658569335937,24.265658569335937,21.342239379882812,2.1342239379882812,0.8976055227839042,18.05138737926755,2020-07,2020,07
QN8381,prism_tmax_us_30s_202007_avg_30y.tif,prism_vpdmax_us_30s_202007_avg_30y.tif,28.44263458251953,23.44263458251953,19.35083262125651,1.935083262125651,0.9504544556309189,17.605502409351523,2020-07,2020,07
QN8491,prism_tmax_us_30s_202007_avg_30y.tif,prism_vpdmax_us_30s_202007_avg_30y.tif,28.22063384184966,23.22063384184966,18.692828204180742,1.8692828204180743,0.9778654386147234,17.490400505704343,2020-07,2020,07
QN8492,prism_tmax_us_30s_202007_avg_30y.tif,prism_vpdmax_us_30s_202007_avg_30y.tif,28.09584907863451,23.09584907863451,17.69921344259511,1.769921344259511,1.0558448503249565,17.450293453763475,2020-07,2020,07
SI0101,prism_tmax_us_30s_202007_avg_30y.tif,prism_vpdmax_us_30s_202007_avg_30y.tif,29.672869873046874,24.672869873046874,22.243009948730467,2.2243009948730466,0.8822725450327642,18.276250328215454,2020-07,2020,07
SI0102,prism_tmax_us_30s_202007_avg_30y.tif,prism_vpdmax_us_30s_202007_avg_30y.tif,29.608334628018465,24.608334628018465,21.98190030184659,2.198190030184659,0.8964319030992236,18.245223472004465,2020-07,2020,07
SI0103,prism_tmax_us_30s_202007_avg_30y.tif,prism_vpdmax_us_30s_202007_avg_30y.tif,29.511876032902645,24.511876032902645,21.6477778508113,2.16477778508113,0.9120552637873529,18.19667142932423,2020-07,2020,07
SI0104,prism_tmax_us_30s_202007_avg_30y.tif,prism_vpdmax_us_30s_202007_avg_30y.tif,29.903434421705164,24.903434421705164,22.884341032608695,2.2884341032608697,0.861168314937585,18.398686464877297,2020-07,2020,07
SI0105,prism_tmax_us_30s_202007_avg_30y.tif,prism_vpdmax_us_30s_202007_avg_30y.tif,29.97125244140625,24.97125244140625,23.102719261532737,2.310271926153274,0.8520854711754806,18.433569724449306,2020-07,2020,07
SI0106,prism_tmax_us_30s_202007_avg_30y.tif,prism_vpdmax_us_30s_202007_avg_30y.tif,29.973299466646633,24.973299466646633,23.283728966346153,2.3283728966346153,0.8343701974065931,18.42776828516943,2020-07,2020,07
SI0107,prism_tmax_us_30s_202007_avg_30y.tif,prism_vpdmax_us_30s_202007_avg_30y.tif,30.10520263671875,25.10520263671875,23.8084228515625,2.38084228515625,0.8068404043218145,18.491738173918,2020-07,2020,07
SI0191,prism_tmax_us_30s_202007_avg_30y.tif,prism_vpdmax_us_30s_202007_avg_30y.tif,29.882549285888672,24.882549285888672,22.87310028076172,2.287310028076172,0.8583734319621801,18.385746203860013,2020-07,2020,07
SI0201,prism_tmax_us_30s_202007_avg_30y.tif,prism_vpdmax_us_30s_202007_avg_30y.tif,29.262111497961957,24.262111497961957,20.930982506793477,2.093098250679348,0.93808709559258,18.065285447912313,2020-07,2020,07
SI0202,prism_tmax_us_30s_202007_avg_30y.tif,prism_vpdmax_us_30s_202007_avg_30y.tif,29.10749206542969,24.10749206542969,20.547674560546874,2.0547674560546874,0.9484562317613401,17.981691300180838,2020-07,2020,07
SI0203,prism_tmax_us_30s_202007_avg_30y.tif,prism_vpdmax_us_30s_202007_avg_30y.tif,29.875857331031977,24.875857331031977,22.69012451171875,2.269012451171875,0.8754162074947027,18.388649676240547,2020-07,2020,07
SI0204,prism_tmax_us_30s_202007_avg_30y.tif,prism_vpdmax_us_30s_202007_avg_30y.tif,30.062062581380207,25.062062581380207,23.59112548828125,2.359112548828125,0.8203946304997554,18.47260457342898,2020-07,2020,07
SI0291,prism_tmax_us_30s_202007_avg_30y.tif,prism_vpdmax_us_30s_202007_avg_30y.tif,29.936767578125,24.936767578125,23.112806047712052,2.311280604771205,0.844585381078546,18.41106927156074,2020-07,2020,07
SI0301,prism_tmax_us_30s_202007_avg_30y.tif,prism_vpdmax_us_30s_202007_avg_30y.tif,29.22327338324653,24.22327338324653,20.858627319335938,2.085862731933594,0.9382777868007244,18.043339178513467,2020-07,2020,07
SI0302,prism_tmax_us_30s_202007_avg_30y.tif,prism_vpdmax_us_30s_202007_avg_30y.tif,29.449315564385778,24.449315564385778,21.43786200161638,2.143786200161638,0.9215571945425394,18.164933902461954,2020-07,2020,07
SI0303,prism_tmax_us_30s_202007_avg_30y.tif,prism_vpdmax_us_30s_202007_avg_30y.tif,29.903424072265626,24.903424072265626,22.953933715820312,2.295393371582031,0.8542071035583811,18.395944840673053,2020-07,2020,07
SI0304,prism_tmax_us_30s_202007_avg_30y.tif,prism_vpdmax_us_30s_202007_avg_30y.tif,29.62079535590278,24.62079535590278,22.054448784722222,2.205444878472222,0.8914815905345264,18.250343231876943,2020-07,2020,07
SI0305,prism_tmax_us_30s_202007_avg_30y.tif,prism_vpdmax_us_30s_202007_avg_30y.tif,29.941310073390152,24.941310073390152,23.02074825402462,2.302074825402462,0.8546455721853361,18.417598521481054,2020-07,2020,07
SI0391,prism_tmax_us_30s_202007_avg_30y.tif,prism_vpdmax_us_30s_202007_avg_30y.tif,29.97730712890625,24.97730712890625,23.265885416666666,2.3265885416666667,0.8369097874618765,18.43103868856236,2020-07,2020,07
SI9561,prism_tmax_us_30s_202007_avg_30y.tif,prism_vpdmax_us_30s_202007_avg_30y.tif,29.19032723563058,24.19032723563058,20.707528250558035,2.0707528250558034,0.9474228089941668,18.028252706537245,2020-07,2020,07
SI9591,prism_tmax_us_30s_202007_avg_30y.tif,prism_vpdmax_us_30s_202007_avg_30y.tif,28.755999755859374,23.755999755859374,19.478099060058593,1.9478099060058593,0.9926850773347116,17.799777096964807,2020-07,2020,07
SI9592,prism_tmax_us_30s_202007_avg_30y.tif,prism_vpdmax_us_30s_202007_avg_30y.tif,28.977935791015625,23.977935791015625,20.212974548339844,2.0212974548339844,0.9586705822362958,17.912247132324723,2020-07,2020,07
SI9593,prism_tmax_us_30s_202007_avg_30y.tif,prism_vpdmax_us_30s_202007_avg_30y.tif,29.06708272298177,24.06708272298177,20.425033569335938,2.0425033569335938,0.953449828911956,17.960741686693062,2020-07,2020,07
BK0101,prism_tmax_us_30s_202008_avg_30y.tif,prism_vpdmax_us_30s_202008_avg_30y.tif,28.76311747233073,23.76311747233073,20.390541076660156,2.039054107666016,0.9026996994826519,17.768448588708207,2020-08,2020,08
BK0102,prism_tmax_us_30s_202008_avg_30y.tif,prism_vpdmax_us_30s_202008_avg_30y.tif,28.80622016059028,23.80622016059028,20.439222547743057,2.043922254774306,0.9054646506335478,17.793974438753672,2020-08,2020,08
BK0103,prism_tmax_us_30s_202008_avg_30y.tif,prism_vpdmax_us_30s_202008_avg_30y.tif,28.754226684570312,23.754226684570312,20.25772966657366,2.025772966657366,0.9144085083022699,17.768009073914158,2020-08,2020,08
BK0104,prism_tmax_us_30s_202008_avg_30y.tif,prism_vpdmax_us_30s_202008_avg_30y.tif,28.68167928059896,23.68167928059896,20.13069051106771,2.013069051106771,0.9143098266419041,17.72683591396988,2020-08,2020,08
BK0201,prism_tmax_us_30s_202008_avg_30y.tif,prism_vpdmax_us_30s_202008_avg_30y.tif,28.815723419189453,23.815723419189453,20.425474166870117,2.042547416687012,0.9085247536227734,17.80056540685417,2020-08,2020,08
BK0202,prism_tmax_us_30s_202008_avg_30y.tif,prism_vpdmax_us_30s_202008_avg_30y.tif,28.784909057617188,23.784909057617188,20.33885040283203,2.033885040283203,0.9117257033059949,17.7843516370682,2020-08,2020,08
BK0203,prism_tmax_us_30s_202008_avg_30y.tif,prism_vpdmax_us_30s_202008_avg_30y.tif,28.726877848307293,23.726877848307293,20.182110256618923,2.018211025661892,0.9171384151903634,17.75357513716005,2020-08,2020,08
BK0204,prism_tmax_us_30s_202008_avg_30y.tif,prism_vpdmax_us_30s_202008_avg_30y.tif,28.669049580891926,23.669049580891926,20.049933115641277,2.0049933115641276,0.9201617545408007,17.721974681900257,2020-08,2020,08
BK0261,prism_tmax_us_30s_202008_avg_30y.tif,prism_vpdmax_us_30s_202008_avg_30y.tif,28.808271135602677,23.808271135602677,20.406284877232142,2.040628487723214,0.9091220572392498,17.79657470238174,2020-08,2020,08
BK0301,prism_tmax_us_30s_202008_avg_30y.tif,prism_vpdmax_us_30s_202008_avg_30y.tif,28.632954915364582,23.632954915364582,19.93054962158203,1.9930549621582032,0.9257527540967274,17.703706269371732,2020-08,2020,08
BK0302,prism_tmax_us_30s_202008_avg_30y.tif,prism_vpdmax_us_30s_202008_avg_30y.tif,28.58077130998884,23.58077130998884,19.791785103934153,1.9791785103934152,0.9304738205679359,17.675973544246872,2020-08,2020,08
BK0401,prism_tmax_us_30s_202008_avg_30y.tif,prism_vpdmax_us_30s_202008_avg_30y.tif,28.579339599609376,23.579339599609376,19.853639221191408,1.9853639221191408,0.9240375751495529,17.67263232001229,2020-08,2020,08
BK0402,prism_tmax_us_30s_202008_avg_30y.tif,prism_vpdmax_us_30s_202008_avg_30y.tif,28.51470031738281,23.51470031738281,19.667529296875,1.9667529296875,0.9313434946728356,17.63885307336248,2020-08,2020,08
BK0471,prism_tmax_us_30s_202008_avg_30y.tif,prism_vpdmax_us_30s_202008_avg_30y.tif,28.464622497558594,23.464622497558594,19.518325805664062,1.9518325805664063,0.9375318685685483,17.61289098046316,2020-08,2020,08
BK0501,prism_tmax_us_30s_202008_avg_30y.tif,prism_vpdmax_us_30s_202008_avg_30y.tif,28.405270385742188,23.405270385742188,19.27451934814453,1.927451934814453,0.9515931392834158,17.584764412454202,2020-08,2020,08
BK0502,prism_tmax_us_30s_202008_avg_30y.tif,prism_vpdmax_us_30s_202008_avg_30y.tif,28.37996826171875,23.37996826171875,19.143447875976562,1.9143447875976562,0.9603108701722567,17.573844176372226,2020-08,2020,08
BK0503,prism_tmax_us_30s_202008_avg_30y.tif,prism_vpdmax_us_30s_202008_avg_30y.tif,28.250003814697266,23.250003814697266,18.71413803100586,1.871413803100586,0.9807875292331616,17.508201661921984,2020-08,2020,08
BK0504,prism_tmax_us_30s_202008_avg_30y.tif,prism_vpdmax_us_30s_202008_avg_30y.tif,28.104888916015625,23.104888916015625,18.251781116832387,1.8251781116832386,1.0021323498315595,17.43431002886466,2020-08,2020,08
BK0505,prism_tmax_us_30s_202008_avg_30y.tif,prism_vpdmax_us_30s_202008_avg_30y.tif,28.244790649414064,23.244790649414064,18.75341796875,1.875341796875,0.9759620448090107,17.503349381827714,2020-08,2020,08
BK0571,prism_tmax_us_30s_202008_avg_30y.tif,prism_vpdmax_us_30s_202008_avg_30y.tif,28.386199951171875,23.386199951171875,19.235883076985676,1.9235883076985676,0.9521478820306766,17.57416948995251,2020-08,2020,08
BK0601,prism_tmax_us_30s_202008_avg_30y.tif,prism_vpdmax_us_30s_202008_avg_30y.tif,28.78327672621783,23.78327672621783,20.274484073414524,2.0274484073414523,0.9178732738299868,17.785842100380695,2020-08,2020,08
BK0602,prism_tmax_us_30s_202008_avg_30y.tif,prism_vpdmax_us_30s_202008_avg_30y.tif,28.619989568536933,23.619989568536933,19.85935419256037,1.985935419256037,0.9305952397133548,17.698258014567788,2020-08,2020,08
BK0701,prism_tmax_us_30s_202008_avg_30y.tif,prism_vpdmax_us_30s_202008_avg_30y.tif,28.59755597795759,23.59755597795759,19.73968505859375,1.973968505859375,0.9386258837242001,17.68869421180556,2020-08,2020,08
BK0702,prism_tmax_us_30s_202008_avg_30y.tif,prism_vpdmax_us_30s_202008_avg_30y.tif,28.69793701171875,23.69793701171875,19.952505011307565,1.9952505011307564,0.9349931763680543,17.744182603957174,2020-08,2020,08
BK0703,prism_tmax_us_30s_202008_avg_30y.tif,prism_vpdmax_us_30s_202008_avg_30y.tif,28.684085845947266,23.684085845947266,19.88386344909668,1.988386344909668,0.9394164432331829,17.73806733684274,2020-08,2020,08
BK0771,prism_tmax_us_30s_202008_avg_30y.tif,prism_vpdmax_us_30s_202008_avg_30y.tif,28.630374908447266,23.630374908447266,19.797412872314453,1.9797412872314453,0.9386131880750066,17.707297556003077,2020-08,2020,08
BK0801,prism_tmax_us_30s_202008_avg_30y.tif,prism_vpdmax_us_30s_202008_avg_30y.tif,28.55566660563151,23.55566660563151,19.721898396809895,1.9721898396809894,0.9330669163006102,17.662758263499207,2020-08,2020,08
BK0802,prism_tmax_us_30s_202008_avg_30y.tif,prism_vpdmax_us_30s_202008_avg_30y.tif,28.528798421223957,23.528798421223957,19.587974548339844,1.9587974548339844,0.9417613799584683,17.650940927157663,2020-08,2020,08
BK0891,prism_tmax_us_30s_202008_avg_30y.tif,prism_vpdmax_us_30s_202008_avg_30y.tif,28.513099670410156,23.513099670410156,19.465700149536133,1.9465700149536134,0.9512469517211493,17.64576756514897,2020-08,2020,08
BK0901,prism_tmax_us_30s_202008_avg_30y.tif,prism_vpdmax_us_30s_202008_avg_30y.tif,28.508954729352677,23.508954729352677,19.52512686593192,1.952512686593192,0.9445807222287326,17.640797555378857,2020-08,2020,08
BK0902,prism_tmax_us_30s_202008_avg_30y.tif,prism_vpdmax_us_30s_202008_avg_30y.tif,28.50758056640625,23.50758056640625,19.477688598632813,1.9477688598632814,0.9490847042614403,17.64178846992709,2020-08,2020,08
BK1001,prism_tmax_us_30s_202008_avg_30y.tif,prism_vpdmax_us_30s_202008_avg_30y.tif,28.519239637586807,23.519239637586807,19.44646538628472,1.9446465386284721,0.9542425356515727,17.650426191022788,2020-08,2020,08
BK1002,prism_tmax_us_30s_202008_avg_30y.tif,prism_vpdmax_us_30s_202008_avg_30y.tif,28.511899081143465,23.511899081143465,19.37988142533736,1.937988142533736,0.9596192281485576,17.648377135670728,2020-08,2020,08
BK1061,prism_tmax_us_30s_202008_avg_30y.tif,prism_vpdmax_us_30s_202008_avg_30y.tif,28.30808585030692,23.30808585030692,18.890999930245535,1.8890999930245536,0.9731173447070729,17.538119793593903,2020-08,2020,08
BK1091,prism_tmax_us_30s_202008_avg_30y.tif,prism_vpdmax_us_30s_202008_avg_30y.tif,28.320085797991073,23.320085797991073,18.88142830984933,1.888142830984933,0.9761476700055467,17.546114681773116,2020-08,2020,08
BK1101,prism_tmax_us_30s_202008_avg_30y.tif,prism_vpdmax_us_30s_202008_avg_30y.tif,28.262257893880207,23.262257893880207,18.679052734375,1.8679052734375,0.9864066737103732,17.517358048598254,2020-08,2020,08
BK1102,prism_tmax_us_30s_202008_avg_30y.tif,prism_vpdmax_us_30s_202008_avg_30y.tif,28.17627631293403,23.17627631293403,18.53238762749566,1.853238762749566,0.9862926423269474,17.468561677868085,2020-08,2020,08
BK1103,prism_tmax_us_30s_202008_avg_30y.tif,prism_vpdmax_us_30s_202008_avg_30y.tif,28.103799438476564,23.103799438476564,18.321328735351564,1.8321328735351563,0.9949914345211011,17.430885915383005,2020-08,2020,08
BK1201,prism_tmax_us_30s_202008_avg_30y.tif,prism_vpdmax_us_30s_202008_avg_30y.tif,28.653884887695312,23.653884887695312,19.82367161342076,1.9823671613420761,0.9401196845003748,17.72121976733189,2020-08,2020,08
BK1202,prism_tmax_us_30s_202008_avg_30y.tif,prism_vpdmax_us_30s_202008_avg_30y.tif,28.48028310139974,23.48028310139974,19.31592305501302,1.931592305501302,0.9605003827926615,17.630797168931167,2020-08,2020,08
BK1203,prism_tmax_us_30s_202008_avg_30y.tif,prism_vpdmax_us_30s_202008_avg_30y.tif,28.49346923828125,23.49346923828125,19.382229614257813,1.9382229614257813,0.9561686314751832,17.636571330275217,2020-08,2020,08
BK1204,prism_tmax_us_30s_202008_avg_30y.tif,prism_vpdmax_us_30s_202008_avg_30y.tif,28.280706787109374,23.280706787109374,18.714219665527345,1.8714219665527345,0.9860701473040843,17.52768631618152,2020-08,2020,08
BK1301,prism_tmax_us_30s_202008_avg_30y.tif,prism_vpdmax_us_30s_202008_avg_30y.tif,27.98345184326172,22.98345184326172,18.07657241821289,1.807657241821289,0.9989696382666744,17.3642122629682,2020-08,2020,08
BK1302,prism_tmax_us_30s_202008_avg_30y.tif,prism_vpdmax_us_30s_202008_avg_30y.tif,27.910746854894303,22.910746854894303,17.857899385340072,1.7857899385340072,1.0085168982244634,17.326740607727285,2020-08,2020,08
BK1303,prism_tmax_us_30s_202008_avg_30y.tif,prism_vpdmax_us_30s_202008_avg_30y.tif,27.901400248209637,22.901400248209637,17.808082580566406,1.7808082580566407,1.0119182026603808,17.322777794380393,2020-08,2020,08
BK1391,prism_tmax_us_30s_202008_avg_30y.tif,prism_vpdmax_us_30s_202008_avg_30y.tif,27.985631306966145,22.985631306966145,18.089398701985676,1.8089398701985675,0.9980570563663935,17.365089374201794,2020-08,2020,08
BK1401,prism_tmax_us_30s_202008_avg_30y.tif,prism_vpdmax_us_30s_202008_avg_30y.tif,28.403284708658855,23.403284708658855,19.090357462565105,1.9090357462565106,0.9696646408835763,17.590740633676816,2020-08,2020,08
BK1402,prism_tmax_us_30s_202008_avg_30y.tif,prism_vpdmax_us_30s_202008_avg_30y.tif,28.408918900923297,23.408918900923297,19.12465459650213,1.9124654596502129,0.9672130417357219,17.592971742225647,2020-08,2020,08
BK1403,prism_tmax_us_30s_202008_avg_30y.tif,prism_vpdmax_us_30s_202008_avg_30y.tif,28.22620567908654,23.22620567908654,18.536169198843147,1.8536169198843147,0.9944893669146664,17.50009294123953,2020-08,2020,08
BK1501,prism_tmax_us_30s_202008_avg_30y.tif,prism_vpdmax_us_30s_202008_avg_30y.tif,28.073690561147835,23.073690561147835,18.27143038236178,1.8271430382361777,0.9948409515747918,17.413755042139716,2020-08,2020,08
BK1502,prism_tmax_us_30s_202008_avg_30y.tif,prism_vpdmax_us_30s_202008_avg_30y.tif,28.068896484375,23.068896484375,18.231289672851563,1.8231289672851563,0.9980373103296027,17.41229296960016,2020-08,2020,08
BK1503,prism_tmax_us_30s_202008_avg_30y.tif,prism_vpdmax_us_30s_202008_avg_30y.tif,27.87762451171875,22.87762451171875,17.797344970703126,1.7797344970703126,1.0089753470043374,17.308140409517236,2020-08,2020,08
BK1601,prism_tmax_us_30s_202008_avg_30y.tif,prism_vpdmax_us_30s_202008_avg_30y.tif,28.499142116970486,23.499142116970486,19.52859836154514,1.952859836154514,0.9425212713693221,17.63442443997041,2020-08,2020,08
BK1602,prism_tmax_us_30s_202008_avg_30y.tif,prism_vpdmax_us_30s_202008_avg_30y.tif,28.42405284534801,23.42405284534801,19.24684559215199,1.9246845592151989,0.9576226806168096,17.597783676794727,2020-08,2020,08
BK1701,prism_tmax_us_30s_202008_avg_30y.tif,prism_vpdmax_us_30s_202008_avg_30y.tif,28.46035427517361,23.46035427517361,19.292643229166668,1.9292643229166668,0.9593569473581749,17.6190481543352,2020-08,2020,08
BK1702,prism_tmax_us_30s_202008_avg_30y.tif,prism_vpdmax_us_30s_202008_avg_30y.tif,28.305999755859375,23.305999755859375,18.822131686740452,1.882213168674045,0.9796438999524559,17.53950191425358,2020-08,2020,08
BK1703,prism_tmax_us_30s_202008_avg_30y.tif,prism_vpdmax_us_30s_202008_avg_30y.tif,28.36955399946733,23.36955399946733,19.044817837801848,1.9044817837801848,0.9683689036622676,17.571106096837244,2020-08,2020,08
BK1704,prism_tmax_us_30s_202008_avg_30y.tif,prism_vpdmax_us_30s_202008_avg_30y.tif,28.383916681463067,23.383916681463067,19.100234985351562,1.9100234985351563,0.9653167468393116,17.578050239897408,2020-08,2020,08
BK1771,prism_tmax_us_30s_202008_avg_30y.tif,prism_vpdmax_us_30s_202008_avg_30y.tif,28.359298706054688,23.359298706054688,19.02804946899414,1.9028049468994142,0.9682692889404985,17.56525219688662,2020-08,2020,08
BK1801,prism_tmax_us_30s_202008_avg_30y.tif,prism_vpdmax_us_30s_202008_avg_30y.tif,28.180141673368567,23.180141673368567,18.364688648897058,1.8364688648897058,1.0037255724382057,17.477604478768193,2020-08,2020,08
BK1802,prism_tmax_us_30s_202008_avg_30y.tif,prism_vpdmax_us_30s_202008_avg_30y.tif,27.997261895073784,22.997261895073784,17.961130777994793,1.7961130777994794,1.0128593016201601,17.377501200043557,2020-08,2020,08
BK1803,prism_tmax_us_30s_202008_avg_30y.tif,prism_vpdmax_us_30s_202008_avg_30y.tif,28.145437140213815,23.145437140213815,18.35894132915296,1.8358941329152958,0.9983522104149047,17.45581527719429,2020-08,2020,08
BK1891,prism_tmax_us_30s_202008_avg_30y.tif,prism_vpdmax_us_30s_202008_avg_30y.tif,27.797320556640624,22.797320556640624,17.562179565429688,1.7562179565429688,1.018962787175338,17.26653313097514,2020-08,2020,08
BK1892,prism_tmax_us_30s_202008_avg_30y.tif,prism_vpdmax_us_30s_202008_avg_30y.tif,27.918248494466145,22.918248494466145,17.772932688395183,1.7772932688395184,1.0182825514309677,17.334831939074675,2020-08,2020,08
BK1893,prism_tmax_us_30s_202008_avg_30y.tif,prism_vpdmax_us_30s_202008_avg_30y.tif,28.00353325737847,23.00353325737847,17.971077813042534,1.7971077813042533,1.0129302911893685,17.381084961371016,2020-08,2020,08
BK5591,prism_tmax_us_30s_202008_avg_30y.tif,prism_vpdmax_us_30s_202008_avg_30y.tif,28.51274871826172,23.51274871826172,19.539849599202473,1.9539849599202472,0.9437707370023005,17.642630422896296,2020-08,2020,08
BK5691,prism_tmax_us_30s_202008_avg_30y.tif,prism_vpdmax_us_30s_202008_avg_30y.tif,27.704381039268092,22.704381039268092,17.341210616262334,1.7341210616262335,1.0254733908572846,17.21639509187192,2020-08,2020,08
BK5692,prism_tmax_us_30s_202008_avg_30y.tif,prism_vpdmax_us_30s_202008_avg_30y.tif,27.68187219956342,22.68187219956342,17.266393324908087,1.7266393324908087,1.0291918236395223,17.20509392384279,2020-08,2020,08
BK5693,prism_tmax_us_30s_202008_avg_30y.tif,prism_vpdmax_us_30s_202008_avg_30y.tif,27.991809421115452,22.991809421115452,17.97009955512153,1.7970099555121528,1.0110361713315157,17.373693157105745,2020-08,2020,08
BX0101,prism_tmax_us_30s_202008_avg_30y.tif,prism_vpdmax_us_30s_202008_avg_30y.tif,28.671910212590145,23.671910212590145,20.400052584134617,2.0400052584134616,0.8856533726795432,17.71003486600167,2020-08,2020,08
BX0102,prism_tmax_us_30s_202008_avg_30y.tif,prism_vpdmax_us_30s_202008_avg_30y.tif,28.595577663845486,23.595577663845486,20.119222005208332,2.011922200520833,0.900325290308007,17.672520374491437,2020-08,2020,08
BX0201,prism_tmax_us_30s_202008_avg_30y.tif,prism_vpdmax_us_30s_202008_avg_30y.tif,28.60286385672433,23.60286385672433,20.204513549804688,2.0204513549804686,0.8930739530092793,17.673801870295343,2020-08,2020,08
BX0202,prism_tmax_us_30s_202008_avg_30y.tif,prism_vpdmax_us_30s_202008_avg_30y.tif,28.5778751373291,23.5778751373291,20.058950424194336,2.0058950424194335,0.9032499025919312,17.663632414584228,2020-08,2020,08
BX0291,prism_tmax_us_30s_202008_avg_30y.tif,prism_vpdmax_us_30s_202008_avg_30y.tif,28.693147659301758,23.693147659301758,20.58847427368164,2.058847427368164,0.8705520569068659,17.716141681188493,2020-08,2020,08
BX0301,prism_tmax_us_30s_202008_avg_30y.tif,prism_vpdmax_us_30s_202008_avg_30y.tif,28.545397077287948,23.545397077287948,19.890343802315847,1.9890343802315846,0.9144259580043763,17.649609544317986,2020-08,2020,08
BX0302,prism_tmax_us_30s_202008_avg_30y.tif,prism_vpdmax_us_30s_202008_avg_30y.tif,28.528048197428387,23.528048197428387,19.75273259480794,1.9752732594807942,0.9251544933463385,17.643989043827006,2020-08,2020,08
BX0303,prism_tmax_us_30s_202008_avg_30y.tif,prism_vpdmax_us_30s_202008_avg_30y.tif,28.5341854095459,23.5341854095459,19.767688751220703,1.9767688751220702,0.9247313466872731,17.647302546460622,2020-08,2020,08
BX0391,prism_tmax_us_30s_202008_avg_30y.tif,prism_vpdmax_us_30s_202008_avg_30y.tif,28.524459838867188,23.524459838867188,19.70837860107422,1.970837860107422,0.9289629925118412,17.643451184694847,2020-08,2020,08
BX0401,prism_tmax_us_30s_202008_avg_30y.tif,prism_vpdmax_us_30s_202008_avg_30y.tif,28.60150146484375,23.60150146484375,20.07147979736328,2.0071479797363283,0.9061383613908469,17.678163706593008,2020-08,2020,08
BX0402,prism_tmax_us_30s_202008_avg_30y.tif,prism_vpdmax_us_30s_202008_avg_30y.tif,28.5746332804362,23.5746332804362,20.037867228190105,2.0037867228190107,0.9047903667590034,17.66239968414361,2020-08,2020,08
BX0403,prism_tmax_us_30s_202008_avg_30y.tif,prism_vpdmax_us_30s_202008_avg_30y.tif,28.517550150553387,23.517550150553387,19.816917419433594,1.9816917419433593,0.9169022943070204,17.63479353702643,2020-08,2020,08
BX0491,prism_tmax_us_30s_202008_avg_30y.tif,prism_vpdmax_us_30s_202008_avg_30y.tif,28.632497151692707,23.632497151692707,20.182132720947266,2.0182132720947266,0.9005140223583079,17.693527895796578,2020-08,2020,08
BX0492,prism_tmax_us_30s_202008_avg_30y.tif,prism_vpdmax_us_30s_202008_avg_30y.tif,28.531299591064453,23.531299591064453,19.758148193359375,1.9758148193359375,0.9251810667496225,17.645843027366144,2020-08,2020,08
BX0501,prism_tmax_us_30s_202008_avg_30y.tif,prism_vpdmax_us_30s_202008_avg_30y.tif,28.51082420349121,23.51082420349121,19.702049255371094,1.9702049255371095,0.9272148068095722,17.635032742455678,2020-08,2020,08
BX0502,prism_tmax_us_30s_202008_avg_30y.tif,prism_vpdmax_us_30s_202008_avg_30y.tif,28.490620930989582,23.490620930989582,19.57552252875434,1.957552252875434,0.9363426239020813,17.62716471906461,2020-08,2020,08
BX0503,prism_tmax_us_30s_202008_avg_30y.tif,prism_vpdmax_us_30s_202008_avg_30y.tif,28.44989929199219,23.44989929199219,19.389479064941405,1.9389479064941404,0.9478536567290949,17.608599385654106,2020-08,2020,08
BX0601,prism_tmax_us_30s_202008_avg_30y.tif,prism_vpdmax_us_30s_202008_avg_30y.tif,28.548263549804688,23.548263549804688,19.662687301635742,1.9662687301635742,0.9376929339461044,17.660378755780076,2020-08,2020,08
BX0602,prism_tmax_us_30s_202008_avg_30y.tif,prism_vpdmax_us_30s_202008_avg_30y.tif,28.50923728942871,23.50923728942871,19.563262939453125,1.9563262939453125,0.9408164347100938,17.639478401947144,2020-08,2020,08
BX0603,prism_tmax_us_30s_202008_avg_30y.tif,prism_vpdmax_us_30s_202008_avg_30y.tif,28.468985421316965,23.468985421316965,19.375313895089285,1.9375313895089286,0.9525929002606341,17.621283743689148,2020-08,2020,08
BX0701,prism_tmax_us_30s_202008_avg_30y.tif,prism_vpdmax_us_30s_202008_avg_30y.tif,28.52576361762153,23.52576361762153,19.570322672526043,1.9570322672526044,0.9429963469113649,17.649705535527573,2020-08,2020,08
BX0702,prism_tmax_us_30s_202008_avg_30y.tif,prism_vpdmax_us_30s_202008_avg_30y.tif,28.431998358832466,23.431998358832466,19.27687750922309,1.9276877509223092,0.9560004482877618,17.601651245635097,2020-08,2020,08
BX0703,prism_tmax_us_30s_202008_avg_30y.tif,prism_vpdmax_us_30s_202008_avg_30y.tif,28.422237396240234,23.422237396240234,19.21857452392578,1.9218574523925782,0.9601343367448707,17.597741398008946,2020-08,2020,08
BX0801,prism_tmax_us_30s_202008_avg_30y.tif,prism_vpdmax_us_30s_202008_avg_30y.tif,28.502413068498885,23.502413068498885,19.47438485281808,1.947438485281808,0.948513305265053,17.63863393880803,2020-08,2020,08
BX0802,prism_tmax_us_30s_202008_avg_30y.tif,prism_vpdmax_us_30s_202008_avg_30y.tif,28.58526611328125,23.58526611328125,19.735998789469402,1.9735998789469402,0.9368400580132881,17.68102402902969,2020-08,2020,08
BX0803,prism_tmax_us_30s_202008_avg_30y.tif,prism_vpdmax_us_30s_202008_avg_30y.tif,28.5845947265625,23.5845947265625,19.809037950303818,1.9809037950303818,0.9294184857624608,17.677726674865582,2020-08,2020,08
BX0901,prism_tmax_us_30s_202008_avg_30y.tif,prism_vpdmax_us_30s_202008_avg_30y.tif,28.572398792613637,23.572398792613637,19.847781094637785,1.9847781094637784,0.923407635424442,17.66844931613374,2020-08,2020,08
BX0902,prism_tmax_us_30s_202008_avg_30y.tif,prism_vpdmax_us_30s_202008_avg_30y.tif,28.567877197265624,23.567877197265624,19.907728576660155,1.9907728576660155,0.9166211226799075,17.663218472062812,2020-08,2020,08
BX0903,prism_tmax_us_30s_202008_avg_30y.tif,prism_vpdmax_us_30s_202008_avg_30y.tif,28.552376883370535,23.552376883370535,19.69061279296875,1.969061279296875,0.9356199098880817,17.661896317457106,2020-08,2020,08
BX0904,prism_tmax_us_30s_202008_avg_30y.tif,prism_vpdmax_us_30s_202008_avg_30y.tif,28.549151102701824,23.549151102701824,19.559017181396484,1.9559017181396485,0.9482151880421852,17.66501724413251,2020-08,2020,08
BX0991,prism_tmax_us_30s_202008_avg_30y.tif,prism_vpdmax_us_30s_202008_avg_30y.tif,28.579901559012278,23.579901559012278,20.027814592633927,2.002781459263393,0.9067184902711749,17.66614455063653,2020-08,2020,08
BX1001,prism_tmax_us_30s_202008_avg_30y.tif,prism_vpdmax_us_30s_202008_avg_30y.tif,28.556560516357422,23.556560516357422,19.50979995727539,1.950979995727539,0.9544331752527959,17.671662050649005,2020-08,2020,08
BX1002,prism_tmax_us_30s_202008_avg_30y.tif,prism_vpdmax_us_30s_202008_avg_30y.tif,28.493899258700285,23.493899258700285,19.294326782226562,1.9294326782226563,0.9650339123755811,17.640299207246663,2020-08,2020,08
BX1003,prism_tmax_us_30s_202008_avg_30y.tif,prism_vpdmax_us_30s_202008_avg_30y.tif,28.41509094238281,23.41509094238281,18.726304626464845,1.8726304626464845,1.0081198582681379,17.61254766863043,2020-08,2020,08
BX1004,prism_tmax_us_30s_202008_avg_30y.tif,prism_vpdmax_us_30s_202008_avg_30y.tif,28.50277155095881,23.50277155095881,19.034264304421164,1.9034264304421165,0.9925879105199875,17.656158518227997,2020-08,2020,08
BX1071,prism_tmax_us_30s_202008_avg_30y.tif,prism_vpdmax_us_30s_202008_avg_30y.tif,28.19806671142578,23.19806671142578,17.73404820760091,1.773404820760091,1.0698660974255036,17.51376120166664,2020-08,2020,08
BX1091,prism_tmax_us_30s_202008_avg_30y.tif,prism_vpdmax_us_30s_202008_avg_30y.tif,28.53369903564453,23.53369903564453,19.599300384521484,1.9599300384521485,0.9414851775933508,17.653611028004637,2020-08,2020,08
BX1101,prism_tmax_us_30s_202008_avg_30y.tif,prism_vpdmax_us_30s_202008_avg_30y.tif,28.514699935913086,23.514699935913086,19.444337844848633,1.9444337844848634,0.9536625732716968,17.647624254958494,2020-08,2020,08
BX1102,prism_tmax_us_30s_202008_avg_30y.tif,prism_vpdmax_us_30s_202008_avg_30y.tif,28.51514892578125,23.51514892578125,19.33068084716797,1.933068084716797,0.9651066666081187,17.65237636089496,2020-08,2020,08
BX1103,prism_tmax_us_30s_202008_avg_30y.tif,prism_vpdmax_us_30s_202008_avg_30y.tif,28.469399192116477,23.469399192116477,19.13896317915483,1.9138963179154829,0.9763000426445732,17.63083525868936,2020-08,2020,08
BX1104,prism_tmax_us_30s_202008_avg_30y.tif,prism_vpdmax_us_30s_202008_avg_30y.tif,28.454241071428573,23.454241071428573,19.251957484654017,1.9251957484654016,0.9623613871194512,17.616762712637943,2020-08,2020,08
BX1161,prism_tmax_us_30s_202008_avg_30y.tif,prism_vpdmax_us_30s_202008_avg_30y.tif,28.53952898297991,23.53952898297991,19.275170462472097,1.9275170462472098,0.9749172391532308,17.67005540833683,2020-08,2020,08
BX1201,prism_tmax_us_30s_202008_avg_30y.tif,prism_vpdmax_us_30s_202008_avg_30y.tif,28.411148071289062,23.411148071289062,19.12525685628255,1.912525685628255,0.9675398871157532,17.59436413205739,2020-08,2020,08
BX1202,prism_tmax_us_30s_202008_avg_30y.tif,prism_vpdmax_us_30s_202008_avg_30y.tif,28.444318498883927,23.444318498883927,18.918300083705358,1.8918300083705357,0.9940006182313195,17.623570831832094,2020-08,2020,08
BX1203,prism_tmax_us_30s_202008_avg_30y.tif,prism_vpdmax_us_30s_202008_avg_30y.tif,28.377057756696427,23.377057756696427,19.014171055385045,1.9014171055385045,0.9727340121489916,17.577076214821428,2020-08,2020,08
BX1271,prism_tmax_us_30s_202008_avg_30y.tif,prism_vpdmax_us_30s_202008_avg_30y.tif,28.370029994419642,23.370029994419642,19.102857317243302,1.9102857317243302,0.9626474322329661,17.569127447703494,2020-08,2020,08
BX2691,prism_tmax_us_30s_202008_avg_30y.tif,prism_vpdmax_us_30s_202008_avg_30y.tif,28.44553509880515,23.44553509880515,19.32783598058364,1.9327835980583639,0.9532586661726445,17.608249056828367,2020-08,2020,08
BX2791,prism_tmax_us_30s_202008_avg_30y.tif,prism_vpdmax_us_30s_202008_avg_30y.tif,28.49360774113582,23.49360774113582,19.423146174504208,1.9423146174504207,0.9521011308512648,17.635051333648555,2020-08,2020,08
BX2891,prism_tmax_us_30s_202008_avg_30y.tif,prism_vpdmax_us_30s_202008_avg_30y.tif,28.389283970424106,23.389283970424106,18.53651123046875,1.853651123046875,1.0226199454568752,17.60361364979502,2020-08,2020,08
MN0101,prism_tmax_us_30s_202008_avg_30y.tif,prism_vpdmax_us_30s_202008_avg_30y.tif,28.87476806640625,23.87476806640625,20.607009887695312,2.0607009887695313,0.90086073264417,17.831031761581503,2020-08,2020,08
MN0102,prism_tmax_us_30s_202008_avg_30y.tif,prism_vpdmax_us_30s_202008_avg_30y.tif,28.89203643798828,23.89203643798828,20.65435028076172,2.065435028076172,0.8992006404427837,17.840170512033367,2020-08,2020,08
MN0191,prism_tmax_us_30s_202008_avg_30y.tif,prism_vpdmax_us_30s_202008_avg_30y.tif,28.8341801961263,23.8341801961263,20.438466389973957,2.0438466389973957,0.9105009734253184,17.81180705375976,2020-08,2020,08
MN0201,prism_tmax_us_30s_202008_avg_30y.tif,prism_vpdmax_us_30s_202008_avg_30y.tif,28.859349568684895,23.859349568684895,20.560916900634766,2.0560916900634765,0.9027277312429529,17.823023203822814,2020-08,2020,08
MN0202,prism_tmax_us_30s_202008_avg_30y.tif,prism_vpdmax_us_30s_202008_avg_30y.tif,28.832923889160156,23.832923889160156,20.494674682617188,2.0494674682617187,0.9046570923827892,17.808798082460243,2020-08,2020,08
MN0203,prism_tmax_us_30s_202008_avg_30y.tif,prism_vpdmax_us_30s_202008_avg_30y.tif,28.896165635850693,23.896165635850693,20.664533827039932,2.066453382703993,0.8989177376461206,17.84240058642227,2020-08,2020,08
MN0301,prism_tmax_us_30s_202008_avg_30y.tif,prism_vpdmax_us_30s_202008_avg_30y.tif,28.854782104492188,23.854782104492188,20.549633026123047,2.054963302612305,0.9030441850601201,17.820557817975697,2020-08,2020,08
MN0302,prism_tmax_us_30s_202008_avg_30y.tif,prism_vpdmax_us_30s_202008_avg_30y.tif,28.83609880719866,23.83609880719866,20.514314923967635,2.0514314923967634,0.9032567893442858,17.810047941893945,2020-08,2020,08
MN0303,prism_tmax_us_30s_202008_avg_30y.tif,prism_vpdmax_us_30s_202008_avg_30y.tif,28.849261474609374,23.849261474609374,20.572900390625,2.0572900390625,0.8997363353203229,17.816127635884403,2020-08,2020,08
MN0401,prism_tmax_us_30s_202008_avg_30y.tif,prism_vpdmax_us_30s_202008_avg_30y.tif,28.857615152994793,23.857615152994793,20.59335708618164,2.059335708618164,0.8991753720069267,17.82064371294677,2020-08,2020,08
MN0402,prism_tmax_us_30s_202008_avg_30y.tif,prism_vpdmax_us_30s_202008_avg_30y.tif,28.80852508544922,23.80852508544922,20.554412841796875,2.0554412841796874,0.8943542890209422,17.790914959034936,2020-08,2020,08
MN0501,prism_tmax_us_30s_202008_avg_30y.tif,prism_vpdmax_us_30s_202008_avg_30y.tif,28.803510665893555,23.803510665893555,20.468399047851562,2.0468399047851564,0.9020666649591798,17.7911027468906,2020-08,2020,08
MN0502,prism_tmax_us_30s_202008_avg_30y.tif,prism_vpdmax_us_30s_202008_avg_30y.tif,28.712808227539064,23.712808227539064,20.359829711914063,2.035982971191406,0.8968833281520112,17.73763741297839,2020-08,2020,08
MN0601,prism_tmax_us_30s_202008_avg_30y.tif,prism_vpdmax_us_30s_202008_avg_30y.tif,28.86750030517578,23.86750030517578,20.648876190185547,2.0648876190185548,0.8953811981859476,17.824757483921744,2020-08,2020,08
MN0602,prism_tmax_us_30s_202008_avg_30y.tif,prism_vpdmax_us_30s_202008_avg_30y.tif,28.82653299967448,23.82653299967448,20.53125,2.053125,0.8998651138035765,17.803291200540237,2020-08,2020,08
MN0603,prism_tmax_us_30s_202008_avg_30y.tif,prism_vpdmax_us_30s_202008_avg_30y.tif,28.82005920410156,23.82005920410156,20.556790161132813,2.0556790161132814,0.8961623217708508,17.79816536118153,2020-08,2020,08
MN0604,prism_tmax_us_30s_202008_avg_30y.tif,prism_vpdmax_us_30s_202008_avg_30y.tif,28.7205810546875,23.7205810546875,20.40746561686198,2.040746561686198,0.8934913339792216,17.740711552261647,2020-08,2020,08
MN0661,prism_tmax_us_30s_202008_avg_30y.tif,prism_vpdmax_us_30s_202008_avg_30y.tif,28.78959846496582,23.78959846496582,20.5679988861084,2.05679988861084,0.8896414193003523,17.77833140742066,2020-08,2020,08
MN0701,prism_tmax_us_30s_202008_avg_30y.tif,prism_vpdmax_us_30s_202008_avg_30y.tif,28.726542154947918,23.726542154947918,20.41368950737847,2.041368950737847,0.8939212223764552,17.744260442249416,2020-08,2020,08
MN0702,prism_tmax_us_30s_202008_avg_30y.tif,prism_vpdmax_us_30s_202008_avg_30y.tif,28.639828491210938,23.639828491210938,20.244029235839843,2.024402923583984,0.8956126032419633,17.695758507590693,2020-08,2020,08
MN0703,prism_tmax_us_30s_202008_avg_30y.tif,prism_vpdmax_us_30s_202008_avg_30y.tif,28.646813528878347,23.646813528878347,20.25628444126674,2.025628444126674,0.8956149259041188,17.69971993675434,2020-08,2020,08
MN0801,prism_tmax_us_30s_202008_avg_30y.tif,prism_vpdmax_us_30s_202008_avg_30y.tif,28.6884028116862,23.6884028116862,20.362433115641277,2.0362433115641276,0.8923200333978056,17.722006167351413,2020-08,2020,08
MN0802,prism_tmax_us_30s_202008_avg_30y.tif,prism_vpdmax_us_30s_202008_avg_30y.tif,28.6014404296875,23.6014404296875,20.156289672851564,2.0156289672851564,0.8976466685268911,17.67479186436388,2020-08,2020,08
MN0803,prism_tmax_us_30s_202008_avg_30y.tif,prism_vpdmax_us_30s_202008_avg_30y.tif,28.664833068847656,23.664833068847656,20.34320068359375,2.034320068359375,0.8900928912583992,17.70776685630117,2020-08,2020,08
MN0901,prism_tmax_us_30s_202008_avg_30y.tif,prism_vpdmax_us_30s_202008_avg_30y.tif,28.688411712646484,23.688411712646484,20.370849609375,2.0370849609375,0.8914799523609105,17.721681062348395,2020-08,2020,08
MN0902,prism_tmax_us_30s_202008_avg_30y.tif,prism_vpdmax_us_30s_202008_avg_30y.tif,28.64368438720703,23.64368438720703,20.267865498860676,2.0267865498860678,0.8939067179733251,17.697274387709903,2020-08,2020,08
MN0903,prism_tmax_us_30s_202008_avg_30y.tif,prism_vpdmax_us_30s_202008_avg_30y.tif,28.596384684244793,23.596384684244793,20.100082397460938,2.0100082397460937,0.9023807583162955,17.6737857539851,2020-08,2020,08
MN1001,prism_tmax_us_30s_202008_avg_30y.tif,prism_vpdmax_us_30s_202008_avg_30y.tif,28.667999267578125,23.667999267578125,20.337899525960285,2.0337899525960283,0.8911802429067048,17.70998942017913,2020-08,2020,08
MN1002,prism_tmax_us_30s_202008_avg_30y.tif,prism_vpdmax_us_30s_202008_avg_30y.tif,28.628720092773438,23.628720092773438,20.190219116210937,2.0190219116210937,0.8990418874065096,17.690807754353298,2020-08,2020,08
MN1101,prism_tmax_us_30s_202008_avg_30y.tif,prism_vpdmax_us_30s_202008_avg_30y.tif,28.660586886935764,23.660586886935764,20.325022379557293,2.0325022379557294,0.8911635593125351,17.705780043702404,2020-08,2020,08
MN1102,prism_tmax_us_30s_202008_avg_30y.tif,prism_vpdmax_us_30s_202008_avg_30y.tif,28.711237127130683,23.711237127130683,20.45143543590199,2.045143543590199,0.8874455867014923,17.733037566656783,2020-08,2020,08
MN1191,prism_tmax_us_30s_202008_avg_30y.tif,prism_vpdmax_us_30s_202008_avg_30y.tif,28.700111389160156,23.700111389160156,20.479236602783203,2.0479236602783204,0.882703353025188,17.72486557539271,2020-08,2020,08
MN1201,prism_tmax_us_30s_202008_avg_30y.tif,prism_vpdmax_us_30s_202008_avg_30y.tif,28.53780788845486,23.53780788845486,19.940755208333332,1.9940755208333332,0.9080578863589037,17.642803822092954,2020-08,2020,08
MN1202,prism_tmax_us_30s_202008_avg_30y.tif,prism_vpdmax_us_30s_202008_avg_30y.tif,28.579640706380207,23.579640706380207,19.96435546875,1.996435546875,0.9130187023194134,17.668472630529106,2020-08,2020,08
MN1203,prism_tmax_us_30s_202008_avg_30y.tif,prism_vpdmax_us_30s_202008_avg_30y.tif,28.643415178571427,23.643415178571427,19.933214460100448,1.9933214460100448,0.9273244992750387,17.71025493446509,2020-08,2020,08
MN1291,prism_tmax_us_30s_202008_avg_30y.tif,prism_vpdmax_us_30s_202008_avg_30y.tif,28.48284912109375,23.48284912109375,19.767300923665363,1.9767300923665363,0.9158098373995951,17.614688717758195,2020-08,2020,08
MN1292,prism_tmax_us_30s_202008_avg_30y.tif,prism_vpdmax_us_30s_202008_avg_30y.tif,28.693913051060267,23.693913051060267,20.076341901506698,2.00763419015067,0.9219001913362321,17.73675547514631,2020-08,2020,08
MN6491,prism_tmax_us_30s_202008_avg_30y.tif,prism_vpdmax_us_30s_202008_avg_30y.tif,28.598258463541665,23.598258463541665,20.153487141927084,2.0153487141927084,0.8973688654018979,17.672878512931067,2020-08,2020,08
QN0101,prism_tmax_us_30s_202008_avg_30y.tif,prism_vpdmax_us_30s_202008_avg_30y.tif,28.638023376464844,23.638023376464844,20.56296157836914,2.056296157836914,0.863402135726584,17.682076293796115,2020-08,2020,08
QN0102,prism_tmax_us_30s_202008_avg_30y.tif,prism_vpdmax_us_30s_202008_avg_30y.tif,28.68805847167969,23.68805847167969,20.46949920654297,2.046949920654297,0.8815527526533811,17.71757938523516,2020-08,2020,08
QN0103,prism_tmax_us_30s_202008_avg_30y.tif,prism_vpdmax_us_30s_202008_avg_30y.tif,28.61973876953125,23.61973876953125,20.34906921386719,2.034906921386719,0.8815797059421704,17.67885270675949,2020-08,2020,08
QN0104,prism_tmax_us_30s_202008_avg_30y.tif,prism_vpdmax_us_30s_202008_avg_30y.tif,28.588409423828125,23.588409423828125,20.31811662153764,2.031811662153764,0.8791791748016777,17.660145559007606,2020-08,2020,08
QN0105,prism_tmax_us_30s_202008_avg_30y.tif,prism_vpdmax_us_30s_202008_avg_30y.tif,28.68771084872159,23.68771084872159,20.378162730823863,2.0378162730823863,0.8906251512376149,17.72094773566152,2020-08,2020,08
QN0151,prism_tmax_us_30s_202008_avg_30y.tif,prism_vpdmax_us_30s_202008_avg_30y.tif,28.656741672092014,23.656741672092014,20.6075439453125,2.06075439453125,0.8622349386825996,17.692230858978434,2020-08,2020,08
QN0161,prism_tmax_us_30s_202008_avg_30y.tif,prism_vpdmax_us_30s_202008_avg_30y.tif,28.614124298095703,23.614124298095703,20.218624114990234,2.0218624114990233,0.8936386604633215,17.68040847058235,2020-08,2020,08
QN0171,prism_tmax_us_30s_202008_avg_30y.tif,prism_vpdmax_us_30s_202008_avg_30y.tif,28.602699279785156,23.602699279785156,20.589698791503906,2.0589698791503905,0.8545265607340076,17.658559430006648,2020-08,2020,08
QN0191,prism_tmax_us_30s_202008_avg_30y.tif,prism_vpdmax_us_30s_202008_avg_30y.tif,28.65475082397461,23.65475082397461,20.46994972229004,2.0469949722290037,0.8756441774761039,17.69637187894171,2020-08,2020,08
QN0201,prism_tmax_us_30s_202008_avg_30y.tif,prism_vpdmax_us_30s_202008_avg_30y.tif,28.747640991210936,23.747640991210936,20.449179077148436,2.0449179077148436,0.8940993628902474,17.756293491632466,2020-08,2020,08
QN0202,prism_tmax_us_30s_202008_avg_30y.tif,prism_vpdmax_us_30s_202008_avg_30y.tif,28.62659369574653,23.62659369574653,20.160786946614582,2.0160786946614584,0.9016116296612693,17.690611995945158,2020-08,2020,08
QN0203,prism_tmax_us_30s_202008_avg_30y.tif,prism_vpdmax_us_30s_202008_avg_30y.tif,28.53751165216619,23.53751165216619,20.1290283203125,2.01290283203125,0.8891787904875894,17.635216371439853,2020-08,2020,08
QN0261,prism_tmax_us_30s_202008_avg_30y.tif,prism_vpdmax_us_30s_202008_avg_30y.tif,28.649571010044642,23.649571010044642,20.262671334402903,2.02626713344029,0.8954610758984711,17.70122296552341,2020-08,2020,08
QN0271,prism_tmax_us_30s_202008_avg_30y.tif,prism_vpdmax_us_30s_202008_avg_30y.tif,28.52699933733259,23.52699933733259,19.984200613839285,1.9984200613839285,0.9018244392698227,17.63422562890062,2020-08,2020,08
QN0301,prism_tmax_us_30s_202008_avg_30y.tif,prism_vpdmax_us_30s_202008_avg_30y.tif,28.56213887532552,23.56213887532552,20.423480987548828,2.042348098754883,0.8640413301544392,17.639300985060263,2020-08,2020,08
QN0302,prism_tmax_us_30s_202008_avg_30y.tif,prism_vpdmax_us_30s_202008_avg_30y.tif,28.568545254794035,23.568545254794035,20.47525301846591,2.047525301846591,0.8599856484322332,17.641339519302086,2020-08,2020,08
QN0303,prism_tmax_us_30s_202008_avg_30y.tif,prism_vpdmax_us_30s_202008_avg_30y.tif,28.529512405395508,23.529512405395508,20.196388244628906,2.0196388244628904,0.8810447651708677,17.627484126571403,2020-08,2020,08
QN0401,prism_tmax_us_30s_202008_avg_30y.tif,prism_vpdmax_us_30s_202008_avg_30y.tif,28.52192101111779,23.52192101111779,20.11414513221154,2.011414513221154,0.8879428677409078,17.625890760325962,2020-08,2020,08
QN0402,prism_tmax_us_30s_202008_avg_30y.tif,prism_vpdmax_us_30s_202008_avg_30y.tif,28.554365370008682,23.554365370008682,20.090955946180557,2.0090955946180555,0.8959334864723876,17.64742702497857,2020-08,2020,08
QN0501,prism_tmax_us_30s_202008_avg_30y.tif,prism_vpdmax_us_30s_202008_avg_30y.tif,28.518680572509766,23.518680572509766,19.89118194580078,1.9891181945800782,0.9096732463017037,17.632593470409606,2020-08,2020,08
QN0502,prism_tmax_us_30s_202008_avg_30y.tif,prism_vpdmax_us_30s_202008_avg_30y.tif,28.482170553768384,23.482170553768384,19.658140294692096,1.9658140294692097,0.9266076243098125,17.61854750034043,2020-08,2020,08
QN0503,prism_tmax_us_30s_202008_avg_30y.tif,prism_vpdmax_us_30s_202008_avg_30y.tif,28.395374298095703,23.395374298095703,19.397680282592773,1.9397680282592773,0.9375595750178525,17.573638140002277,2020-08,2020,08
QN0504,prism_tmax_us_30s_202008_avg_30y.tif,prism_vpdmax_us_30s_202008_avg_30y.tif,28.42033973106971,23.42033973106971,19.608960665189304,1.9608960665189303,0.9207660183492763,17.58119367272779,2020-08,2020,08
QN0571,prism_tmax_us_30s_202008_avg_30y.tif,prism_vpdmax_us_30s_202008_avg_30y.tif,28.39581298828125,23.39581298828125,19.533155168805802,1.9533155168805802,0.9240882023460391,17.56859262787746,2020-08,2020,08
QN0572,prism_tmax_us_30s_202008_avg_30y.tif,prism_vpdmax_us_30s_202008_avg_30y.tif,28.382349014282227,23.382349014282227,19.423124313354492,1.9423124313354492,0.9327559906686573,17.564364995430804,2020-08,2020,08
QN0573,prism_tmax_us_30s_202008_avg_30y.tif,prism_vpdmax_us_30s_202008_avg_30y.tif,28.42438252766927,23.42438252766927,19.52116521199544,1.9521165211995442,0.9302480071491561,17.587212359998095,2020-08,2020,08
QN0574,prism_tmax_us_30s_202008_avg_30y.tif,prism_vpdmax_us_30s_202008_avg_30y.tif,28.37562306722005,23.37562306722005,19.27739715576172,1.927739715576172,0.94616272514086,17.565820230094126,2020-08,2020,08
QN0601,prism_tmax_us_30s_202008_avg_30y.tif,prism_vpdmax_us_30s_202008_avg_30y.tif,28.48000759548611,23.48000759548611,19.778988308376736,1.9778988308376735,0.9141458420556172,17.612423622568482,2020-08,2020,08
QN0602,prism_tmax_us_30s_202008_avg_30y.tif,prism_vpdmax_us_30s_202008_avg_30y.tif,28.505611419677734,23.505611419677734,19.722368240356445,1.9722368240356445,0.9242730778680894,17.630920994559435,2020-08,2020,08
QN0701,prism_tmax_us_30s_202008_avg_30y.tif,prism_vpdmax_us_30s_202008_avg_30y.tif,28.547907049005683,23.547907049005683,20.00134970925071,2.000134970925071,0.9037643395902801,17.6468426822452,2020-08,2020,08
QN0702,prism_tmax_us_30s_202008_avg_30y.tif,prism_vpdmax_us_30s_202008_avg_30y.tif,28.479339599609375,23.479339599609375,19.53775742474724,1.9537757424747242,0.9381525144277725,17.62147949114863,2020-08,2020,08
QN0703,prism_tmax_us_30s_202008_avg_30y.tif,prism_vpdmax_us_30s_202008_avg_30y.tif,28.44688298152043,23.44688298152043,19.31885235126202,1.931885235126202,0.9543915202800854,17.609458517992156,2020-08,2020,08
QN0704,prism_tmax_us_30s_202008_avg_30y.tif,prism_vpdmax_us_30s_202008_avg_30y.tif,28.482980828536185,23.482980828536185,19.659767552425986,1.9659767552425986,0.926586131950299,17.618998479636485,2020-08,2020,08
QN0705,prism_tmax_us_30s_202008_avg_30y.tif,prism_vpdmax_us_30s_202008_avg_30y.tif,28.507110595703125,23.507110595703125,19.687420315212673,1.9687420315212674,0.9280295084763794,17.63324730459489,2020-08,2020,08
QN0706,prism_tmax_us_30s_202008_avg_30y.tif,prism_vpdmax_us_30s_202008_avg_30y.tif,28.534402465820314,23.534402465820314,19.810357666015626,1.9810357666015626,0.920502391814785,17.645763638103325,2020-08,2020,08
QN0707,prism_tmax_us_30s_202008_avg_30y.tif,prism_vpdmax_us_30s_202008_avg_30y.tif,28.56871384840745,23.56871384840745,20.055260291466347,2.0055260291466346,0.902014440771385,17.657952427270178,2020-08,2020,08
QN0761,prism_tmax_us_30s_202008_avg_30y.tif,prism_vpdmax_us_30s_202008_avg_30y.tif,28.398600260416668,23.398600260416668,19.01618194580078,1.901618194580078,0.9762691777636514,17.590680134517363,2020-08,2020,08
QN0791,prism_tmax_us_30s_202008_avg_30y.tif,prism_vpdmax_us_30s_202008_avg_30y.tif,28.510234832763672,23.510234832763672,19.661949157714844,1.9661949157714844,0.9311219363043712,17.636234071144617,2020-08,2020,08
QN0801,prism_tmax_us_30s_202008_avg_30y.tif,prism_vpdmax_us_30s_202008_avg_30y.tif,28.498875935872395,23.498875935872395,19.664708455403645,1.9664708455403646,0.9288638256770776,17.628906139130738,2020-08,2020,08
QN0802,prism_tmax_us_30s_202008_avg_30y.tif,prism_vpdmax_us_30s_202008_avg_30y.tif,28.467084612165177,23.467084612165177,19.531071254185267,1.9531071254185268,0.936686100680514,17.613954612665097,2020-08,2020,08
QN0803,prism_tmax_us_30s_202008_avg_30y.tif,prism_vpdmax_us_30s_202008_avg_30y.tif,28.457082112630207,23.457082112630207,19.43994140625,1.943994140625,0.9440574967693189,17.61118015409167,2020-08,2020,08
QN0804,prism_tmax_us_30s_202008_avg_30y.tif,prism_vpdmax_us_30s_202008_avg_30y.tif,28.412078857421875,23.412078857421875,19.326527186802455,1.9326527186802456,0.9475744884608739,17.587045486123326,2020-08,2020,08
QN0805,prism_tmax_us_30s_202008_avg_30y.tif,prism_vpdmax_us_30s_202008_avg_30y.tif,28.431983947753906,23.431983947753906,19.435675303141277,1.9435675303141278,0.9401181636750182,17.595401336700746,2020-08,2020,08
QN0871,prism_tmax_us_30s_202008_avg_30y.tif,prism_vpdmax_us_30s_202008_avg_30y.tif,28.52039909362793,23.52039909362793,19.77400016784668,1.977400016784668,0.921691550464798,17.6382910654197,2020-08,2020,08
QN0891,prism_tmax_us_30s_202008_avg_30y.tif,prism_vpdmax_us_30s_202008_avg_30y.tif,28.391454060872395,23.391454060872395,19.23995632595486,1.9239956325954861,0.9526518589219031,17.577346633070956,2020-08,2020,08
QN0901,prism_tmax_us_30s_202008_avg_30y.tif,prism_vpdmax_us_30s_202008_avg_30y.tif,28.44637722439236,23.44637722439236,19.464609781901043,1.9464609781901043,0.9397277886923876,17.603408907186576,2020-08,2020,08
QN0902,prism_tmax_us_30s_202008_avg_30y.tif,prism_vpdmax_us_30s_202008_avg_30y.tif,28.37176513671875,23.37176513671875,19.228598854758523,1.9228598854758523,0.950373947254638,17.565287793790603,2020-08,2020,08
QN0903,prism_tmax_us_30s_202008_avg_30y.tif,prism_vpdmax_us_30s_202008_avg_30y.tif,28.297676934136284,23.297676934136284,18.996843126085068,1.8996843126085068,0.9607357962675738,17.52735198958843,2020-08,2020,08
QN0904,prism_tmax_us_30s_202008_avg_30y.tif,prism_vpdmax_us_30s_202008_avg_30y.tif,28.33163833618164,23.33163833618164,19.079601287841797,1.9079601287841796,0.9583274771846073,17.54566163514854,2020-08,2020,08
QN0905,prism_tmax_us_30s_202008_avg_30y.tif,prism_vpdmax_us_30s_202008_avg_30y.tif,28.360598754882812,23.360598754882812,19.2168701171875,1.9216870117187501,0.9496123692621976,17.558657155138597,2020-08,2020,08
QN1001,prism_tmax_us_30s_202008_avg_30y.tif,prism_vpdmax_us_30s_202008_avg_30y.tif,28.16190185546875,23.16190185546875,18.578375244140624,1.8578375244140624,0.9792293893187081,17.45763550205303,2020-08,2020,08
QN1002,prism_tmax_us_30s_202008_avg_30y.tif,prism_vpdmax_us_30s_202008_avg_30y.tif,28.229413350423176,23.229413350423176,18.740366617838543,1.8740366617838542,0.9746212831313783,17.494103533960573,2020-08,2020,08
QN1003,prism_tmax_us_30s_202008_avg_30y.tif,prism_vpdmax_us_30s_202008_avg_30y.tif,28.0458927154541,23.0458927154541,18.17460060119629,1.817460060119629,0.9997854060209663,17.399936834228715,2020-08,2020,08
QN1091,prism_tmax_us_30s_202008_avg_30y.tif,prism_vpdmax_us_30s_202008_avg_30y.tif,27.933054606119793,22.933054606119793,17.847398546006943,1.7847398546006943,1.0133420561758055,17.341285389747014,2020-08,2020,08
QN1101,prism_tmax_us_30s_202008_avg_30y.tif,prism_vpdmax_us_30s_202008_avg_30y.tif,28.445842742919922,23.445842742919922,19.409395217895508,1.9409395217895509,0.9451562618280835,17.605239246134033,2020-08,2020,08
QN1102,prism_tmax_us_30s_202008_avg_30y.tif,prism_vpdmax_us_30s_202008_avg_30y.tif,28.42985133120888,23.42985133120888,19.289393374794408,1.9289393374794408,0.9543756435321307,17.59979533270356,2020-08,2020,08
QN1103,prism_tmax_us_30s_202008_avg_30y.tif,prism_vpdmax_us_30s_202008_avg_30y.tif,28.30542907714844,23.30542907714844,18.961654663085938,1.8961654663085938,0.9655930528371166,17.53365635650815,2020-08,2020,08
QN1104,prism_tmax_us_30s_202008_avg_30y.tif,prism_vpdmax_us_30s_202008_avg_30y.tif,28.367640904017858,23.367640904017858,19.16878400530134,1.916878400530134,0.9556408222127999,17.565019235707755,2020-08,2020,08
QN1191,prism_tmax_us_30s_202008_avg_30y.tif,prism_vpdmax_us_30s_202008_avg_30y.tif,28.377176920572918,23.377176920572918,19.154708862304688,1.9154708862304688,0.9587008871627829,17.571628762619817,2020-08,2020,08
QN1201,prism_tmax_us_30s_202008_avg_30y.tif,prism_vpdmax_us_30s_202008_avg_30y.tif,28.349257525275736,23.349257525275736,19.16110049977022,1.916110049977022,0.9532257524782624,17.553646737555297,2020-08,2020,08
QN1202,prism_tmax_us_30s_202008_avg_30y.tif,prism_vpdmax_us_30s_202008_avg_30y.tif,28.24757821219308,23.24757821219308,18.870642525809153,1.8870642525809154,0.9647194610257421,17.50051159449659,2020-08,2020,08
QN1203,prism_tmax_us_30s_202008_avg_30y.tif,prism_vpdmax_us_30s_202008_avg_30y.tif,28.120786666870117,23.120786666870117,18.517868041992188,1.8517868041992187,0.9782412422037872,17.433934848301444,2020-08,2020,08
QN1204,prism_tmax_us_30s_202008_avg_30y.tif,prism_vpdmax_us_30s_202008_avg_30y.tif,28.06055391751803,23.06055391751803,18.348968505859375,1.8348968505859375,0.9848469519900316,17.402378923364804,2020-08,2020,08
QN1205,prism_tmax_us_30s_202008_avg_30y.tif,prism_vpdmax_us_30s_202008_avg_30y.tif,28.269626783288043,23.269626783288043,18.926695450492527,1.8926695450492528,0.9629122591615007,17.51230290397479,2020-08,2020,08
QN1206,prism_tmax_us_30s_202008_avg_30y.tif,prism_vpdmax_us_30s_202008_avg_30y.tif,28.406719970703126,23.406719970703126,19.29827880859375,1.929827880859375,0.9494688445266288,17.584751479287636,2020-08,2020,08
QN1301,prism_tmax_us_30s_202008_avg_30y.tif,prism_vpdmax_us_30s_202008_avg_30y.tif,28.262069702148438,23.262069702148438,18.959178379603795,1.8959178379603796,0.9583616851659791,17.506229663388392,2020-08,2020,08
QN1302,prism_tmax_us_30s_202008_avg_30y.tif,prism_vpdmax_us_30s_202008_avg_30y.tif,28.330393473307293,23.330393473307293,19.10843234592014,1.9108432345920139,0.9552291116153555,17.54373814023007,2020-08,2020,08
QN1303,prism_tmax_us_30s_202008_avg_30y.tif,prism_vpdmax_us_30s_202008_avg_30y.tif,28.392355346679686,23.392355346679686,19.257647705078124,1.9257647705078125,0.9510390703183937,17.57722383620251,2020-08,2020,08
QN1304,prism_tmax_us_30s_202008_avg_30y.tif,prism_vpdmax_us_30s_202008_avg_30y.tif,28.278134432705965,23.278134432705965,18.97888322310014,1.897888322310014,0.9591601910962899,17.515652178445123,2020-08,2020,08
QN1305,prism_tmax_us_30s_202008_avg_30y.tif,prism_vpdmax_us_30s_202008_avg_30y.tif,28.101722717285156,23.101722717285156,18.503916422526043,1.8503916422526043,0.9763778567021528,17.42239327838463,2020-08,2020,08
QN1306,prism_tmax_us_30s_202008_avg_30y.tif,prism_vpdmax_us_30s_202008_avg_30y.tif,27.93678685238487,22.93678685238487,18.04240015933388,1.804240015933388,0.9944739262922941,17.33598639833509,2020-08,2020,08
QN1307,prism_tmax_us_30s_202008_avg_30y.tif,prism_vpdmax_us_30s_202008_avg_30y.tif,27.934587266710068,22.934587266710068,18.083850436740452,1.8083850436740452,0.9899563980507349,17.332963844658547,2020-08,2020,08
QN1371,prism_tmax_us_30s_202008_avg_30y.tif,prism_vpdmax_us_30s_202008_avg_30y.tif,28.21929931640625,23.21929931640625,18.81719970703125,1.881719970703125,0.9651988703287069,17.484665868441525,2020-08,2020,08
QN1401,prism_tmax_us_30s_202008_avg_30y.tif,prism_vpdmax_us_30s_202008_avg_30y.tif,27.437376134535846,22.437376134535846,16.87061803481158,1.6870618034811582,1.0281793643877257,17.0660667584862,2020-08,2020,08
QN1402,prism_tmax_us_30s_202008_avg_30y.tif,prism_vpdmax_us_30s_202008_avg_30y.tif,27.385143703884548,22.385143703884548,16.58123270670573,1.658123270670573,1.0485145347963474,17.044442692277503,2020-08,2020,08
QN1403,prism_tmax_us_30s_202008_avg_30y.tif,prism_vpdmax_us_30s_202008_avg_30y.tif,27.460474650065105,22.460474650065105,16.667341444227432,1.6667341444227433,1.052319259082849,17.088650595406474,2020-08,2020,08
QN1491,prism_tmax_us_30s_202008_avg_30y.tif,prism_vpdmax_us_30s_202008_avg_30y.tif,27.461260986328124,22.461260986328124,16.880960083007814,1.6880960083007814,1.0310872562921876,17.080752270970876,2020-08,2020,08
QN8081,prism_tmax_us_30s_202008_avg_30y.tif,prism_vpdmax_us_30s_202008_avg_30y.tif,28.62072988656851,23.62072988656851,20.63280780498798,2.063280780498798,0.8533798561231882,17.668332129140754,2020-08,2020,08
QN8191,prism_tmax_us_30s_202008_avg_30y.tif,prism_vpdmax_us_30s_202008_avg_30y.tif,28.563870239257813,23.563870239257813,20.01641845703125,2.001641845703125,0.9050506441035253,17.656399328791863,2020-08,2020,08
QN8291,prism_tmax_us_30s_202008_avg_30y.tif,prism_vpdmax_us_30s_202008_avg_30y.tif,28.403256225585938,23.403256225585938,19.37554016113281,1.9375540161132812,0.9411414270087055,17.57951486072165,2020-08,2020,08
QN8381,prism_tmax_us_30s_202008_avg_30y.tif,prism_vpdmax_us_30s_202008_avg_30y.tif,27.834609985351562,22.834609985351562,17.77251434326172,1.7772514343261718,1.0042044521050826,17.28187621137163,2020-08,2020,08
QN8491,prism_tmax_us_30s_202008_avg_30y.tif,prism_vpdmax_us_30s_202008_avg_30y.tif,27.58260860958615,22.58260860958615,17.08318926836993,1.7083189268369932,1.030969558993085,17.14951011831963,2020-08,2020,08
QN8492,prism_tmax_us_30s_202008_avg_30y.tif,prism_vpdmax_us_30s_202008_avg_30y.tif,27.474874745244566,22.474874745244566,16.66779625934103,1.6667796259341032,1.0546527690301066,17.0977325187825,2020-08,2020,08
SI0101,prism_tmax_us_30s_202008_avg_30y.tif,prism_vpdmax_us_30s_202008_avg_30y.tif,28.781658935546876,23.781658935546876,20.31897888183594,2.031897888183594,0.9131373299468608,17.783063587124193,2020-08,2020,08
SI0102,prism_tmax_us_30s_202008_avg_30y.tif,prism_vpdmax_us_30s_202008_avg_30y.tif,28.746171431107953,23.746171431107953,20.167090676047586,2.0167090676047588,0.9220484723069577,17.766444251054843,2020-08,2020,08
SI0103,prism_tmax_us_30s_202008_avg_30y.tif,prism_vpdmax_us_30s_202008_avg_30y.tif,28.689011793870193,23.689011793870193,19.998276930588943,1.9998276930588943,0.9288429553835573,17.736704968590136,2020-08,2020,08
SI0104,prism_tmax_us_30s_202008_avg_30y.tif,prism_vpdmax_us_30s_202008_avg_30y.tif,28.987535559612773,23.987535559612773,20.925785230553668,2.0925785230553666,0.8891072885472497,17.89035182669951,2020-08,2020,08
SI0105,prism_tmax_us_30s_202008_avg_30y.tif,prism_vpdmax_us_30s_202008_avg_30y.tif,29.045648484002974,24.045648484002974,21.153628394717263,2.115362839471726,0.8767401064961353,17.918441552282665,2020-08,2020,08
SI0106,prism_tmax_us_30s_202008_avg_30y.tif,prism_vpdmax_us_30s_202008_avg_30y.tif,29.01086660531851,24.01086660531851,21.12139892578125,2.112139892578125,0.8737243585573147,17.897535038128616,2020-08,2020,08
SI0107,prism_tmax_us_30s_202008_avg_30y.tif,prism_vpdmax_us_30s_202008_avg_30y.tif,29.12458740234375,24.12458740234375,21.51818359375,2.151818359375,0.8544857744031162,17.95445396646933,2020-08,2020,08
SI0191,prism_tmax_us_30s_202008_avg_30y.tif,prism_vpdmax_us_30s_202008_avg_30y.tif,28.940799713134766,23.940799713134766,20.80350112915039,2.0803501129150392,0.8929809535219073,17.86537495208152,2020-08,2020,08
SI0201,prism_tmax_us_30s_202008_avg_30y.tif,prism_vpdmax_us_30s_202008_avg_30y.tif,28.490146802819293,23.490146802819293,19.483569601307746,1.9483569601307746,0.9454552406888428,17.630477146789254,2020-08,2020,08
SI0202,prism_tmax_us_30s_202008_avg_30y.tif,prism_vpdmax_us_30s_202008_avg_30y.tif,28.348019409179688,23.348019409179688,19.150909423828125,1.9150909423828124,0.9540305682079442,17.553261018310604,2020-08,2020,08
SI0203,prism_tmax_us_30s_202008_avg_30y.tif,prism_vpdmax_us_30s_202008_avg_30y.tif,29.003293059593023,24.003293059593023,20.97803586028343,2.097803586028343,0.8867037323339231,17.898341731596474,2020-08,2020,08
SI0204,prism_tmax_us_30s_202008_avg_30y.tif,prism_vpdmax_us_30s_202008_avg_30y.tif,29.086568196614582,24.086568196614582,21.420303344726562,2.1420303344726563,0.8574267840238847,17.934052893601855,2020-08,2020,08
SI0291,prism_tmax_us_30s_202008_avg_30y.tif,prism_vpdmax_us_30s_202008_avg_30y.tif,28.962634858630953,23.962634858630953,21.044891357421875,2.1044891357421873,0.872742750196148,17.869801865670837,2020-08,2020,08
SI0301,prism_tmax_us_30s_202008_avg_30y.tif,prism_vpdmax_us_30s_202008_avg_30y.tif,28.46804470486111,23.46804470486111,19.524705674913193,1.9524705674913192,0.937489873684572,17.614814868014285,2020-08,2020,08
SI0302,prism_tmax_us_30s_202008_avg_30y.tif,prism_vpdmax_us_30s_202008_avg_30y.tif,28.671058391702587,23.671058391702587,20.082060715247845,2.0082060715247847,0.9173026032495417,17.721990031172435,2020-08,2020,08
SI0303,prism_tmax_us_30s_202008_avg_30y.tif,prism_vpdmax_us_30s_202008_avg_30y.tif,28.999896240234374,23.999896240234374,21.223043823242186,2.1223043823242187,0.8615945114117443,17.886547811197705,2020-08,2020,08
SI0304,prism_tmax_us_30s_202008_avg_30y.tif,prism_vpdmax_us_30s_202008_avg_30y.tif,28.793098958333335,23.793098958333335,20.642976888020833,2.064297688802083,0.8827637421442884,17.777613260037704,2020-08,2020,08
SI0305,prism_tmax_us_30s_202008_avg_30y.tif,prism_vpdmax_us_30s_202008_avg_30y.tif,29.00729092684659,24.00729092684659,21.308823094223484,2.1308823094223484,0.854341229508143,17.887890058718718,2020-08,2020,08
SI0391,prism_tmax_us_30s_202008_avg_30y.tif,prism_vpdmax_us_30s_202008_avg_30y.tif,28.971372477213542,23.971372477213542,21.136405436197915,2.1136405436197916,0.865153556614676,17.871773542329645,2020-08,2020,08
SI9561,prism_tmax_us_30s_202008_avg_30y.tif,prism_vpdmax_us_30s_202008_avg_30y.tif,28.402313232421875,23.402313232421875,19.270455496651785,1.9270455496651784,0.9514862153273125,17.583045685406837,2020-08,2020,08
SI9591,prism_tmax_us_30s_202008_avg_30y.tif,prism_vpdmax_us_30s_202008_avg_30y.tif,28.003857421875,23.003857421875,18.22906036376953,1.8229060363769531,0.9871871310063995,17.37115170068864,2020-08,2020,08
SI9592,prism_tmax_us_30s_202008_avg_30y.tif,prism_vpdmax_us_30s_202008_avg_30y.tif,28.22549819946289,23.22549819946289,18.83328628540039,1.883328628540039,0.9646559978480298,17.487967286249734,2020-08,2020,08
SI9593,prism_tmax_us_30s_202008_avg_30y.tif,prism_vpdmax_us_30s_202008_avg_30y.tif,28.31445566813151,23.31445566813151,19.183682759602863,1.9183682759602863,0.9449493761085863,17.53066146864124,2020-08,2020,08
BK0101,prism_tmax_us_30s_202009_avg_30y.tif,prism_vpdmax_us_30s_202009_avg_30y.tif,25.1048583984375,20.1048583984375,15.555641174316406,1.5555641174316406,0.7979381546301545,15.653044406683712,2020-09,2020,09
BK0102,prism_tmax_us_30s_202009_avg_30y.tif,prism_vpdmax_us_30s_202009_avg_30y.tif,25.135921902126736,20.135921902126736,15.56704372829861,1.556704372829861,0.801323606739349,15.671987895954421,2020-09,2020,09
BK0103,prism_tmax_us_30s_202009_avg_30y.tif,prism_vpdmax_us_30s_202009_avg_30y.tif,25.09142848423549,20.09142848423549,15.436684744698661,1.543668474469866,0.8078795178022184,15.649336601057794,2020-09,2020,09
BK0104,prism_tmax_us_30s_202009_avg_30y.tif,prism_vpdmax_us_30s_202009_avg_30y.tif,25.0425048828125,20.0425048828125,15.357478841145833,1.5357478841145833,0.8086928905436646,15.621916574538346,2020-09,2020,09
BK0201,prism_tmax_us_30s_202009_avg_30y.tif,prism_vpdmax_us_30s_202009_avg_30y.tif,25.131074905395508,20.131074905395508,15.563300132751465,1.5563300132751465,0.8009912964561245,15.669109050866508,2020-09,2020,09
BK0202,prism_tmax_us_30s_202009_avg_30y.tif,prism_vpdmax_us_30s_202009_avg_30y.tif,25.11217803955078,20.11217803955078,15.49219970703125,1.5492199707031251,0.8053480308110783,15.660106724534044,2020-09,2020,09
BK0203,prism_tmax_us_30s_202009_avg_30y.tif,prism_vpdmax_us_30s_202009_avg_30y.tif,25.062198215060764,20.062198215060764,15.37496609157986,1.537496609157986,0.8098027886478454,15.633518883878056,2020-09,2020,09
BK0204,prism_tmax_us_30s_202009_avg_30y.tif,prism_vpdmax_us_30s_202009_avg_30y.tif,25.00171661376953,20.00171661376953,15.2552490234375,1.52552490234375,0.8130048534957675,15.60048422743116,2020-09,2020,09
BK0261,prism_tmax_us_30s_202009_avg_30y.tif,prism_vpdmax_us_30s_202009_avg_30y.tif,25.13765607561384,20.13765607561384,15.535527910505023,1.5535527910505023,0.8047280680271278,15.674309125607708,2020-09,2020,09
BK0301,prism_tmax_us_30s_202009_avg_30y.tif,prism_vpdmax_us_30s_202009_avg_30y.tif,24.980692545572918,19.980692545572918,15.197282155354818,1.5197282155354819,0.8157598341379739,15.589646288156066,2020-09,2020,09
BK0302,prism_tmax_us_30s_202009_avg_30y.tif,prism_vpdmax_us_30s_202009_avg_30y.tif,24.93963623046875,19.93963623046875,15.09506334577288,1.5095063345772881,0.8200517699492376,15.56805408826583,2020-09,2020,09
BK0401,prism_tmax_us_30s_202009_avg_30y.tif,prism_vpdmax_us_30s_202009_avg_30y.tif,24.95026092529297,19.95026092529297,15.137739562988282,1.5137739562988282,0.8173174557393437,15.573003704746673,2020-09,2020,09
BK0402,prism_tmax_us_30s_202009_avg_30y.tif,prism_vpdmax_us_30s_202009_avg_30y.tif,24.89862976074219,19.89862976074219,15.055059814453125,1.5055059814453124,0.8181425238723778,15.544053086222664,2020-09,2020,09
BK0471,prism_tmax_us_30s_202009_avg_30y.tif,prism_vpdmax_us_30s_202009_avg_30y.tif,24.855125427246094,19.855125427246094,15.001874923706055,1.5001874923706056,0.8172057729294977,15.519017986009827,2020-09,2020,09
BK0501,prism_tmax_us_30s_202009_avg_30y.tif,prism_vpdmax_us_30s_202009_avg_30y.tif,24.862150573730467,19.862150573730467,14.999330139160156,1.4999330139160156,0.8184693590522147,15.523497833412694,2020-09,2020,09
BK0502,prism_tmax_us_30s_202009_avg_30y.tif,prism_vpdmax_us_30s_202009_avg_30y.tif,24.867630004882812,19.867630004882812,14.947419738769531,1.4947419738769532,0.8244477434961324,15.528954175962532,2020-09,2020,09
BK0503,prism_tmax_us_30s_202009_avg_30y.tif,prism_vpdmax_us_30s_202009_avg_30y.tif,24.81000518798828,19.81000518798828,14.747036933898926,1.4747036933898925,0.8362175512922603,15.500906439247212,2020-09,2020,09
BK0504,prism_tmax_us_30s_202009_avg_30y.tif,prism_vpdmax_us_30s_202009_avg_30y.tif,24.71934647993608,19.71934647993608,14.47492703524503,1.4474927035245029,0.8504722810739265,15.455105060585808,2020-09,2020,09
BK0505,prism_tmax_us_30s_202009_avg_30y.tif,prism_vpdmax_us_30s_202009_avg_30y.tif,24.821499633789063,19.821499633789063,14.81273956298828,1.481273956298828,0.8312945425986689,15.505489047599674,2020-09,2020,09
BK0571,prism_tmax_us_30s_202009_avg_30y.tif,prism_vpdmax_us_30s_202009_avg_30y.tif,24.834513346354168,19.834513346354168,14.982616424560547,1.4982616424560546,0.8161730741358928,15.506925085518217,2020-09,2020,09
BK0601,prism_tmax_us_30s_202009_avg_30y.tif,prism_vpdmax_us_30s_202009_avg_30y.tif,25.12677001953125,20.12677001953125,15.490404914407168,1.5490404914407168,0.8076533409971329,15.66928636408609,2020-09,2020,09
BK0602,prism_tmax_us_30s_202009_avg_30y.tif,prism_vpdmax_us_30s_202009_avg_30y.tif,24.952545166015625,19.952545166015625,15.142017711292613,1.5142017711292612,0.817219407354,15.574260336220979,2020-09,2020,09
BK0701,prism_tmax_us_30s_202009_avg_30y.tif,prism_vpdmax_us_30s_202009_avg_30y.tif,24.933955601283483,19.933955601283483,15.054627554757255,1.5054627554757256,0.8232759084344088,15.566100257942455,2020-09,2020,09
BK0702,prism_tmax_us_30s_202009_avg_30y.tif,prism_vpdmax_us_30s_202009_avg_30y.tif,25.048073216488486,20.048073216488486,15.252663060238486,1.5252663060238487,0.8199824418691599,15.62951061340355,2020-09,2020,09
BK0703,prism_tmax_us_30s_202009_avg_30y.tif,prism_vpdmax_us_30s_202009_avg_30y.tif,25.054162979125977,20.054162979125977,15.243949890136719,1.5243949890136719,0.8217376709484459,15.633653313847166,2020-09,2020,09
BK0771,prism_tmax_us_30s_202009_avg_30y.tif,prism_vpdmax_us_30s_202009_avg_30y.tif,24.978374481201172,19.978374481201172,15.091775894165039,1.5091775894165038,0.8259753007260784,15.592346624026412,2020-09,2020,09
BK0801,prism_tmax_us_30s_202009_avg_30y.tif,prism_vpdmax_us_30s_202009_avg_30y.tif,24.89513397216797,19.89513397216797,15.047733306884766,1.5047733306884765,0.8183719901434012,15.542161154345594,2020-09,2020,09
BK0802,prism_tmax_us_30s_202009_avg_30y.tif,prism_vpdmax_us_30s_202009_avg_30y.tif,24.880706787109375,19.880706787109375,14.9847412109375,1.49847412109375,0.8225955558871854,15.535640801754678,2020-09,2020,09
BK0891,prism_tmax_us_30s_202009_avg_30y.tif,prism_vpdmax_us_30s_202009_avg_30y.tif,24.886699676513672,19.886699676513672,14.960799217224121,1.496079921722412,0.82585175722734,15.540318457173596,2020-09,2020,09
BK0901,prism_tmax_us_30s_202009_avg_30y.tif,prism_vpdmax_us_30s_202009_avg_30y.tif,24.858714512416295,19.858714512416295,14.945057460239955,1.4945057460239954,0.8234030154532552,15.523488513613168,2020-09,2020,09
BK0902,prism_tmax_us_30s_202009_avg_30y.tif,prism_vpdmax_us_30s_202009_avg_30y.tif,24.887059020996094,19.887059020996094,14.953950500488281,1.495395050048828,0.8265883249925401,15.540811676626852,2020-09,2020,09
BK1001,prism_tmax_us_30s_202009_avg_30y.tif,prism_vpdmax_us_30s_202009_avg_30y.tif,24.971628824869793,19.971628824869793,15.0223388671875,1.50223388671875,0.831943915587603,15.5908675025271,2020-09,2020,09
BK1002,prism_tmax_us_30s_202009_avg_30y.tif,prism_vpdmax_us_30s_202009_avg_30y.tif,24.973516290838067,19.973516290838067,15.001728404651988,1.5001728404651988,0.8342777600653841,15.592854896610879,2020-09,2020,09
BK1061,prism_tmax_us_30s_202009_avg_30y.tif,prism_vpdmax_us_30s_202009_avg_30y.tif,24.797284807477677,19.797284807477677,14.515684945242745,1.4515684945242744,0.8575310050215772,15.50207017081332,2020-09,2020,09
BK1091,prism_tmax_us_30s_202009_avg_30y.tif,prism_vpdmax_us_30s_202009_avg_30y.tif,24.804112025669642,19.804112025669642,14.539786202566964,1.4539786202566964,0.8560984809037726,15.505378221549869,2020-09,2020,09
BK1101,prism_tmax_us_30s_202009_avg_30y.tif,prism_vpdmax_us_30s_202009_avg_30y.tif,24.727164713541665,19.727164713541665,14.351526896158854,1.4351526896158853,0.8639271094818981,15.46482574660451,2020-09,2020,09
BK1102,prism_tmax_us_30s_202009_avg_30y.tif,prism_vpdmax_us_30s_202009_avg_30y.tif,24.653698391384548,19.653698391384548,14.155854966905382,1.4155854966905381,0.8730372573146967,15.426750630039713,2020-09,2020,09
BK1103,prism_tmax_us_30s_202009_avg_30y.tif,prism_vpdmax_us_30s_202009_avg_30y.tif,24.604808044433593,19.604808044433593,14.046357727050781,1.404635772705078,0.8770511042727995,15.400607245173056,2020-09,2020,09
BK1201,prism_tmax_us_30s_202009_avg_30y.tif,prism_vpdmax_us_30s_202009_avg_30y.tif,25.02301243373326,20.02301243373326,15.154599870954241,1.5154599870954242,0.8261543221571774,15.617726698534527,2020-09,2020,09
BK1202,prism_tmax_us_30s_202009_avg_30y.tif,prism_vpdmax_us_30s_202009_avg_30y.tif,24.917930603027344,19.917930603027344,14.858998616536459,1.4858998616536458,0.8405285267709746,15.563794362937497,2020-09,2020,09
BK1203,prism_tmax_us_30s_202009_avg_30y.tif,prism_vpdmax_us_30s_202009_avg_30y.tif,24.91374969482422,19.91374969482422,14.878968811035156,1.4878968811035156,0.8379290882103017,15.560402208631979,2020-09,2020,09
BK1204,prism_tmax_us_30s_202009_avg_30y.tif,prism_vpdmax_us_30s_202009_avg_30y.tif,24.753579711914064,19.753579711914064,14.412168884277344,1.4412168884277343,0.8616329672259133,15.478901452775057,2020-09,2020,09
BK1301,prism_tmax_us_30s_202009_avg_30y.tif,prism_vpdmax_us_30s_202009_avg_30y.tif,24.506617228190105,19.506617228190105,13.738274892171225,1.3738274892171225,0.8939849699833291,15.351588061587236,2020-09,2020,09
BK1302,prism_tmax_us_30s_202009_avg_30y.tif,prism_vpdmax_us_30s_202009_avg_30y.tif,24.4252103917739,19.4252103917739,13.463651769301471,1.346365176930147,0.9100004585394132,15.311724472341789,2020-09,2020,09
BK1303,prism_tmax_us_30s_202009_avg_30y.tif,prism_vpdmax_us_30s_202009_avg_30y.tif,24.458948771158855,19.458948771158855,13.584083557128906,1.3584083557128905,0.9026951725313594,15.327983156051895,2020-09,2020,09
BK1391,prism_tmax_us_30s_202009_avg_30y.tif,prism_vpdmax_us_30s_202009_avg_30y.tif,24.5027338663737,19.5027338663737,13.716932932535807,1.3716932932535806,0.8955719650317353,15.350009884491358,2020-09,2020,09
BK1401,prism_tmax_us_30s_202009_avg_30y.tif,prism_vpdmax_us_30s_202009_avg_30y.tif,24.844256083170574,19.844256083170574,14.694142659505209,1.469414265950521,0.8464184594688147,15.524335653728958,2020-09,2020,09
BK1402,prism_tmax_us_30s_202009_avg_30y.tif,prism_vpdmax_us_30s_202009_avg_30y.tif,24.8508994362571,19.8508994362571,14.693245627663352,1.4693245627663352,0.847461856831071,15.528512490092385,2020-09,2020,09
BK1403,prism_tmax_us_30s_202009_avg_30y.tif,prism_vpdmax_us_30s_202009_avg_30y.tif,24.71814434344952,19.71814434344952,14.30801508976863,1.4308015089768629,0.8669921029889818,15.460915739210547,2020-09,2020,09
BK1501,prism_tmax_us_30s_202009_avg_30y.tif,prism_vpdmax_us_30s_202009_avg_30y.tif,24.589275653545673,19.589275653545673,14.026099571814903,1.4026099571814903,0.8768772535034219,15.39173205618724,2020-09,2020,09
BK1502,prism_tmax_us_30s_202009_avg_30y.tif,prism_vpdmax_us_30s_202009_avg_30y.tif,24.60369873046875,19.60369873046875,14.068128967285157,1.4068128967285156,0.874716819875234,15.399060890386746,2020-09,2020,09
BK1503,prism_tmax_us_30s_202009_avg_30y.tif,prism_vpdmax_us_30s_202009_avg_30y.tif,24.4790283203125,19.4790283203125,13.691545104980468,1.369154510498047,0.8947729247880445,15.336254817058888,2020-09,2020,09
BK1601,prism_tmax_us_30s_202009_avg_30y.tif,prism_vpdmax_us_30s_202009_avg_30y.tif,24.876268174913193,19.876268174913193,14.991633097330729,1.4991633097330728,0.8212681089624074,15.532602421998005,2020-09,2020,09
BK1602,prism_tmax_us_30s_202009_avg_30y.tif,prism_vpdmax_us_30s_202009_avg_30y.tif,24.87000898881392,19.87000898881392,14.919835870916193,1.4919835870916194,0.8275480414206748,15.531521476935817,2020-09,2020,09
BK1701,prism_tmax_us_30s_202009_avg_30y.tif,prism_vpdmax_us_30s_202009_avg_30y.tif,24.8917236328125,19.8917236328125,14.865466647677952,1.4865466647677952,0.8361078629801337,15.54719768995588,2020-09,2020,09
BK1702,prism_tmax_us_30s_202009_avg_30y.tif,prism_vpdmax_us_30s_202009_avg_30y.tif,24.814554850260418,19.814554850260418,14.598520914713541,1.4598520914713542,0.8517210367109898,15.509578967525075,2020-09,2020,09
BK1703,prism_tmax_us_30s_202009_avg_30y.tif,prism_vpdmax_us_30s_202009_avg_30y.tif,24.865997314453125,19.865997314453125,14.80024441805753,1.4800244418057529,0.8389306483539547,15.533720222098024,2020-09,2020,09
BK1704,prism_tmax_us_30s_202009_avg_30y.tif,prism_vpdmax_us_30s_202009_avg_30y.tif,24.86688232421875,19.86688232421875,14.845528342507102,1.4845528342507102,0.8345294344388292,15.53249234556649,2020-09,2020,09
BK1771,prism_tmax_us_30s_202009_avg_30y.tif,prism_vpdmax_us_30s_202009_avg_30y.tif,24.872875213623047,19.872875213623047,14.781349182128906,1.4781349182128907,0.8418087069752562,15.538751067965542,2020-09,2020,09
BK1801,prism_tmax_us_30s_202009_avg_30y.tif,prism_vpdmax_us_30s_202009_avg_30y.tif,24.714375215418197,19.714375215418197,14.301588170668659,1.4301588170668658,0.8670975528344051,15.458820085406039,2020-09,2020,09
BK1802,prism_tmax_us_30s_202009_avg_30y.tif,prism_vpdmax_us_30s_202009_avg_30y.tif,24.604787190755207,19.604787190755207,14.08288319905599,1.408288319905599,0.8733956025716867,15.399158808968874,2020-09,2020,09
BK1803,prism_tmax_us_30s_202009_avg_30y.tif,prism_vpdmax_us_30s_202009_avg_30y.tif,24.73699951171875,19.73699951171875,14.470989026521382,1.4470989026521381,0.8533839278339255,15.466258606783263,2020-09,2020,09
BK1891,prism_tmax_us_30s_202009_avg_30y.tif,prism_vpdmax_us_30s_202009_avg_30y.tif,24.457595825195312,19.457595825195312,13.643565368652343,1.3643565368652344,0.8965568293413817,15.324803666816903,2020-09,2020,09
BK1892,prism_tmax_us_30s_202009_avg_30y.tif,prism_vpdmax_us_30s_202009_avg_30y.tif,24.576683044433594,19.576683044433594,14.062432607014975,1.4062432607014974,0.8714619713588265,15.382463840937865,2020-09,2020,09
BK1893,prism_tmax_us_30s_202009_avg_30y.tif,prism_vpdmax_us_30s_202009_avg_30y.tif,24.63079833984375,19.63079833984375,14.21692148844401,1.421692148844401,0.8636795745150261,15.41008873147581,2020-09,2020,09
BK5591,prism_tmax_us_30s_202009_avg_30y.tif,prism_vpdmax_us_30s_202009_avg_30y.tif,24.862566630045574,19.862566630045574,14.93954086303711,1.4939540863037108,0.8245080619700755,15.526106947590078,2020-09,2020,09
BK5691,prism_tmax_us_30s_202009_avg_30y.tif,prism_vpdmax_us_30s_202009_avg_30y.tif,24.394679019325658,19.394679019325658,13.54146375154194,1.354146375154194,0.8979392159795205,15.289673115837598,2020-09,2020,09
BK5692,prism_tmax_us_30s_202009_avg_30y.tif,prism_vpdmax_us_30s_202009_avg_30y.tif,24.401611328125,19.401611328125,13.639088350183824,1.3639088350183823,0.8891479390262198,15.290148763084177,2020-09,2020,09
BK5693,prism_tmax_us_30s_202009_avg_30y.tif,prism_vpdmax_us_30s_202009_avg_30y.tif,24.655710856119793,19.655710856119793,14.31671142578125,1.431671142578125,0.8572375064161899,15.421682395441483,2020-09,2020,09
BX0101,prism_tmax_us_30s_202009_avg_30y.tif,prism_vpdmax_us_30s_202009_avg_30y.tif,25.081390380859375,20.081390380859375,15.805992713341347,1.5805992713341346,0.7694889338141588,15.628557496936228,2020-09,2020,09
BX0102,prism_tmax_us_30s_202009_avg_30y.tif,prism_vpdmax_us_30s_202009_avg_30y.tif,25.004031711154514,20.004031711154514,15.62192111545139,1.562192111545139,0.7766727980458104,15.587518389856612,2020-09,2020,09
BX0201,prism_tmax_us_30s_202009_avg_30y.tif,prism_vpdmax_us_30s_202009_avg_30y.tif,24.992420741489955,19.992420741489955,15.590693882533483,1.5590693882533482,0.7781150386131803,15.581501770599782,2020-09,2020,09
BX0202,prism_tmax_us_30s_202009_avg_30y.tif,prism_vpdmax_us_30s_202009_avg_30y.tif,24.97727394104004,19.97727394104004,15.570075035095215,1.5570075035095214,0.7779862787170717,15.57286293210551,2020-09,2020,09
BX0291,prism_tmax_us_30s_202009_avg_30y.tif,prism_vpdmax_us_30s_202009_avg_30y.tif,25.092100143432617,20.092100143432617,15.90007495880127,1.590007495880127,0.7616382004533151,15.631544594104446,2020-09,2020,09
BX0301,prism_tmax_us_30s_202009_avg_30y.tif,prism_vpdmax_us_30s_202009_avg_30y.tif,24.953299386160715,19.953299386160715,15.495242527553014,1.5495242527553015,0.782005818348527,15.560849038564095,2020-09,2020,09
BX0302,prism_tmax_us_30s_202009_avg_30y.tif,prism_vpdmax_us_30s_202009_avg_30y.tif,24.929115295410156,19.929115295410156,15.360582987467447,1.5360582987467448,0.7919823415416904,15.551057432723441,2020-09,2020,09
BX0303,prism_tmax_us_30s_202009_avg_30y.tif,prism_vpdmax_us_30s_202009_avg_30y.tif,24.93038558959961,19.93038558959961,15.367111206054688,1.5367111206054687,0.7915126919146971,15.551593117225453,2020-09,2020,09
BX0391,prism_tmax_us_30s_202009_avg_30y.tif,prism_vpdmax_us_30s_202009_avg_30y.tif,24.918780517578124,19.918780517578124,15.296319580078125,1.5296319580078124,0.7969189096746665,15.54713768496894,2020-09,2020,09
BX0401,prism_tmax_us_30s_202009_avg_30y.tif,prism_vpdmax_us_30s_202009_avg_30y.tif,25.01490020751953,20.01490020751953,15.620840454101563,1.5620840454101563,0.7783548443046071,15.594341871475283,2020-09,2020,09
BX0402,prism_tmax_us_30s_202009_avg_30y.tif,prism_vpdmax_us_30s_202009_avg_30y.tif,24.97925059000651,19.97925059000651,15.541066487630209,1.5541066487630208,0.7811729094558693,15.575236037949848,2020-09,2020,09
BX0403,prism_tmax_us_30s_202009_avg_30y.tif,prism_vpdmax_us_30s_202009_avg_30y.tif,24.922515869140625,19.922515869140625,15.398433685302734,1.5398433685302735,0.7872458590438829,15.54545412040698,2020-09,2020,09
BX0491,prism_tmax_us_30s_202009_avg_30y.tif,prism_vpdmax_us_30s_202009_avg_30y.tif,25.043233235677082,20.043233235677082,15.684700012207031,1.5684700012207031,0.7760764446486119,15.609511287375808,2020-09,2020,09
BX0492,prism_tmax_us_30s_202009_avg_30y.tif,prism_vpdmax_us_30s_202009_avg_30y.tif,24.929950714111328,19.929950714111328,15.392399787902832,1.5392399787902833,0.7889211247003329,15.550328056908352,2020-09,2020,09
BX0501,prism_tmax_us_30s_202009_avg_30y.tif,prism_vpdmax_us_30s_202009_avg_30y.tif,24.90290069580078,19.90290069580078,15.32333755493164,1.532333755493164,0.7919296383945529,15.536173042408102,2020-09,2020,09
BX0502,prism_tmax_us_30s_202009_avg_30y.tif,prism_vpdmax_us_30s_202009_avg_30y.tif,24.886578030056423,19.886578030056423,15.231999715169271,1.523199971516927,0.7987142073326037,15.529584426523703,2020-09,2020,09
BX0503,prism_tmax_us_30s_202009_avg_30y.tif,prism_vpdmax_us_30s_202009_avg_30y.tif,24.851779174804687,19.851779174804687,15.105119323730468,1.510511932373047,0.8064008048502322,15.512874308420397,2020-09,2020,09
BX0601,prism_tmax_us_30s_202009_avg_30y.tif,prism_vpdmax_us_30s_202009_avg_30y.tif,24.932586669921875,19.932586669921875,15.278524398803711,1.527852439880371,0.800688790999609,15.556447336708548,2020-09,2020,09
BX0602,prism_tmax_us_30s_202009_avg_30y.tif,prism_vpdmax_us_30s_202009_avg_30y.tif,24.90243911743164,19.90243911743164,15.197099685668945,1.5197099685668944,0.8044869648042976,15.540846356751826,2020-09,2020,09
BX0603,prism_tmax_us_30s_202009_avg_30y.tif,prism_vpdmax_us_30s_202009_avg_30y.tif,24.865042550223215,19.865042550223215,15.094456263950892,1.5094456263950893,0.8093722681504787,15.5215624273597,2020-09,2020,09
BX0701,prism_tmax_us_30s_202009_avg_30y.tif,prism_vpdmax_us_30s_202009_avg_30y.tif,24.91677686903212,19.91677686903212,15.238288031684029,1.5238288031684029,0.8024333322895076,15.548168784330986,2020-09,2020,09
BX0702,prism_tmax_us_30s_202009_avg_30y.tif,prism_vpdmax_us_30s_202009_avg_30y.tif,24.843034532335068,19.843034532335068,15.060509575737846,1.5060509575737846,0.809606444085891,15.509175912359737,2020-09,2020,09
BX0703,prism_tmax_us_30s_202009_avg_30y.tif,prism_vpdmax_us_30s_202009_avg_30y.tif,24.833263397216797,19.833263397216797,15.017162322998047,1.5017162322998048,0.8125391795011097,15.504788243765859,2020-09,2020,09
BX0801,prism_tmax_us_30s_202009_avg_30y.tif,prism_vpdmax_us_30s_202009_avg_30y.tif,24.908172607421875,19.908172607421875,15.193341936383929,1.5193341936383928,0.8056883961113426,15.54456940807996,2020-09,2020,09
BX0802,prism_tmax_us_30s_202009_avg_30y.tif,prism_vpdmax_us_30s_202009_avg_30y.tif,24.979532877604168,19.979532877604168,15.366799672444662,1.5366799672444662,0.7986404054805645,15.582260820955424,2020-09,2020,09
BX0803,prism_tmax_us_30s_202009_avg_30y.tif,prism_vpdmax_us_30s_202009_avg_30y.tif,24.96951633029514,19.96951633029514,15.399649726019966,1.5399649726019966,0.7939075408253746,15.574721422821716,2020-09,2020,09
BX0901,prism_tmax_us_30s_202009_avg_30y.tif,prism_vpdmax_us_30s_202009_avg_30y.tif,24.959963711825285,19.959963711825285,15.410799893465908,1.5410799893465907,0.7914124555022535,15.568324519617322,2020-09,2020,09
BX0902,prism_tmax_us_30s_202009_avg_30y.tif,prism_vpdmax_us_30s_202009_avg_30y.tif,24.972920227050782,19.972920227050782,15.432939147949218,1.5432939147949218,0.7910705327506098,15.575536488108781,2020-09,2020,09
BX0903,prism_tmax_us_30s_202009_avg_30y.tif,prism_vpdmax_us_30s_202009_avg_30y.tif,24.976577758789062,19.976577758789062,15.382235935756139,1.538223593575614,0.7966695446911527,15.579810720297019,2020-09,2020,09
BX0904,prism_tmax_us_30s_202009_avg_30y.tif,prism_vpdmax_us_30s_202009_avg_30y.tif,24.93694814046224,19.93694814046224,15.289265950520834,1.5289265950520834,0.8002437164044096,15.558745376189021,2020-09,2020,09
BX0991,prism_tmax_us_30s_202009_avg_30y.tif,prism_vpdmax_us_30s_202009_avg_30y.tif,24.969100952148438,19.969100952148438,15.462671552385602,1.5462671552385603,0.7875453335845288,15.571985555966883,2020-09,2020,09
BX1001,prism_tmax_us_30s_202009_avg_30y.tif,prism_vpdmax_us_30s_202009_avg_30y.tif,24.97748565673828,19.97748565673828,15.323649406433105,1.5323649406433106,0.8026594491287713,15.582679530878211,2020-09,2020,09
BX1002,prism_tmax_us_30s_202009_avg_30y.tif,prism_vpdmax_us_30s_202009_avg_30y.tif,24.960507479580965,19.960507479580965,15.17284462668679,1.517284462668679,0.8152865212508749,15.578015343774,2020-09,2020,09
BX1003,prism_tmax_us_30s_202009_avg_30y.tif,prism_vpdmax_us_30s_202009_avg_30y.tif,24.905363464355467,19.905363464355467,15.032835388183594,1.5032835388183594,0.82133448571666,15.549125537176197,2020-09,2020,09
BX1004,prism_tmax_us_30s_202009_avg_30y.tif,prism_vpdmax_us_30s_202009_avg_30y.tif,24.991327459161933,19.991327459161933,15.2299541126598,1.52299541126598,0.8140308367008238,15.594996788168238,2020-09,2020,09
BX1071,prism_tmax_us_30s_202009_avg_30y.tif,prism_vpdmax_us_30s_202009_avg_30y.tif,24.76061503092448,19.76061503092448,14.5835329691569,1.45835329691569,0.8455015795299863,15.476550843289463,2020-09,2020,09
BX1091,prism_tmax_us_30s_202009_avg_30y.tif,prism_vpdmax_us_30s_202009_avg_30y.tif,24.992687225341797,19.992687225341797,15.287386894226074,1.5287386894226074,0.8084842944321784,15.593587984480644,2020-09,2020,09
BX1101,prism_tmax_us_30s_202009_avg_30y.tif,prism_vpdmax_us_30s_202009_avg_30y.tif,24.91063690185547,19.91063690185547,15.2005615234375,1.52005615234375,0.8053213891454933,15.545822429286227,2020-09,2020,09
BX1102,prism_tmax_us_30s_202009_avg_30y.tif,prism_vpdmax_us_30s_202009_avg_30y.tif,24.92639923095703,19.92639923095703,15.188009643554688,1.5188009643554687,0.8088480706760428,15.55614565572832,2020-09,2020,09
BX1103,prism_tmax_us_30s_202009_avg_30y.tif,prism_vpdmax_us_30s_202009_avg_30y.tif,24.89145452325994,19.89145452325994,15.069298484108664,1.5069298484108664,0.815685954761761,15.539019294909759,2020-09,2020,09
BX1104,prism_tmax_us_30s_202009_avg_30y.tif,prism_vpdmax_us_30s_202009_avg_30y.tif,24.857757568359375,19.857757568359375,15.038185119628906,1.5038185119628906,0.8139527949363385,15.519231989669747,2020-09,2020,09
BX1161,prism_tmax_us_30s_202009_avg_30y.tif,prism_vpdmax_us_30s_202009_avg_30y.tif,24.981785365513392,19.981785365513392,15.281700134277344,1.5281700134277343,0.8074760572403874,15.587010392741563,2020-09,2020,09
BX1201,prism_tmax_us_30s_202009_avg_30y.tif,prism_vpdmax_us_30s_202009_avg_30y.tif,24.785481770833332,19.785481770833332,14.893699645996094,1.4893699645996095,0.8180402903748032,15.479857998179796,2020-09,2020,09
BX1202,prism_tmax_us_30s_202009_avg_30y.tif,prism_vpdmax_us_30s_202009_avg_30y.tif,24.896318708147323,19.896318708147323,15.039295014880953,1.5039295014880953,0.8193863397950483,15.543231539058985,2020-09,2020,09
BX1203,prism_tmax_us_30s_202009_avg_30y.tif,prism_vpdmax_us_30s_202009_avg_30y.tif,24.732792445591517,19.732792445591517,14.795428684779576,1.4795428684779577,0.8203396907266629,15.450886815105967,2020-09,2020,09
BX1271,prism_tmax_us_30s_202009_avg_30y.tif,prism_vpdmax_us_30s_202009_avg_30y.tif,24.74385506766183,19.74385506766183,14.846627371651786,1.4846627371651786,0.8167985491488581,15.455767653179757,2020-09,2020,09
BX2691,prism_tmax_us_30s_202009_avg_30y.tif,prism_vpdmax_us_30s_202009_avg_30y.tif,24.832138959099264,19.832138959099264,15.056423411649817,1.5056423411649817,0.8084517807389029,15.50254433963967,2020-09,2020,09
BX2791,prism_tmax_us_30s_202009_avg_30y.tif,prism_vpdmax_us_30s_202009_avg_30y.tif,24.89331524188702,19.89331524188702,15.146013700045073,1.5146013700045073,0.8082822001229153,15.537164646798244,2020-09,2020,09
BX2891,prism_tmax_us_30s_202009_avg_30y.tif,prism_vpdmax_us_30s_202009_avg_30y.tif,24.899782017299106,19.899782017299106,14.988991001674107,1.4988991001674106,0.8249152820660699,15.547368109660558,2020-09,2020,09
MN0101,prism_tmax_us_30s_202009_avg_30y.tif,prism_vpdmax_us_30s_202009_avg_30y.tif,25.189920043945314,20.189920043945314,15.712689208984376,1.5712689208984376,0.7946442746514804,15.699979864855022,2020-09,2020,09
MN0102,prism_tmax_us_30s_202009_avg_30y.tif,prism_vpdmax_us_30s_202009_avg_30y.tif,25.20600128173828,20.20600128173828,15.774937629699707,1.5774937629699708,0.7907721871136455,15.707576196281266,2020-09,2020,09
MN0191,prism_tmax_us_30s_202009_avg_30y.tif,prism_vpdmax_us_30s_202009_avg_30y.tif,25.179890950520832,20.179890950520832,15.657201131184896,1.5657201131184897,0.7987268176629334,15.695897808286844,2020-09,2020,09
MN0201,prism_tmax_us_30s_202009_avg_30y.tif,prism_vpdmax_us_30s_202009_avg_30y.tif,25.171798706054688,20.171798706054688,15.708849589029947,1.5708849589029947,0.7923794558549351,15.688814992483994,2020-09,2020,09
MN0202,prism_tmax_us_30s_202009_avg_30y.tif,prism_vpdmax_us_30s_202009_avg_30y.tif,25.14492416381836,20.14492416381836,15.682449340820312,1.5682449340820312,0.7910960253486614,15.673072738847033,2020-09,2020,09
MN0203,prism_tmax_us_30s_202009_avg_30y.tif,prism_vpdmax_us_30s_202009_avg_30y.tif,25.207685682508682,20.207685682508682,15.794487847222221,1.579448784722222,0.7890637187825154,15.707859823463949,2020-09,2020,09
MN0301,prism_tmax_us_30s_202009_avg_30y.tif,prism_vpdmax_us_30s_202009_avg_30y.tif,25.17004903157552,20.17004903157552,15.636299133300781,1.5636299133300782,0.7993788902873573,15.69057370478625,2020-09,2020,09
MN0302,prism_tmax_us_30s_202009_avg_30y.tif,prism_vpdmax_us_30s_202009_avg_30y.tif,25.154756818498885,20.154756818498885,15.595999581473214,1.5595999581473214,0.8011758243172444,15.682609215045543,2020-09,2020,09
MN0303,prism_tmax_us_30s_202009_avg_30y.tif,prism_vpdmax_us_30s_202009_avg_30y.tif,25.16461944580078,20.16461944580078,15.64008026123047,1.564008026123047,0.7982077194894186,15.687034859528383,2020-09,2020,09
MN0401,prism_tmax_us_30s_202009_avg_30y.tif,prism_vpdmax_us_30s_202009_avg_30y.tif,25.177541097005207,20.177541097005207,15.827832539876303,1.5827832539876303,0.7813202404715376,15.687724656507266,2020-09,2020,09
MN0402,prism_tmax_us_30s_202009_avg_30y.tif,prism_vpdmax_us_30s_202009_avg_30y.tif,25.138925552368164,20.138925552368164,15.862337112426758,1.5862337112426759,0.7722322796734478,15.662258074104413,2020-09,2020,09
MN0501,prism_tmax_us_30s_202009_avg_30y.tif,prism_vpdmax_us_30s_202009_avg_30y.tif,25.120498657226562,20.120498657226562,15.688899993896484,1.5688899993896483,0.7868899848049171,15.657570502675792,2020-09,2020,09
MN0502,prism_tmax_us_30s_202009_avg_30y.tif,prism_vpdmax_us_30s_202009_avg_30y.tif,25.040559387207033,20.040559387207033,15.652630615234376,1.5652630615234375,0.7788954763028022,15.609103094733387,2020-09,2020,09
MN0601,prism_tmax_us_30s_202009_avg_30y.tif,prism_vpdmax_us_30s_202009_avg_30y.tif,25.182998657226562,20.182998657226562,15.684324264526367,1.5684324264526368,0.796468769575267,15.69677246509054,2020-09,2020,09
MN0602,prism_tmax_us_30s_202009_avg_30y.tif,prism_vpdmax_us_30s_202009_avg_30y.tif,25.14185078938802,20.14185078938802,15.687082926432291,1.5687082926432292,0.7901843432828537,15.670971844493168,2020-09,2020,09
MN0603,prism_tmax_us_30s_202009_avg_30y.tif,prism_vpdmax_us_30s_202009_avg_30y.tif,25.142579650878908,20.142579650878908,15.713569641113281,1.571356964111328,0.7876419865628532,15.670385962767542,2020-09,2020,09
MN0604,prism_tmax_us_30s_202009_avg_30y.tif,prism_vpdmax_us_30s_202009_avg_30y.tif,25.053980509440105,20.053980509440105,15.682083129882812,1.5682083129882813,0.777897857774835,15.616320806958049,2020-09,2020,09
MN0661,prism_tmax_us_30s_202009_avg_30y.tif,prism_vpdmax_us_30s_202009_avg_30y.tif,25.105098724365234,20.105098724365234,15.761699676513672,1.5761699676513672,0.7773672888296081,15.645096321225124,2020-09,2020,09
MN0701,prism_tmax_us_30s_202009_avg_30y.tif,prism_vpdmax_us_30s_202009_avg_30y.tif,25.074256049262154,20.074256049262154,15.827855428059896,1.5827855428059896,0.7662656368213441,15.623245575202429,2020-09,2020,09
MN0702,prism_tmax_us_30s_202009_avg_30y.tif,prism_vpdmax_us_30s_202009_avg_30y.tif,24.996029663085938,19.996029663085938,15.704229736328125,1.5704229736328126,0.7672836677540233,15.579291300397056,2020-09,2020,09
MN0703,prism_tmax_us_30s_202009_avg_30y.tif,prism_vpdmax_us_30s_202009_avg_30y.tif,25.009015764508927,20.009015764508927,15.707170758928571,1.570717075892857,0.7688695114152222,15.587277656462742,2020-09,2020,09
MN0801,prism_tmax_us_30s_202009_avg_30y.tif,prism_vpdmax_us_30s_202009_avg_30y.tif,25.068740844726562,20.068740844726562,15.740699768066406,1.5740699768066406,0.7741798031056271,15.623228721580471,2020-09,2020,09
MN0802,prism_tmax_us_30s_202009_avg_30y.tif,prism_vpdmax_us_30s_202009_avg_30y.tif,24.972187805175782,19.972187805175782,15.613868713378906,1.5613868713378907,0.7728717183063047,15.567969070829044,2020-09,2020,09
MN0803,prism_tmax_us_30s_202009_avg_30y.tif,prism_vpdmax_us_30s_202009_avg_30y.tif,25.067214965820312,20.067214965820312,15.797317504882812,1.5797317504882813,0.768296350239656,15.6200513512643,2020-09,2020,09
MN0901,prism_tmax_us_30s_202009_avg_30y.tif,prism_vpdmax_us_30s_202009_avg_30y.tif,25.050262451171875,20.050262451171875,15.747511863708496,1.5747511863708497,0.7708152893025424,15.61142921851035,2020-09,2020,09
MN0902,prism_tmax_us_30s_202009_avg_30y.tif,prism_vpdmax_us_30s_202009_avg_30y.tif,25.009297688802082,20.009297688802082,15.640665690104166,1.5640665690104165,0.7755608460061603,15.5900672020312,2020-09,2020,09
MN0903,prism_tmax_us_30s_202009_avg_30y.tif,prism_vpdmax_us_30s_202009_avg_30y.tif,24.969767252604168,19.969767252604168,15.564600626627604,1.5564600626627603,0.7774487111796229,15.568395375720154,2020-09,2020,09
MN1001,prism_tmax_us_30s_202009_avg_30y.tif,prism_vpdmax_us_30s_202009_avg_30y.tif,25.053316752115887,20.053316752115887,15.771583557128906,1.5771583557128905,0.7688514593335971,15.61238922196781,2020-09,2020,09
MN1002,prism_tmax_us_30s_202009_avg_30y.tif,prism_vpdmax_us_30s_202009_avg_30y.tif,25.025079345703126,20.025079345703126,15.666000366210938,1.5666000366210937,0.7753138399664092,15.59891832812047,2020-09,2020,09
MN1101,prism_tmax_us_30s_202009_avg_30y.tif,prism_vpdmax_us_30s_202009_avg_30y.tif,25.057842678493923,20.057842678493923,15.818422105577257,1.5818422105577257,0.764824688683958,15.613372901358849,2020-09,2020,09
MN1102,prism_tmax_us_30s_202009_avg_30y.tif,prism_vpdmax_us_30s_202009_avg_30y.tif,25.122935901988637,20.122935901988637,15.902327104048295,1.5902327104048295,0.7659023865790138,15.650704294353107,2020-09,2020,09
MN1191,prism_tmax_us_30s_202009_avg_30y.tif,prism_vpdmax_us_30s_202009_avg_30y.tif,25.120473861694336,20.120473861694336,15.926437377929688,1.5926437377929688,0.7631326338696836,15.648219804691472,2020-09,2020,09
MN1201,prism_tmax_us_30s_202009_avg_30y.tif,prism_vpdmax_us_30s_202009_avg_30y.tif,24.914210001627605,19.914210001627605,15.419533623589409,1.541953362358941,0.7839389250033943,15.539445068449185,2020-09,2020,09
MN1202,prism_tmax_us_30s_202009_avg_30y.tif,prism_vpdmax_us_30s_202009_avg_30y.tif,24.95995415581597,19.95995415581597,15.478722466362846,1.5478722466362846,0.7846188180114715,15.565649201826163,2020-09,2020,09
MN1203,prism_tmax_us_30s_202009_avg_30y.tif,prism_vpdmax_us_30s_202009_avg_30y.tif,25.023542131696427,20.023542131696427,15.489772251674108,1.5489772251674108,0.7927138525247739,15.604884932714109,2020-09,2020,09
MN1291,prism_tmax_us_30s_202009_avg_30y.tif,prism_vpdmax_us_30s_202009_avg_30y.tif,24.87109883626302,19.87109883626302,15.334517161051432,1.533451716105143,0.7862365616393827,15.515904008885409,2020-09,2020,09
MN1292,prism_tmax_us_30s_202009_avg_30y.tif,prism_vpdmax_us_30s_202009_avg_30y.tif,25.082140241350448,20.082140241350448,15.622356959751674,1.5622356959751673,0.787961529940173,15.63624239811219,2020-09,2020,09
MN6491,prism_tmax_us_30s_202009_avg_30y.tif,prism_vpdmax_us_30s_202009_avg_30y.tif,24.959686279296875,19.959686279296875,15.637026977539062,1.5637026977539061,0.7687496770313873,15.559260743434661,2020-09,2020,09
QN0101,prism_tmax_us_30s_202009_avg_30y.tif,prism_vpdmax_us_30s_202009_avg_30y.tif,25.043054580688477,20.043054580688477,15.816243171691895,1.5816243171691895,0.7628962086129041,15.604230157235236,2020-09,2020,09
QN0102,prism_tmax_us_30s_202009_avg_30y.tif,prism_vpdmax_us_30s_202009_avg_30y.tif,25.094378662109374,20.094378662109374,15.791839599609375,1.5791839599609374,0.7727932114600127,15.637220433519799,2020-09,2020,09
QN0103,prism_tmax_us_30s_202009_avg_30y.tif,prism_vpdmax_us_30s_202009_avg_30y.tif,25.02388916015625,20.02388916015625,15.636518859863282,1.5636518859863282,0.7780894872841586,15.599334322311266,2020-09,2020,09
QN0104,prism_tmax_us_30s_202009_avg_30y.tif,prism_vpdmax_us_30s_202009_avg_30y.tif,24.97911765358665,19.97911765358665,15.58417996493253,1.558417996493253,0.7768423413511505,15.57345874973463,2020-09,2020,09
QN0105,prism_tmax_us_30s_202009_avg_30y.tif,prism_vpdmax_us_30s_202009_avg_30y.tif,25.08586259321733,20.08586259321733,15.703527277166193,1.5703527277166194,0.7803857492045798,15.635375689791623,2020-09,2020,09
QN0151,prism_tmax_us_30s_202009_avg_30y.tif,prism_vpdmax_us_30s_202009_avg_30y.tif,25.04290093315972,20.04290093315972,15.783933851453993,1.5783933851453993,0.7661048489471503,15.60540403473779,2020-09,2020,09
QN0161,prism_tmax_us_30s_202009_avg_30y.tif,prism_vpdmax_us_30s_202009_avg_30y.tif,25.004724502563477,20.004724502563477,15.560100555419922,1.5560100555419922,0.7829551567591453,15.590380169559834,2020-09,2020,09
QN0171,prism_tmax_us_30s_202009_avg_30y.tif,prism_vpdmax_us_30s_202009_avg_30y.tif,24.969167073567707,19.969167073567707,15.718067169189453,1.5718067169189454,0.7620153267508101,15.561989754125957,2020-09,2020,09
QN0191,prism_tmax_us_30s_202009_avg_30y.tif,prism_vpdmax_us_30s_202009_avg_30y.tif,25.072423934936523,20.072423934936523,15.803123474121094,1.5803123474121095,0.7684725860291848,15.623074097418476,2020-09,2020,09
QN0201,prism_tmax_us_30s_202009_avg_30y.tif,prism_vpdmax_us_30s_202009_avg_30y.tif,25.116207885742188,20.116207885742188,15.6806396484375,1.56806396484375,0.7870909566975108,15.65521661719794,2020-09,2020,09
QN0202,prism_tmax_us_30s_202009_avg_30y.tif,prism_vpdmax_us_30s_202009_avg_30y.tif,25.003799438476562,20.003799438476562,15.4461669921875,1.54461669921875,0.7942145826517488,15.594280612598347,2020-09,2020,09
QN0203,prism_tmax_us_30s_202009_avg_30y.tif,prism_vpdmax_us_30s_202009_avg_30y.tif,24.925051602450285,19.925051602450285,15.407717618075283,1.5407717618075283,0.7866829919977121,15.54667067444441,2020-09,2020,09
QN0261,prism_tmax_us_30s_202009_avg_30y.tif,prism_vpdmax_us_30s_202009_avg_30y.tif,25.039542061941965,20.039542061941965,15.574013846261161,1.557401384626116,0.7866095796751325,15.611557913933419,2020-09,2020,09
QN0271,prism_tmax_us_30s_202009_avg_30y.tif,prism_vpdmax_us_30s_202009_avg_30y.tif,24.911529541015625,19.911529541015625,15.277927943638392,1.5277927943638392,0.7977133326661063,15.543338589493638,2020-09,2020,09
QN0301,prism_tmax_us_30s_202009_avg_30y.tif,prism_vpdmax_us_30s_202009_avg_30y.tif,24.953333536783855,19.953333536783855,15.625465393066406,1.5625465393066407,0.768988462493154,15.555752581116254,2020-09,2020,09
QN0302,prism_tmax_us_30s_202009_avg_30y.tif,prism_vpdmax_us_30s_202009_avg_30y.tif,24.968761097301137,19.968761097301137,15.69654568758878,1.5696545687588779,0.7641088100284368,15.562582304510919,2020-09,2020,09
QN0303,prism_tmax_us_30s_202009_avg_30y.tif,prism_vpdmax_us_30s_202009_avg_30y.tif,24.935760498046875,19.935760498046875,15.542462348937988,1.5542462348937989,0.7747527611814127,15.548054037536872,2020-09,2020,09
QN0401,prism_tmax_us_30s_202009_avg_30y.tif,prism_vpdmax_us_30s_202009_avg_30y.tif,24.93157724233774,19.93157724233774,15.444044846754808,1.5444044846754807,0.7839911716951726,15.5493128268817,2020-09,2020,09
QN0402,prism_tmax_us_30s_202009_avg_30y.tif,prism_vpdmax_us_30s_202009_avg_30y.tif,24.965565999348957,19.965565999348957,15.481145222981771,1.5481145222981771,0.7851871995180497,15.56905449104145,2020-09,2020,09
QN0501,prism_tmax_us_30s_202009_avg_30y.tif,prism_vpdmax_us_30s_202009_avg_30y.tif,24.907400131225586,19.907400131225586,15.217811584472656,1.5217811584472656,0.8031301752250826,15.543126033268363,2020-09,2020,09
QN0502,prism_tmax_us_30s_202009_avg_30y.tif,prism_vpdmax_us_30s_202009_avg_30y.tif,24.873115090762866,19.873115090762866,15.058317296645221,1.505831729664522,0.8141463788276491,15.528015783341809,2020-09,2020,09
QN0503,prism_tmax_us_30s_202009_avg_30y.tif,prism_vpdmax_us_30s_202009_avg_30y.tif,24.835899353027344,19.835899353027344,15.041768074035645,1.5041768074035644,0.8104567455924372,15.505464434184331,2020-09,2020,09
QN0504,prism_tmax_us_30s_202009_avg_30y.tif,prism_vpdmax_us_30s_202009_avg_30y.tif,24.837137075570915,19.837137075570915,15.113015981820913,1.5113015981820914,0.8035095310155143,15.503435967537804,2020-09,2020,09
QN0571,prism_tmax_us_30s_202009_avg_30y.tif,prism_vpdmax_us_30s_202009_avg_30y.tif,24.796870640345983,19.796870640345983,14.99057115827288,1.499057115827288,0.8099830900260809,15.48314900745642,2020-09,2020,09
QN0572,prism_tmax_us_30s_202009_avg_30y.tif,prism_vpdmax_us_30s_202009_avg_30y.tif,24.795923233032227,19.795923233032227,14.975800514221191,1.4975800514221191,0.8113245251163104,15.483139011499981,2020-09,2020,09
QN0573,prism_tmax_us_30s_202009_avg_30y.tif,prism_vpdmax_us_30s_202009_avg_30y.tif,24.86589813232422,19.86589813232422,15.16961669921875,1.516961669921875,0.8019791678516297,15.51914205399352,2020-09,2020,09
QN0574,prism_tmax_us_30s_202009_avg_30y.tif,prism_vpdmax_us_30s_202009_avg_30y.tif,24.811925252278645,19.811925252278645,14.95745849609375,1.495745849609375,0.8154504856039135,15.493833658884329,2020-09,2020,09
QN0601,prism_tmax_us_30s_202009_avg_30y.tif,prism_vpdmax_us_30s_202009_avg_30y.tif,24.920166015625,19.920166015625,15.318644205729166,1.5318644205729166,0.7948861201783446,15.547124376089462,2020-09,2020,09
QN0602,prism_tmax_us_30s_202009_avg_30y.tif,prism_vpdmax_us_30s_202009_avg_30y.tif,24.921062469482422,19.921062469482422,15.21924877166748,1.521924877166748,0.8049548653223768,15.551589682268226,2020-09,2020,09
QN0701,prism_tmax_us_30s_202009_avg_30y.tif,prism_vpdmax_us_30s_202009_avg_30y.tif,24.97679831764915,19.97679831764915,15.48719510165128,1.5487195101651279,0.786205512900801,15.57582341267708,2020-09,2020,09
QN0702,prism_tmax_us_30s_202009_avg_30y.tif,prism_vpdmax_us_30s_202009_avg_30y.tif,24.91636926987592,19.91636926987592,15.178088019875918,1.517808801987592,0.8083946009516025,15.550280454193624,2020-09,2020,09
QN0703,prism_tmax_us_30s_202009_avg_30y.tif,prism_vpdmax_us_30s_202009_avg_30y.tif,24.90540020282452,19.90540020282452,15.072076650766226,1.5072076650766226,0.817415650036404,15.547606265465808,2020-09,2020,09
QN0704,prism_tmax_us_30s_202009_avg_30y.tif,prism_vpdmax_us_30s_202009_avg_30y.tif,24.9163818359375,19.9163818359375,15.244341398540296,1.5244341398540295,0.8017710737575867,15.547684532963293,2020-09,2020,09
QN0705,prism_tmax_us_30s_202009_avg_30y.tif,prism_vpdmax_us_30s_202009_avg_30y.tif,24.929767184787327,19.929767184787327,15.217132568359375,1.5217132568359375,0.8064213821760515,15.557101596969602,2020-09,2020,09
QN0706,prism_tmax_us_30s_202009_avg_30y.tif,prism_vpdmax_us_30s_202009_avg_30y.tif,24.948597717285157,19.948597717285157,15.266078186035156,1.5266078186035155,0.8042435085922661,15.566922604577444,2020-09,2020,09
QN0707,prism_tmax_us_30s_202009_avg_30y.tif,prism_vpdmax_us_30s_202009_avg_30y.tif,24.97723623422476,19.97723623422476,15.468037531926083,1.5468037531926082,0.7881845778308809,15.576849483892971,2020-09,2020,09
QN0761,prism_tmax_us_30s_202009_avg_30y.tif,prism_vpdmax_us_30s_202009_avg_30y.tif,24.860499064127605,19.860499064127605,14.902099609375,1.4902099609375,0.8279551509745184,15.526289343693337,2020-09,2020,09
QN0791,prism_tmax_us_30s_202009_avg_30y.tif,prism_vpdmax_us_30s_202009_avg_30y.tif,24.93090057373047,19.93090057373047,15.185062408447266,1.5185062408447265,0.8097918342785417,15.55906881617664,2020-09,2020,09
QN0801,prism_tmax_us_30s_202009_avg_30y.tif,prism_vpdmax_us_30s_202009_avg_30y.tif,24.920026143391926,19.920026143391926,15.187357584635416,1.5187357584635417,0.807994623717109,15.552196710424044,2020-09,2020,09
QN0802,prism_tmax_us_30s_202009_avg_30y.tif,prism_vpdmax_us_30s_202009_avg_30y.tif,24.902448381696427,19.902448381696427,15.125227791922432,1.5125227791922433,0.811675488080883,15.54367669923766,2020-09,2020,09
QN0803,prism_tmax_us_30s_202009_avg_30y.tif,prism_vpdmax_us_30s_202009_avg_30y.tif,24.901891072591145,19.901891072591145,15.085932413736979,1.5085932413736978,0.8155247837350266,15.544873478167043,2020-09,2020,09
QN0804,prism_tmax_us_30s_202009_avg_30y.tif,prism_vpdmax_us_30s_202009_avg_30y.tif,24.880456107003347,19.880456107003347,15.071192060198102,1.5071192060198102,0.8139144198708925,15.532086979680157,2020-09,2020,09
QN0805,prism_tmax_us_30s_202009_avg_30y.tif,prism_vpdmax_us_30s_202009_avg_30y.tif,24.90264129638672,19.90264129638672,15.15530014038086,1.5155300140380858,0.8086960299333232,15.542615154815064,2020-09,2020,09
QN0871,prism_tmax_us_30s_202009_avg_30y.tif,prism_vpdmax_us_30s_202009_avg_30y.tif,24.932723999023438,19.932723999023438,15.226049423217773,1.5226049423217773,0.8059560940774144,15.558595252418712,2020-09,2020,09
QN0891,prism_tmax_us_30s_202009_avg_30y.tif,prism_vpdmax_us_30s_202009_avg_30y.tif,24.87021043565538,19.87021043565538,15.028878106011284,1.5028878106011283,0.816672772177657,15.527361716482417,2020-09,2020,09
QN0901,prism_tmax_us_30s_202009_avg_30y.tif,prism_vpdmax_us_30s_202009_avg_30y.tif,24.89373101128472,19.89373101128472,15.110821194118923,1.5110821194118924,0.8118612857542722,15.538806968699864,2020-09,2020,09
QN0902,prism_tmax_us_30s_202009_avg_30y.tif,prism_vpdmax_us_30s_202009_avg_30y.tif,24.88649957830256,19.88649957830256,15.083598743785512,1.5083598743785511,0.8135430184364829,15.535367667143086,2020-09,2020,09
QN0903,prism_tmax_us_30s_202009_avg_30y.tif,prism_vpdmax_us_30s_202009_avg_30y.tif,24.903255886501736,19.903255886501736,15.109300401475695,1.5109300401475694,0.8133844971239999,15.544806195016214,2020-09,2020,09
QN0904,prism_tmax_us_30s_202009_avg_30y.tif,prism_vpdmax_us_30s_202009_avg_30y.tif,24.890274047851562,19.890274047851562,15.060412406921387,1.5060412406921386,0.8164047000086583,15.538632432235238,2020-09,2020,09
QN0905,prism_tmax_us_30s_202009_avg_30y.tif,prism_vpdmax_us_30s_202009_avg_30y.tif,24.868121337890624,19.868121337890624,15.05980987548828,1.5059809875488281,0.8132793413296029,15.524843579726516,2020-09,2020,09
QN1001,prism_tmax_us_30s_202009_avg_30y.tif,prism_vpdmax_us_30s_202009_avg_30y.tif,24.856085205078124,19.856085205078124,14.984210205078124,1.4984210205078123,0.8191100867576098,15.520310575375035,2020-09,2020,09
QN1002,prism_tmax_us_30s_202009_avg_30y.tif,prism_vpdmax_us_30s_202009_avg_30y.tif,24.84154001871745,19.84154001871745,14.905531565348307,1.4905531565348307,0.8248897600188418,15.514334866300196,2020-09,2020,09
QN1003,prism_tmax_us_30s_202009_avg_30y.tif,prism_vpdmax_us_30s_202009_avg_30y.tif,24.734825134277344,19.734825134277344,14.601531982421875,1.4601531982421876,0.8400193713023483,15.459773464057076,2020-09,2020,09
QN1091,prism_tmax_us_30s_202009_avg_30y.tif,prism_vpdmax_us_30s_202009_avg_30y.tif,24.656233045789932,19.656233045789932,14.381690131293404,1.4381690131293403,0.8508138243357621,15.419453969926844,2020-09,2020,09
QN1101,prism_tmax_us_30s_202009_avg_30y.tif,prism_vpdmax_us_30s_202009_avg_30y.tif,24.903305053710938,19.903305053710938,15.099087715148926,1.5099087715148927,0.814412845347972,15.545238213675853,2020-09,2020,09
QN1102,prism_tmax_us_30s_202009_avg_30y.tif,prism_vpdmax_us_30s_202009_avg_30y.tif,24.913172671669408,19.913172671669408,15.08642578125,1.508642578125,0.8171002597334871,15.551889306911812,2020-09,2020,09
QN1103,prism_tmax_us_30s_202009_avg_30y.tif,prism_vpdmax_us_30s_202009_avg_30y.tif,24.839640808105468,19.839640808105468,14.984188842773438,1.4984188842773438,0.8167514921527115,15.510059674611814,2020-09,2020,09
QN1104,prism_tmax_us_30s_202009_avg_30y.tif,prism_vpdmax_us_30s_202009_avg_30y.tif,24.854169573102677,19.854169573102677,15.010214669363839,1.501021466936384,0.8162345270389402,15.51809431707552,2020-09,2020,09
QN1191,prism_tmax_us_30s_202009_avg_30y.tif,prism_vpdmax_us_30s_202009_avg_30y.tif,24.881134033203125,19.881134033203125,15.052407582600912,1.5052407582600913,0.8158903634466088,15.533247909660687,2020-09,2020,09
QN1201,prism_tmax_us_30s_202009_avg_30y.tif,prism_vpdmax_us_30s_202009_avg_30y.tif,24.90437047621783,19.90437047621783,15.139145795036764,1.5139145795036764,0.810560452282516,15.544328317762538,2020-09,2020,09
QN1202,prism_tmax_us_30s_202009_avg_30y.tif,prism_vpdmax_us_30s_202009_avg_30y.tif,24.904157366071427,19.904157366071427,15.124634878976005,1.5124634878976004,0.8119808565027413,15.544765703168075,2020-09,2020,09
QN1203,prism_tmax_us_30s_202009_avg_30y.tif,prism_vpdmax_us_30s_202009_avg_30y.tif,24.85211181640625,19.85211181640625,15.032281875610352,1.5032281875610352,0.8137323137143788,15.515944199192093,2020-09,2020,09
QN1204,prism_tmax_us_30s_202009_avg_30y.tif,prism_vpdmax_us_30s_202009_avg_30y.tif,24.809729942908653,19.809729942908653,14.955230712890625,1.4955230712890626,0.8153587409586072,15.492552862825939,2020-09,2020,09
QN1205,prism_tmax_us_30s_202009_avg_30y.tif,prism_vpdmax_us_30s_202009_avg_30y.tif,24.91639245074728,19.91639245074728,15.18219922936481,1.518219922936481,0.8079868201882008,15.55013333990767,2020-09,2020,09
QN1206,prism_tmax_us_30s_202009_avg_30y.tif,prism_vpdmax_us_30s_202009_avg_30y.tif,24.905758666992188,19.905758666992188,15.129609680175781,1.5129609680175782,0.811713968814912,15.54556875392883,2020-09,2020,09
QN1301,prism_tmax_us_30s_202009_avg_30y.tif,prism_vpdmax_us_30s_202009_avg_30y.tif,24.80633326939174,19.80633326939174,15.005021231515068,1.5005021231515068,0.8098931199090793,15.488478959869385,2020-09,2020,09
QN1302,prism_tmax_us_30s_202009_avg_30y.tif,prism_vpdmax_us_30s_202009_avg_30y.tif,24.860727945963543,19.860727945963543,15.098704020182291,1.5098704020182292,0.808327590509645,15.518705488431618,2020-09,2020,09
QN1303,prism_tmax_us_30s_202009_avg_30y.tif,prism_vpdmax_us_30s_202009_avg_30y.tif,24.907429504394532,19.907429504394532,15.18085174560547,1.518085174560547,0.8068303895046571,15.544596872067027,2020-09,2020,09
QN1304,prism_tmax_us_30s_202009_avg_30y.tif,prism_vpdmax_us_30s_202009_avg_30y.tif,24.93734463778409,19.93734463778409,15.279635342684658,1.5279635342684659,0.8012639737001106,15.559371151287722,2020-09,2020,09
QN1305,prism_tmax_us_30s_202009_avg_30y.tif,prism_vpdmax_us_30s_202009_avg_30y.tif,24.84539286295573,19.84539286295573,15.075616200764975,1.5075616200764974,0.808434272718421,15.510052422474237,2020-09,2020,09
QN1306,prism_tmax_us_30s_202009_avg_30y.tif,prism_vpdmax_us_30s_202009_avg_30y.tif,24.68773129111842,19.68773129111842,14.728293971011514,1.4728293971011515,0.8206323466657759,15.425452154303795,2020-09,2020,09
QN1307,prism_tmax_us_30s_202009_avg_30y.tif,prism_vpdmax_us_30s_202009_avg_30y.tif,24.685362074110245,19.685362074110245,14.761983235677084,1.4761983235677083,0.8169262620071738,15.422652316989327,2020-09,2020,09
QN1371,prism_tmax_us_30s_202009_avg_30y.tif,prism_vpdmax_us_30s_202009_avg_30y.tif,24.932479858398438,19.932479858398438,15.254039001464843,1.5254039001464843,0.8031219265426182,15.557342996843161,2020-09,2020,09
QN1401,prism_tmax_us_30s_202009_avg_30y.tif,prism_vpdmax_us_30s_202009_avg_30y.tif,24.192722096162683,19.192722096162683,13.514305563534007,1.3514305563534008,0.8725221036522521,15.165174615259575,2020-09,2020,09
QN1402,prism_tmax_us_30s_202009_avg_30y.tif,prism_vpdmax_us_30s_202009_avg_30y.tif,24.134606255425346,19.134606255425346,13.152338663736979,1.3152338663736978,0.900680342088636,15.143289121267005,2020-09,2020,09
QN1403,prism_tmax_us_30s_202009_avg_30y.tif,prism_vpdmax_us_30s_202009_avg_30y.tif,24.17599317762587,19.17599317762587,13.024452209472656,1.3024452209472657,0.9191909223862311,15.174030164211654,2020-09,2020,09
QN1491,prism_tmax_us_30s_202009_avg_30y.tif,prism_vpdmax_us_30s_202009_avg_30y.tif,24.210719299316406,19.210719299316406,13.482440185546874,1.3482440185546873,0.8782031415061624,15.177611677324322,2020-09,2020,09
QN8081,prism_tmax_us_30s_202009_avg_30y.tif,prism_vpdmax_us_30s_202009_avg_30y.tif,25.013528677133415,20.013528677133415,15.799945537860577,1.5799945537860576,0.7602456592800544,15.586447304031706,2020-09,2020,09
QN8191,prism_tmax_us_30s_202009_avg_30y.tif,prism_vpdmax_us_30s_202009_avg_30y.tif,24.96630401611328,19.96630401611328,15.408445739746094,1.5408445739746095,0.7925637761596684,15.572371941166978,2020-09,2020,09
QN8291,prism_tmax_us_30s_202009_avg_30y.tif,prism_vpdmax_us_30s_202009_avg_30y.tif,24.860897827148438,19.860897827148438,15.065869140625,1.5065869140625001,0.8116354834528365,15.520101812990127,2020-09,2020,09
QN8381,prism_tmax_us_30s_202009_avg_30y.tif,prism_vpdmax_us_30s_202009_avg_30y.tif,24.573102315266926,19.573102315266926,14.440348307291666,1.4440348307291666,0.8331639153109744,15.365382431473558,2020-09,2020,09
QN8491,prism_tmax_us_30s_202009_avg_30y.tif,prism_vpdmax_us_30s_202009_avg_30y.tif,24.32544605152027,19.32544605152027,13.682505014780405,1.3682505014780406,0.8741559581451224,15.241071202763024,2020-09,2020,09
QN8492,prism_tmax_us_30s_202009_avg_30y.tif,prism_vpdmax_us_30s_202009_avg_30y.tif,24.17425537109375,19.17425537109375,12.902495011039402,1.2902495011039403,0.9311461226557687,15.177743221613872,2020-09,2020,09
SI0101,prism_tmax_us_30s_202009_avg_30y.tif,prism_vpdmax_us_30s_202009_avg_30y.tif,25.12874755859375,20.12874755859375,15.612147521972656,1.5612147521972655,0.7957673068790352,15.665736417326116,2020-09,2020,09
SI0102,prism_tmax_us_30s_202009_avg_30y.tif,prism_vpdmax_us_30s_202009_avg_30y.tif,25.10185380415483,20.10185380415483,15.4195820201527,1.54195820201527,0.8111067274598218,15.656516050847495,2020-09,2020,09
SI0103,prism_tmax_us_30s_202009_avg_30y.tif,prism_vpdmax_us_30s_202009_avg_30y.tif,25.09698486328125,20.09698486328125,15.338522104116587,1.5338522104116588,0.8185041568870295,15.65666255113707,2020-09,2020,09
SI0104,prism_tmax_us_30s_202009_avg_30y.tif,prism_vpdmax_us_30s_202009_avg_30y.tif,25.285981551460598,20.285981551460598,16.015934156334918,1.601593415633492,0.7784044065169646,15.748064471439324,2020-09,2020,09
SI0105,prism_tmax_us_30s_202009_avg_30y.tif,prism_vpdmax_us_30s_202009_avg_30y.tif,25.333519345238095,20.333519345238095,16.164014543805802,1.6164014543805802,0.7705934776216707,15.771948705455314,2020-09,2020,09
SI0106,prism_tmax_us_30s_202009_avg_30y.tif,prism_vpdmax_us_30s_202009_avg_30y.tif,25.328702486478367,20.328702486478367,16.35268343411959,1.635268343411959,0.751016775029812,15.761523902419949,2020-09,2020,09
SI0107,prism_tmax_us_30s_202009_avg_30y.tif,prism_vpdmax_us_30s_202009_avg_30y.tif,25.4326220703125,20.4326220703125,16.705908203125,1.6705908203125,0.7310489395779047,15.812598947121304,2020-09,2020,09
SI0191,prism_tmax_us_30s_202009_avg_30y.tif,prism_vpdmax_us_30s_202009_avg_30y.tif,25.26194953918457,20.26194953918457,16.041099548339844,1.6041099548339843,0.7723574135164599,15.73206185222962,2020-09,2020,09
SI0201,prism_tmax_us_30s_202009_avg_30y.tif,prism_vpdmax_us_30s_202009_avg_30y.tif,24.946013077445652,19.946013077445652,14.962037459663723,1.4962037459663722,0.8342745301870345,15.577259305275188,2020-09,2020,09
SI0202,prism_tmax_us_30s_202009_avg_30y.tif,prism_vpdmax_us_30s_202009_avg_30y.tif,24.828167724609376,19.828167724609376,14.661659240722656,1.4661659240722655,0.8473586408784524,15.515583045718747,2020-09,2020,09
SI0203,prism_tmax_us_30s_202009_avg_30y.tif,prism_vpdmax_us_30s_202009_avg_30y.tif,25.3623898528343,20.3623898528343,16.070644644803778,1.6070644644803778,0.7841887030957151,15.793661206873663,2020-09,2020,09
SI0204,prism_tmax_us_30s_202009_avg_30y.tif,prism_vpdmax_us_30s_202009_avg_30y.tif,25.399515787760418,20.399515787760418,16.52220408121745,1.6522204081217449,0.7445183838581422,15.799121176516405,2020-09,2020,09
SI0291,prism_tmax_us_30s_202009_avg_30y.tif,prism_vpdmax_us_30s_202009_avg_30y.tif,25.30291748046875,20.30291748046875,16.215042840866815,1.6215042840866816,0.7609842861859866,15.750821035896871,2020-09,2020,09
SI0301,prism_tmax_us_30s_202009_avg_30y.tif,prism_vpdmax_us_30s_202009_avg_30y.tif,24.931838989257812,19.931838989257812,14.948304918077257,1.4948304918077258,0.833602911607451,15.568958651170906,2020-09,2020,09
SI0302,prism_tmax_us_30s_202009_avg_30y.tif,prism_vpdmax_us_30s_202009_avg_30y.tif,25.074252424568964,20.074252424568964,15.329802414466595,1.5329802414466596,0.8160704114076152,15.642816796413793,2020-09,2020,09
SI0303,prism_tmax_us_30s_202009_avg_30y.tif,prism_vpdmax_us_30s_202009_avg_30y.tif,25.28333435058594,20.28333435058594,16.140829467773436,1.6140829467773437,0.7655257603095384,15.741502200583874,2020-09,2020,09
SI0304,prism_tmax_us_30s_202009_avg_30y.tif,prism_vpdmax_us_30s_202009_avg_30y.tif,25.170697699652777,20.170697699652777,15.726619466145833,1.5726619466145833,0.7904416185457768,15.687429151791612,2020-09,2020,09
SI0305,prism_tmax_us_30s_202009_avg_30y.tif,prism_vpdmax_us_30s_202009_avg_30y.tif,25.402057069720644,20.402057069720644,16.44424345999053,1.644424345999053,0.7526903406796273,15.803773662418697,2020-09,2020,09
SI0391,prism_tmax_us_30s_202009_avg_30y.tif,prism_vpdmax_us_30s_202009_avg_30y.tif,25.311800130208333,20.311800130208333,16.29927978515625,1.629927978515625,0.7538678639723708,15.753060744369266,2020-09,2020,09
SI9561,prism_tmax_us_30s_202009_avg_30y.tif,prism_vpdmax_us_30s_202009_avg_30y.tif,24.861515590122767,19.861515590122767,14.751299176897321,1.4751299176897321,0.843181229026539,15.532849562607037,2020-09,2020,09
SI9591,prism_tmax_us_30s_202009_avg_30y.tif,prism_vpdmax_us_30s_202009_avg_30y.tif,24.4923583984375,19.4923583984375,13.658639526367187,1.3658639526367187,0.899939874509067,15.345843582596123,2020-09,2020,09
SI9592,prism_tmax_us_30s_202009_avg_30y.tif,prism_vpdmax_us_30s_202009_avg_30y.tif,24.715774536132812,19.715774536132812,14.356512069702148,1.4356512069702148,0.861804605776173,15.45753337205734,2020-09,2020,09
SI9593,prism_tmax_us_30s_202009_avg_30y.tif,prism_vpdmax_us_30s_202009_avg_30y.tif,24.768025716145832,19.768025716145832,14.513575236002604,1.4513575236002603,0.8535564108758473,15.483918250528893,2020-09,2020,09
BK0101,prism_tmax_us_30s_202010_avg_30y.tif,prism_vpdmax_us_30s_202010_avg_30y.tif,18.59058380126953,13.590583801269531,10.511741638183594,1.0511741638183594,0.5054496299353481,11.844502719884415,2020-10,2020,10
BK0102,prism_tmax_us_30s_202010_avg_30y.tif,prism_vpdmax_us_30s_202010_avg_30y.tif,18.60698954264323,13.60698954264323,10.510032653808594,1.0510032653808594,0.5072839579631687,11.854525666158237,2020-10,2020,10
BK0103,prism_tmax_us_30s_202010_avg_30y.tif,prism_vpdmax_us_30s_202010_avg_30y.tif,18.580426897321427,13.580426897321427,10.466800144740514,1.0466800144740513,0.5089147200988953,11.840105535780115,2020-10,2020,10
BK0104,prism_tmax_us_30s_202010_avg_30y.tif,prism_vpdmax_us_30s_202010_avg_30y.tif,18.55569864908854,13.55569864908854,10.418460083007812,1.0418460083007812,0.5112458491605505,11.827000752753298,2020-10,2020,10
BK0201,prism_tmax_us_30s_202010_avg_30y.tif,prism_vpdmax_us_30s_202010_avg_30y.tif,18.599273681640625,13.599273681640625,10.513198852539062,1.0513198852539063,0.5061848085354448,11.849718807244663,2020-10,2020,10
BK0202,prism_tmax_us_30s_202010_avg_30y.tif,prism_vpdmax_us_30s_202010_avg_30y.tif,18.5948486328125,13.5948486328125,10.501339721679688,1.0501339721679688,0.5069220962779559,11.847499558641923,2020-10,2020,10
BK0203,prism_tmax_us_30s_202010_avg_30y.tif,prism_vpdmax_us_30s_202010_avg_30y.tif,18.550955878363716,13.550955878363716,10.432044982910156,1.0432044982910156,0.5094077223138744,11.82358921790158,2020-10,2020,10
BK0204,prism_tmax_us_30s_202010_avg_30y.tif,prism_vpdmax_us_30s_202010_avg_30y.tif,18.511700948079426,13.511700948079426,10.369216918945312,1.0369216918945312,0.5117256617600483,11.802242622632733,2020-10,2020,10
BK0261,prism_tmax_us_30s_202010_avg_30y.tif,prism_vpdmax_us_30s_202010_avg_30y.tif,18.623613630022323,13.623613630022323,10.535143171037946,1.0535143171037946,0.5064600655982654,11.863627734002774,2020-10,2020,10
BK0301,prism_tmax_us_30s_202010_avg_30y.tif,prism_vpdmax_us_30s_202010_avg_30y.tif,18.488541920979817,13.488541920979817,10.317007700602213,1.0317007700602212,0.5146116215281524,11.790245636456119,2020-10,2020,10
BK0302,prism_tmax_us_30s_202010_avg_30y.tif,prism_vpdmax_us_30s_202010_avg_30y.tif,18.464270455496653,13.464270455496653,10.239129202706474,1.0239129202706474,0.5199556662777607,11.778583925113761,2020-10,2020,10
BK0401,prism_tmax_us_30s_202010_avg_30y.tif,prism_vpdmax_us_30s_202010_avg_30y.tif,18.4897705078125,13.489770507812501,10.303189849853515,1.0303189849853516,0.5161171987352409,11.791533937032638,2020-10,2020,10
BK0402,prism_tmax_us_30s_202010_avg_30y.tif,prism_vpdmax_us_30s_202010_avg_30y.tif,18.44104919433594,13.441049194335939,10.214539337158204,1.0214539337158204,0.5200797624269173,11.765466239822256,2020-10,2020,10
BK0471,prism_tmax_us_30s_202010_avg_30y.tif,prism_vpdmax_us_30s_202010_avg_30y.tif,18.38007354736328,13.380073547363281,10.134374618530273,1.0134374618530273,0.5219798993329365,11.731639801792824,2020-10,2020,10
BK0501,prism_tmax_us_30s_202010_avg_30y.tif,prism_vpdmax_us_30s_202010_avg_30y.tif,18.416439819335938,13.416439819335938,10.157689666748047,1.0157689666748047,0.5232936477301715,11.752775781121434,2020-10,2020,10
BK0502,prism_tmax_us_30s_202010_avg_30y.tif,prism_vpdmax_us_30s_202010_avg_30y.tif,18.48938751220703,13.489387512207031,10.201449584960937,1.0201449584960938,0.526252633740645,11.79530000448146,2020-10,2020,10
BK0503,prism_tmax_us_30s_202010_avg_30y.tif,prism_vpdmax_us_30s_202010_avg_30y.tif,18.497337341308594,13.497337341308594,10.110212326049805,1.0110212326049806,0.5361775753129625,11.803708059619966,2020-10,2020,10
BK0504,prism_tmax_us_30s_202010_avg_30y.tif,prism_vpdmax_us_30s_202010_avg_30y.tif,18.460981889204547,13.460981889204547,9.947563171386719,0.9947563171386719,0.5487814165830812,11.78804782789613,2020-10,2020,10
BK0505,prism_tmax_us_30s_202010_avg_30y.tif,prism_vpdmax_us_30s_202010_avg_30y.tif,18.51680908203125,13.516809082031251,10.169319152832031,1.016931915283203,0.5322308719628923,11.813197482193136,2020-10,2020,10
BK0571,prism_tmax_us_30s_202010_avg_30y.tif,prism_vpdmax_us_30s_202010_avg_30y.tif,18.357248942057293,13.357248942057293,10.099683125813803,1.0099683125813803,0.5231650464983781,11.719164013420347,2020-10,2020,10
BK0601,prism_tmax_us_30s_202010_avg_30y.tif,prism_vpdmax_us_30s_202010_avg_30y.tif,18.65707217945772,13.657072179457721,10.570040534524356,1.0570040534524356,0.5063708591702707,11.882563673406445,2020-10,2020,10
BK0602,prism_tmax_us_30s_202010_avg_30y.tif,prism_vpdmax_us_30s_202010_avg_30y.tif,18.426080877130683,13.426080877130683,10.226482044566762,1.0226482044566763,0.5173820753629867,11.75591901295075,2020-10,2020,10
BK0701,prism_tmax_us_30s_202010_avg_30y.tif,prism_vpdmax_us_30s_202010_avg_30y.tif,18.383799961635045,13.383799961635045,10.094613211495536,1.0094613211495536,0.5263292165868283,11.735461960365694,2020-10,2020,10
BK0702,prism_tmax_us_30s_202010_avg_30y.tif,prism_vpdmax_us_30s_202010_avg_30y.tif,18.596594559518916,13.596594559518916,10.395099840666118,1.0395099840666118,0.517723078364023,11.852734285044287,2020-10,2020,10
BK0703,prism_tmax_us_30s_202010_avg_30y.tif,prism_vpdmax_us_30s_202010_avg_30y.tif,18.54852294921875,13.54852294921875,10.286761283874512,1.0286761283874513,0.5236901003088887,11.827822721628424,2020-10,2020,10
BK0771,prism_tmax_us_30s_202010_avg_30y.tif,prism_vpdmax_us_30s_202010_avg_30y.tif,18.435611724853516,13.435611724853516,10.129924774169922,1.0129924774169923,0.5279949309188106,11.765493855843035,2020-10,2020,10
BK0801,prism_tmax_us_30s_202010_avg_30y.tif,prism_vpdmax_us_30s_202010_avg_30y.tif,18.400915781656902,13.400915781656902,10.209966023763021,1.0209966023763022,0.5165089979213986,11.741307284382572,2020-10,2020,10
BK0802,prism_tmax_us_30s_202010_avg_30y.tif,prism_vpdmax_us_30s_202010_avg_30y.tif,18.369691212972004,13.369691212972004,10.103766759236654,1.0103766759236654,0.5240013806134003,11.726547460336192,2020-10,2020,10
BK0891,prism_tmax_us_30s_202010_avg_30y.tif,prism_vpdmax_us_30s_202010_avg_30y.tif,18.401899337768555,13.401899337768555,10.059800148010254,1.0059800148010254,0.5316241921694871,11.74780523203738,2020-10,2020,10
BK0901,prism_tmax_us_30s_202010_avg_30y.tif,prism_vpdmax_us_30s_202010_avg_30y.tif,18.331697736467635,13.331697736467635,10.04952893938337,1.004952893938337,0.5256271568902504,11.705644089235017,2020-10,2020,10
BK0902,prism_tmax_us_30s_202010_avg_30y.tif,prism_vpdmax_us_30s_202010_avg_30y.tif,18.387889099121093,13.387889099121093,10.074230194091797,1.0074230194091798,0.5287771108875403,11.738742523780463,2020-10,2020,10
BK1001,prism_tmax_us_30s_202010_avg_30y.tif,prism_vpdmax_us_30s_202010_avg_30y.tif,18.592849731445312,13.592849731445312,10.304272121853298,1.0304272121853297,0.526426238549587,11.85403130947948,2020-10,2020,10
BK1002,prism_tmax_us_30s_202010_avg_30y.tif,prism_vpdmax_us_30s_202010_avg_30y.tif,18.560062755237926,13.560062755237926,10.214927673339844,1.0214927673339844,0.5320405474669907,11.83764751737443,2020-10,2020,10
BK1061,prism_tmax_us_30s_202010_avg_30y.tif,prism_vpdmax_us_30s_202010_avg_30y.tif,18.48459734235491,13.48459734235491,10.034185137067523,1.0034185137067522,0.5424964818124169,11.798967810467513,2020-10,2020,10
BK1091,prism_tmax_us_30s_202010_avg_30y.tif,prism_vpdmax_us_30s_202010_avg_30y.tif,18.492113385881698,13.492113385881698,10.031199863978795,1.0031199863978795,0.5435522892959128,11.803644339488216,2020-10,2020,10
BK1101,prism_tmax_us_30s_202010_avg_30y.tif,prism_vpdmax_us_30s_202010_avg_30y.tif,18.43079833984375,13.43079833984375,9.918907674153646,0.9918907674153645,0.5486131949671127,11.770867644313482,2020-10,2020,10
BK1102,prism_tmax_us_30s_202010_avg_30y.tif,prism_vpdmax_us_30s_202010_avg_30y.tif,18.394488864474827,13.394488864474827,9.870188395182291,0.9870188395182291,0.5498425651401173,11.750763314257291,2020-10,2020,10
BK1103,prism_tmax_us_30s_202010_avg_30y.tif,prism_vpdmax_us_30s_202010_avg_30y.tif,18.360929870605467,13.360929870605467,9.823799896240235,0.9823799896240235,0.5511215091251433,11.732237989719481,2020-10,2020,10
BK1201,prism_tmax_us_30s_202010_avg_30y.tif,prism_vpdmax_us_30s_202010_avg_30y.tif,18.490513392857142,13.490513392857142,10.180385044642858,1.0180385044642857,0.528472536405306,11.796810800557283,2020-10,2020,10
BK1202,prism_tmax_us_30s_202010_avg_30y.tif,prism_vpdmax_us_30s_202010_avg_30y.tif,18.501542409261067,13.501542409261067,10.118916829427084,1.0118916829427085,0.5357310758989691,11.80591685887932,2020-10,2020,10
BK1203,prism_tmax_us_30s_202010_avg_30y.tif,prism_vpdmax_us_30s_202010_avg_30y.tif,18.484341430664063,13.484341430664063,10.108460235595704,1.0108460235595704,0.5350431932653805,11.795893566139817,2020-10,2020,10
BK1204,prism_tmax_us_30s_202010_avg_30y.tif,prism_vpdmax_us_30s_202010_avg_30y.tif,18.436199951171876,13.436199951171876,9.924929809570312,0.9924929809570312,0.5485535166840089,11.773906904371268,2020-10,2020,10
BK1301,prism_tmax_us_30s_202010_avg_30y.tif,prism_vpdmax_us_30s_202010_avg_30y.tif,18.264681498209637,13.264681498209637,9.68637466430664,0.9686374664306641,0.555263437345942,11.679292940361819,2020-10,2020,10
BK1302,prism_tmax_us_30s_202010_avg_30y.tif,prism_vpdmax_us_30s_202010_avg_30y.tif,18.192336138556986,13.192336138556986,9.573870490579043,0.9573870490579044,0.5593323104788988,11.639872188580018,2020-10,2020,10
BK1303,prism_tmax_us_30s_202010_avg_30y.tif,prism_vpdmax_us_30s_202010_avg_30y.tif,18.217400868733723,13.217400868733723,9.621200561523438,0.9621200561523438,0.5570840464949485,11.653200322844535,2020-10,2020,10
BK1391,prism_tmax_us_30s_202010_avg_30y.tif,prism_vpdmax_us_30s_202010_avg_30y.tif,18.25226593017578,13.252265930175781,9.669832865397135,0.9669832865397134,0.5556830372659782,11.672418216055197,2020-10,2020,10
BK1401,prism_tmax_us_30s_202010_avg_30y.tif,prism_vpdmax_us_30s_202010_avg_30y.tif,18.471917470296223,13.471917470296223,10.03190803527832,1.003190803527832,0.5414473669671533,11.79136602087605,2020-10,2020,10
BK1402,prism_tmax_us_30s_202010_avg_30y.tif,prism_vpdmax_us_30s_202010_avg_30y.tif,18.4797626842152,13.4797626842152,10.03959170254794,1.0039591702547939,0.5414688804988239,11.795822711986055,2020-10,2020,10
BK1403,prism_tmax_us_30s_202010_avg_30y.tif,prism_vpdmax_us_30s_202010_avg_30y.tif,18.41496159480168,13.414961594801682,9.853414682241587,0.9853414682241587,0.5535728251348989,11.763837344530568,2020-10,2020,10
BK1501,prism_tmax_us_30s_202010_avg_30y.tif,prism_vpdmax_us_30s_202010_avg_30y.tif,18.353468674879807,13.353468674879807,9.823468721829927,0.9823468721829928,0.5504084928379612,11.727727276342168,2020-10,2020,10
BK1502,prism_tmax_us_30s_202010_avg_30y.tif,prism_vpdmax_us_30s_202010_avg_30y.tif,18.3498779296875,13.349877929687501,9.789679718017577,0.9789679718017578,0.5534284254702609,11.726878157342625,2020-10,2020,10
BK1503,prism_tmax_us_30s_202010_avg_30y.tif,prism_vpdmax_us_30s_202010_avg_30y.tif,18.26492919921875,13.264929199218749,9.694859313964844,0.9694859313964844,0.5544396122239296,11.679109623561034,2020-10,2020,10
BK1601,prism_tmax_us_30s_202010_avg_30y.tif,prism_vpdmax_us_30s_202010_avg_30y.tif,18.405921088324654,13.405921088324654,10.107799106174046,1.0107799106174045,0.5272275557473707,11.748357686488795,2020-10,2020,10
BK1602,prism_tmax_us_30s_202010_avg_30y.tif,prism_vpdmax_us_30s_202010_avg_30y.tif,18.462136008522727,13.462136008522727,10.123981822620738,1.0123981822620738,0.5312556568674953,11.78181458998131,2020-10,2020,10
BK1701,prism_tmax_us_30s_202010_avg_30y.tif,prism_vpdmax_us_30s_202010_avg_30y.tif,18.480907864040798,13.480907864040798,10.110110812717014,1.0110110812717015,0.5345322993518404,11.793745952556405,2020-10,2020,10
BK1702,prism_tmax_us_30s_202010_avg_30y.tif,prism_vpdmax_us_30s_202010_avg_30y.tif,18.485965304904514,13.485965304904514,10.00268809000651,1.000268809000651,0.545783991577631,11.801035436570867,2020-10,2020,10
BK1703,prism_tmax_us_30s_202010_avg_30y.tif,prism_vpdmax_us_30s_202010_avg_30y.tif,18.48226373845881,13.482263738458808,10.092754710804332,1.0092754710804333,0.5364044680120763,11.795250495634889,2020-10,2020,10
BK1704,prism_tmax_us_30s_202010_avg_30y.tif,prism_vpdmax_us_30s_202010_avg_30y.tif,18.476416847922586,13.476416847922586,10.098227067427201,1.0098227067427201,0.535268431583509,11.791488846384425,2020-10,2020,10
BK1771,prism_tmax_us_30s_202010_avg_30y.tif,prism_vpdmax_us_30s_202010_avg_30y.tif,18.494850158691406,13.494850158691406,10.078450202941895,1.0078450202941895,0.5391030802271641,11.803447550507302,2020-10,2020,10
BK1801,prism_tmax_us_30s_202010_avg_30y.tif,prism_vpdmax_us_30s_202010_avg_30y.tif,18.419024299172793,13.419024299172793,9.825135174919577,0.9825135174919577,0.5568084467629013,11.767412497208793,2020-10,2020,10
BK1802,prism_tmax_us_30s_202010_avg_30y.tif,prism_vpdmax_us_30s_202010_avg_30y.tif,18.342405531141495,13.342405531141495,9.73530493842231,0.973530493842231,0.5581191223019254,11.724484751221883,2020-10,2020,10
BK1803,prism_tmax_us_30s_202010_avg_30y.tif,prism_vpdmax_us_30s_202010_avg_30y.tif,18.454310366981908,13.454310366981908,9.9347999974301,0.9934799997430099,0.5493867232272425,11.784502960307048,2020-10,2020,10
BK1891,prism_tmax_us_30s_202010_avg_30y.tif,prism_vpdmax_us_30s_202010_avg_30y.tif,18.252104187011717,13.252104187011717,9.661448669433593,0.9661448669433593,0.5565053792308027,11.672649688073347,2020-10,2020,10
BK1892,prism_tmax_us_30s_202010_avg_30y.tif,prism_vpdmax_us_30s_202010_avg_30y.tif,18.331316630045574,13.331316630045574,9.727133433024088,0.9727133433024088,0.5578286521814048,11.718083189543131,2020-10,2020,10
BK1893,prism_tmax_us_30s_202010_avg_30y.tif,prism_vpdmax_us_30s_202010_avg_30y.tif,18.386277940538193,13.386277940538193,9.79717763264974,0.9797177632649741,0.5563209722710445,11.748653734387675,2020-10,2020,10
BK5591,prism_tmax_us_30s_202010_avg_30y.tif,prism_vpdmax_us_30s_202010_avg_30y.tif,18.345691680908203,13.345691680908203,10.042658487955729,1.004265848795573,0.5277121412337131,11.7143980545798,2020-10,2020,10
BK5691,prism_tmax_us_30s_202010_avg_30y.tif,prism_vpdmax_us_30s_202010_avg_30y.tif,18.251951518811676,13.251951518811676,9.666920712119655,0.9666920712119655,0.5559429995390455,11.672342109985065,2020-10,2020,10
BK5692,prism_tmax_us_30s_202010_avg_30y.tif,prism_vpdmax_us_30s_202010_avg_30y.tif,18.238864674287683,13.238864674287683,9.624244241153493,0.9624244241153492,0.5589102901174074,11.666088014337257,2020-10,2020,10
BK5693,prism_tmax_us_30s_202010_avg_30y.tif,prism_vpdmax_us_30s_202010_avg_30y.tif,18.41445583767361,13.41445583767361,9.857443915473091,0.9857443915473091,0.5531191583917637,11.763372289208899,2020-10,2020,10
BX0101,prism_tmax_us_30s_202010_avg_30y.tif,prism_vpdmax_us_30s_202010_avg_30y.tif,18.578083918644833,13.578083918644833,10.617431640625,1.0617431640625,0.4936142735116118,11.832763991361682,2020-10,2020,10
BX0102,prism_tmax_us_30s_202010_avg_30y.tif,prism_vpdmax_us_30s_202010_avg_30y.tif,18.51007758246528,13.510077582465279,10.487877739800346,1.0487877739800346,0.4996958063322474,11.796594441146386,2020-10,2020,10
BX0201,prism_tmax_us_30s_202010_avg_30y.tif,prism_vpdmax_us_30s_202010_avg_30y.tif,18.542742047991073,13.542742047991073,10.537572588239398,1.0537572588239397,0.4980246038333369,11.814458410517439,2020-10,2020,10
BX0202,prism_tmax_us_30s_202010_avg_30y.tif,prism_vpdmax_us_30s_202010_avg_30y.tif,18.499374389648438,13.499374389648438,10.46148681640625,1.046148681640625,0.5012554868105124,11.791138685247194,2020-10,2020,10
BX0291,prism_tmax_us_30s_202010_avg_30y.tif,prism_vpdmax_us_30s_202010_avg_30y.tif,18.597549438476562,13.597549438476562,10.67282485961914,1.067282485961914,0.4900473851552145,11.84239915398221,2020-10,2020,10
BX0301,prism_tmax_us_30s_202010_avg_30y.tif,prism_vpdmax_us_30s_202010_avg_30y.tif,18.457872663225448,13.457872663225448,10.394385201590401,1.0394385201590401,0.5037864608583904,11.768601879166177,2020-10,2020,10
BX0302,prism_tmax_us_30s_202010_avg_30y.tif,prism_vpdmax_us_30s_202010_avg_30y.tif,18.422999064127605,13.422999064127605,10.290349960327148,1.0290349960327148,0.5106859065857403,11.751540030648547,2020-10,2020,10
BX0303,prism_tmax_us_30s_202010_avg_30y.tif,prism_vpdmax_us_30s_202010_avg_30y.tif,18.44603729248047,13.446037292480469,10.303099632263184,1.0303099632263184,0.5117250230713413,11.765011078903463,2020-10,2020,10
BX0391,prism_tmax_us_30s_202010_avg_30y.tif,prism_vpdmax_us_30s_202010_avg_30y.tif,18.419717407226564,13.419717407226564,10.236839294433594,1.0236839294433593,0.5157075940022855,11.751652854340358,2020-10,2020,10
BX0401,prism_tmax_us_30s_202010_avg_30y.tif,prism_vpdmax_us_30s_202010_avg_30y.tif,18.505899047851564,13.505899047851564,10.473739624023438,1.0473739624023437,0.5006881360936752,11.79461519761665,2020-10,2020,10
BX0402,prism_tmax_us_30s_202010_avg_30y.tif,prism_vpdmax_us_30s_202010_avg_30y.tif,18.465382893880207,13.465382893880207,10.412582397460938,1.0412582397460937,0.5027222799904911,11.77244195686634,2020-10,2020,10
BX0403,prism_tmax_us_30s_202010_avg_30y.tif,prism_vpdmax_us_30s_202010_avg_30y.tif,18.406731923421223,13.406731923421223,10.31264877319336,1.031264877319336,0.5068239024137495,11.740798794228436,2020-10,2020,10
BX0491,prism_tmax_us_30s_202010_avg_30y.tif,prism_vpdmax_us_30s_202010_avg_30y.tif,18.533164978027344,13.533164978027344,10.508365631103516,1.0508365631103516,0.4999776202196855,11.80979574728784,2020-10,2020,10
BX0492,prism_tmax_us_30s_202010_avg_30y.tif,prism_vpdmax_us_30s_202010_avg_30y.tif,18.422199249267578,13.422199249267578,10.323650360107422,1.0323650360107421,0.5072755836683114,11.749746278716362,2020-10,2020,10
BX0501,prism_tmax_us_30s_202010_avg_30y.tif,prism_vpdmax_us_30s_202010_avg_30y.tif,18.379661560058594,13.379661560058594,10.227874755859375,1.0227874755859374,0.512588632593185,11.727715437162344,2020-10,2020,10
BX0502,prism_tmax_us_30s_202010_avg_30y.tif,prism_vpdmax_us_30s_202010_avg_30y.tif,18.364632500542534,13.364632500542534,10.162744310167101,1.01627443101671,0.517597456086895,11.721162428049766,2020-10,2020,10
BX0503,prism_tmax_us_30s_202010_avg_30y.tif,prism_vpdmax_us_30s_202010_avg_30y.tif,18.321620178222656,13.321620178222656,10.063619995117188,1.0063619995117188,0.5232120370327273,11.698980971606106,2020-10,2020,10
BX0601,prism_tmax_us_30s_202010_avg_30y.tif,prism_vpdmax_us_30s_202010_avg_30y.tif,18.476362228393555,13.476362228393555,10.255474090576172,1.025547409057617,0.5195382298337221,11.785275907823797,2020-10,2020,10
BX0602,prism_tmax_us_30s_202010_avg_30y.tif,prism_vpdmax_us_30s_202010_avg_30y.tif,18.390087127685547,13.390087127685547,10.150349617004395,1.0150349617004395,0.5213853759489795,11.737083854145654,2020-10,2020,10
BX0603,prism_tmax_us_30s_202010_avg_30y.tif,prism_vpdmax_us_30s_202010_avg_30y.tif,18.344656808035715,13.344656808035715,10.063685825892858,1.0063685825892859,0.5255059894124596,11.712944263995347,2020-10,2020,10
BX0701,prism_tmax_us_30s_202010_avg_30y.tif,prism_vpdmax_us_30s_202010_avg_30y.tif,18.39691162109375,13.39691162109375,10.18524424235026,1.018524424235026,0.5185797951951472,11.739850748671849,2020-10,2020,10
BX0702,prism_tmax_us_30s_202010_avg_30y.tif,prism_vpdmax_us_30s_202010_avg_30y.tif,18.31241014268663,13.31241014268663,10.025611029730904,1.0025611029730903,0.5260940292523479,11.694891504399491,2020-10,2020,10
BX0703,prism_tmax_us_30s_202010_avg_30y.tif,prism_vpdmax_us_30s_202010_avg_30y.tif,18.300600051879883,13.300600051879883,9.974512100219727,0.9974512100219727,0.5300263140136333,11.68974057082325,2020-10,2020,10
BX0801,prism_tmax_us_30s_202010_avg_30y.tif,prism_vpdmax_us_30s_202010_avg_30y.tif,18.388798304966517,13.388798304966517,10.161757332938057,1.0161757332938057,0.5201154815462916,11.735854023163707,2020-10,2020,10
BX0802,prism_tmax_us_30s_202010_avg_30y.tif,prism_vpdmax_us_30s_202010_avg_30y.tif,18.456750233968098,13.456750233968098,10.293266296386719,1.0293266296386718,0.5137854614486068,11.771895069009213,2020-10,2020,10
BX0803,prism_tmax_us_30s_202010_avg_30y.tif,prism_vpdmax_us_30s_202010_avg_30y.tif,18.43292744954427,13.43292744954427,10.334849887424046,1.0334849887424045,0.5072328003818203,11.755812354441655,2020-10,2020,10
BX0901,prism_tmax_us_30s_202010_avg_30y.tif,prism_vpdmax_us_30s_202010_avg_30y.tif,18.53076310591264,13.53076310591264,10.386062622070312,1.0386062622070313,0.5119653159870912,11.813145050235393,2020-10,2020,10
BX0902,prism_tmax_us_30s_202010_avg_30y.tif,prism_vpdmax_us_30s_202010_avg_30y.tif,18.573228454589845,13.573228454589845,10.448910522460938,1.044891052246094,0.5099747248085442,11.836440600602199,2020-10,2020,10
BX0903,prism_tmax_us_30s_202010_avg_30y.tif,prism_vpdmax_us_30s_202010_avg_30y.tif,18.569364275251115,13.569364275251115,10.381271362304688,1.0381271362304687,0.5163474544949385,11.836754093683892,2020-10,2020,10
BX0904,prism_tmax_us_30s_202010_avg_30y.tif,prism_vpdmax_us_30s_202010_avg_30y.tif,18.506083170572918,13.506083170572918,10.265650431315104,1.0265650431315103,0.5215156253955937,11.802904798495312,2020-10,2020,10
BX0991,prism_tmax_us_30s_202010_avg_30y.tif,prism_vpdmax_us_30s_202010_avg_30y.tif,18.554500034877233,13.554500034877233,10.471471514020648,1.0471471514020647,0.5058234778127311,11.824190146555793,2020-10,2020,10
BX1001,prism_tmax_us_30s_202010_avg_30y.tif,prism_vpdmax_us_30s_202010_avg_30y.tif,18.544986724853516,13.544986724853516,10.280137062072754,1.0280137062072754,0.5239950380929523,11.825937522962473,2020-10,2020,10
BX1002,prism_tmax_us_30s_202010_avg_30y.tif,prism_vpdmax_us_30s_202010_avg_30y.tif,18.5869404185902,13.5869404185902,10.277562921697443,1.0277562921697443,0.5284982991087803,11.851495048890392,2020-10,2020,10
BX1003,prism_tmax_us_30s_202010_avg_30y.tif,prism_vpdmax_us_30s_202010_avg_30y.tif,18.540939331054688,13.540939331054688,10.041390228271485,1.0041390228271485,0.5474606505447019,11.832864636372076,2020-10,2020,10
BX1004,prism_tmax_us_30s_202010_avg_30y.tif,prism_vpdmax_us_30s_202010_avg_30y.tif,18.56460848721591,13.56460848721591,10.170990683815695,1.0170990683815695,0.5368941934626581,11.842132430282245,2020-10,2020,10
BX1071,prism_tmax_us_30s_202010_avg_30y.tif,prism_vpdmax_us_30s_202010_avg_30y.tif,18.429100036621094,13.429100036621094,9.547666549682617,0.9547666549682617,0.5855667652918418,11.784427459523853,2020-10,2020,10
BX1091,prism_tmax_us_30s_202010_avg_30y.tif,prism_vpdmax_us_30s_202010_avg_30y.tif,18.606849670410156,13.606849670410156,10.382074356079102,1.03820743560791,0.5200655990611631,11.859469543553596,2020-10,2020,10
BX1101,prism_tmax_us_30s_202010_avg_30y.tif,prism_vpdmax_us_30s_202010_avg_30y.tif,18.439212799072266,13.439212799072266,10.153849601745605,1.0153849601745606,0.5259642193135052,11.766737595264182,2020-10,2020,10
BX1102,prism_tmax_us_30s_202010_avg_30y.tif,prism_vpdmax_us_30s_202010_avg_30y.tif,18.463050842285156,13.463050842285156,10.129519653320312,1.0129519653320311,0.5307939123158669,11.782151835115819,2020-10,2020,10
BX1103,prism_tmax_us_30s_202010_avg_30y.tif,prism_vpdmax_us_30s_202010_avg_30y.tif,18.40714471990412,13.407144719904121,10.00931826504794,1.000931826504794,0.5371983513470646,11.752970008265033,2020-10,2020,10
BX1104,prism_tmax_us_30s_202010_avg_30y.tif,prism_vpdmax_us_30s_202010_avg_30y.tif,18.331085205078125,13.331085205078125,9.975428989955358,0.9975428989955357,0.5329759879758811,11.708184874553817,2020-10,2020,10
BX1161,prism_tmax_us_30s_202010_avg_30y.tif,prism_vpdmax_us_30s_202010_avg_30y.tif,18.555598667689733,13.555598667689733,10.219670976911273,1.0219670976911273,0.5311146473002619,11.83475250096908,2020-10,2020,10
BX1201,prism_tmax_us_30s_202010_avg_30y.tif,prism_vpdmax_us_30s_202010_avg_30y.tif,18.259082794189453,13.259082794189453,9.879891077677408,0.9879891077677408,0.5353549630306803,11.668294444776476,2020-10,2020,10
BX1202,prism_tmax_us_30s_202010_avg_30y.tif,prism_vpdmax_us_30s_202010_avg_30y.tif,18.429485502697172,13.429485502697172,9.985685802641369,0.9985685802641369,0.5418035467080697,11.767447073885567,2020-10,2020,10
BX1203,prism_tmax_us_30s_202010_avg_30y.tif,prism_vpdmax_us_30s_202010_avg_30y.tif,18.214100428989955,13.214100428989955,9.831478663853236,0.9831478663853236,0.5357288494833844,11.642936381084274,2020-10,2020,10
BX1271,prism_tmax_us_30s_202010_avg_30y.tif,prism_vpdmax_us_30s_202010_avg_30y.tif,18.204413277762278,13.204413277762278,9.866142272949219,0.9866142272949219,0.5313019302057496,11.63570398706207,2020-10,2020,10
BX2691,prism_tmax_us_30s_202010_avg_30y.tif,prism_vpdmax_us_30s_202010_avg_30y.tif,18.2981351964614,13.298135196461399,10.050664565142464,1.0050664565142464,0.5221653922270233,11.685253655538832,2020-10,2020,10
BX2791,prism_tmax_us_30s_202010_avg_30y.tif,prism_vpdmax_us_30s_202010_avg_30y.tif,18.395584106445312,13.395584106445312,10.11407705453726,1.011407705453726,0.5255634629443757,11.74184262929163,2020-10,2020,10
BX2891,prism_tmax_us_30s_202010_avg_30y.tif,prism_vpdmax_us_30s_202010_avg_30y.tif,18.52007359095982,13.520073590959822,9.94294172014509,0.994294172014509,0.5551980976484768,11.82407457845007,2020-10,2020,10
MN0101,prism_tmax_us_30s_202010_avg_30y.tif,prism_vpdmax_us_30s_202010_avg_30y.tif,18.667739868164062,13.667739868164062,10.628569793701171,1.062856979370117,0.5016035010399689,11.88673868115773,2020-10,2020,10
MN0102,prism_tmax_us_30s_202010_avg_30y.tif,prism_vpdmax_us_30s_202010_avg_30y.tif,18.661211013793945,13.661211013793945,10.614261627197266,1.0614261627197266,0.5023698484083197,11.883337995245636,2020-10,2020,10
MN0191,prism_tmax_us_30s_202010_avg_30y.tif,prism_vpdmax_us_30s_202010_avg_30y.tif,18.733849843343098,13.733849843343098,10.720916748046875,1.0720916748046876,0.49911106770350333,11.923243510783012,2020-10,2020,10
MN0201,prism_tmax_us_30s_202010_avg_30y.tif,prism_vpdmax_us_30s_202010_avg_30y.tif,18.62744903564453,13.627449035644531,10.552533467610678,1.0552533467610679,0.5051105143143444,11.865272035335986,2020-10,2020,10
MN0202,prism_tmax_us_30s_202010_avg_30y.tif,prism_vpdmax_us_30s_202010_avg_30y.tif,18.604198455810547,13.604198455810547,10.508999824523926,1.0508999824523926,0.5071041337719233,11.852872449016946,2020-10,2020,10
MN0203,prism_tmax_us_30s_202010_avg_30y.tif,prism_vpdmax_us_30s_202010_avg_30y.tif,18.668711344401043,13.668711344401043,10.622111002604166,1.0622111002604167,0.5023482725914503,11.88758220340383,2020-10,2020,10
MN0301,prism_tmax_us_30s_202010_avg_30y.tif,prism_vpdmax_us_30s_202010_avg_30y.tif,18.628217061360676,13.628217061360676,10.551583607991537,1.0551583607991537,0.5052835021263262,11.865775490127149,2020-10,2020,10
MN0302,prism_tmax_us_30s_202010_avg_30y.tif,prism_vpdmax_us_30s_202010_avg_30y.tif,18.62471444266183,13.62471444266183,10.545671735491071,1.0545671735491071,0.5055189859180687,11.863882050455057,2020-10,2020,10
MN0303,prism_tmax_us_30s_202010_avg_30y.tif,prism_vpdmax_us_30s_202010_avg_30y.tif,18.63074951171875,13.63074951171875,10.557779693603516,1.0557779693603515,0.5049211172865453,11.867068972238142,2020-10,2020,10
MN0401,prism_tmax_us_30s_202010_avg_30y.tif,prism_vpdmax_us_30s_202010_avg_30y.tif,18.629308064778645,13.629308064778645,10.623174667358398,1.06231746673584,0.4982352060249906,11.863624108697312,2020-10,2020,10
MN0402,prism_tmax_us_30s_202010_avg_30y.tif,prism_vpdmax_us_30s_202010_avg_30y.tif,18.58074951171875,13.58074951171875,10.610674858093262,1.061067485809326,0.49455992565450413,11.83464702392675,2020-10,2020,10
MN0501,prism_tmax_us_30s_202010_avg_30y.tif,prism_vpdmax_us_30s_202010_avg_30y.tif,18.582799911499023,13.582799911499023,10.521862030029297,1.0521862030029296,0.5036489029500486,11.839381568679315,2020-10,2020,10
MN0502,prism_tmax_us_30s_202010_avg_30y.tif,prism_vpdmax_us_30s_202010_avg_30y.tif,18.498310852050782,13.498310852050782,10.465620422363282,1.0465620422363282,0.500734905034691,11.790331070791426,2020-10,2020,10
MN0601,prism_tmax_us_30s_202010_avg_30y.tif,prism_vpdmax_us_30s_202010_avg_30y.tif,18.648273468017578,13.648273468017578,10.582425117492676,1.0582425117492675,0.5042375218808195,11.876736402465129,2020-10,2020,10
MN0602,prism_tmax_us_30s_202010_avg_30y.tif,prism_vpdmax_us_30s_202010_avg_30y.tif,18.605982462565105,13.605982462565105,10.545549392700195,1.0545549392700195,0.5036301281447881,11.852518696635316,2020-10,2020,10
MN0603,prism_tmax_us_30s_202010_avg_30y.tif,prism_vpdmax_us_30s_202010_avg_30y.tif,18.605239868164062,13.605239868164062,10.578318786621093,1.0578318786621093,0.5002778654178874,11.850780206358253,2020-10,2020,10
MN0604,prism_tmax_us_30s_202010_avg_30y.tif,prism_vpdmax_us_30s_202010_avg_30y.tif,18.51971689860026,13.519716898600262,10.497316360473633,1.0497316360473632,0.4997246301517029,11.802071261155966,2020-10,2020,10
MN0661,prism_tmax_us_30s_202010_avg_30y.tif,prism_vpdmax_us_30s_202010_avg_30y.tif,18.569499969482422,13.569499969482422,10.537799835205078,1.0537799835205077,0.500708342611297,11.830684861342773,2020-10,2020,10
MN0701,prism_tmax_us_30s_202010_avg_30y.tif,prism_vpdmax_us_30s_202010_avg_30y.tif,18.529288397894966,13.529288397894966,10.574500189887154,1.0574500189887153,0.4929726203430862,11.804844761401277,2020-10,2020,10
MN0702,prism_tmax_us_30s_202010_avg_30y.tif,prism_vpdmax_us_30s_202010_avg_30y.tif,18.463809204101562,13.463809204101562,10.508749389648438,1.0508749389648437,0.49294723870693113,11.767708083537409,2020-10,2020,10
MN0703,prism_tmax_us_30s_202010_avg_30y.tif,prism_vpdmax_us_30s_202010_avg_30y.tif,18.468157087053573,13.468157087053573,10.49664306640625,1.049664306640625,0.4945953825381215,11.770821053696856,2020-10,2020,10
MN0801,prism_tmax_us_30s_202010_avg_30y.tif,prism_vpdmax_us_30s_202010_avg_30y.tif,18.552132924397785,13.552132924397785,10.569899876912435,1.0569899876912436,0.495741255562665,11.818885681569672,2020-10,2020,10
MN0802,prism_tmax_us_30s_202010_avg_30y.tif,prism_vpdmax_us_30s_202010_avg_30y.tif,18.445719909667968,13.445719909667968,10.438749694824219,1.0438749694824219,0.4981281164534641,11.759487538547948,2020-10,2020,10
MN0803,prism_tmax_us_30s_202010_avg_30y.tif,prism_vpdmax_us_30s_202010_avg_30y.tif,18.54246648152669,13.542466481526692,10.585816701253256,1.0585816701253257,0.49317234154357337,11.812395225252258,2020-10,2020,10
MN0901,prism_tmax_us_30s_202010_avg_30y.tif,prism_vpdmax_us_30s_202010_avg_30y.tif,18.515600204467773,13.515600204467773,10.559800148010254,1.0559800148010254,0.4930607776884539,11.797118201564789,2020-10,2020,10
MN0902,prism_tmax_us_30s_202010_avg_30y.tif,prism_vpdmax_us_30s_202010_avg_30y.tif,18.484832763671875,13.484832763671875,10.510416666666666,1.0510416666666667,0.49489704382770605,11.780394715226242,2020-10,2020,10
MN0903,prism_tmax_us_30s_202010_avg_30y.tif,prism_vpdmax_us_30s_202010_avg_30y.tif,18.449166615804035,13.449166615804035,10.452183405558268,1.0452183405558269,0.49713120716124304,11.761050035575256,2020-10,2020,10
MN1001,prism_tmax_us_30s_202010_avg_30y.tif,prism_vpdmax_us_30s_202010_avg_30y.tif,18.527999877929688,13.527999877929688,10.564766565958658,1.0564766565958659,0.49381585830514707,11.804445563100055,2020-10,2020,10
MN1002,prism_tmax_us_30s_202010_avg_30y.tif,prism_vpdmax_us_30s_202010_avg_30y.tif,18.50616912841797,13.50616912841797,10.513089752197265,1.0513089752197264,0.4967803628087162,11.793232578396813,2020-10,2020,10
MN1101,prism_tmax_us_30s_202010_avg_30y.tif,prism_vpdmax_us_30s_202010_avg_30y.tif,18.52753363715278,13.527533637152779,10.575799730088976,1.0575799730088975,0.49266545975561926,11.803729097949583,2020-10,2020,10
MN1102,prism_tmax_us_30s_202010_avg_30y.tif,prism_vpdmax_us_30s_202010_avg_30y.tif,18.600608132102273,13.600608132102273,10.669408624822443,1.0669408624822443,0.4906991443444886,11.844389574629371,2020-10,2020,10
MN1191,prism_tmax_us_30s_202010_avg_30y.tif,prism_vpdmax_us_30s_202010_avg_30y.tif,18.595449447631836,13.595449447631836,10.679049491882324,1.0679049491882324,0.48921202509643047,11.840880162670148,2020-10,2020,10
MN1201,prism_tmax_us_30s_202010_avg_30y.tif,prism_vpdmax_us_30s_202010_avg_30y.tif,18.39312235514323,13.39312235514323,10.342277526855469,1.0342277526855468,0.5024967118143,11.731381583109231,2020-10,2020,10
MN1202,prism_tmax_us_30s_202010_avg_30y.tif,prism_vpdmax_us_30s_202010_avg_30y.tif,18.434056599934895,13.434056599934895,10.383455912272135,1.0383455912272135,0.5024856091756784,11.754586936569126,2020-10,2020,10
MN1203,prism_tmax_us_30s_202010_avg_30y.tif,prism_vpdmax_us_30s_202010_avg_30y.tif,18.518356323242188,13.518356323242188,10.405542646135602,1.0405542646135602,0.508764675904126,11.80485255290864,2020-10,2020,10
MN1291,prism_tmax_us_30s_202010_avg_30y.tif,prism_vpdmax_us_30s_202010_avg_30y.tif,18.349714914957683,13.349714914957683,10.261833190917969,1.0261833190917968,0.5061967833055303,11.708223692620079,2020-10,2020,10
MN1292,prism_tmax_us_30s_202010_avg_30y.tif,prism_vpdmax_us_30s_202010_avg_30y.tif,18.570757184709823,13.570757184709823,10.526770455496651,1.052677045549665,0.5019385450147191,11.831881171921253,2020-10,2020,10
MN6491,prism_tmax_us_30s_202010_avg_30y.tif,prism_vpdmax_us_30s_202010_avg_30y.tif,18.42856648763021,13.42856648763021,10.429286702473958,1.0429286702473957,0.4973511749109425,11.74945621022633,2020-10,2020,10
QN0101,prism_tmax_us_30s_202010_avg_30y.tif,prism_vpdmax_us_30s_202010_avg_30y.tif,18.540706634521484,13.540706634521484,10.644343376159668,1.0644343376159668,0.4871418199458437,11.809027397012397,2020-10,2020,10
QN0102,prism_tmax_us_30s_202010_avg_30y.tif,prism_vpdmax_us_30s_202010_avg_30y.tif,18.58251953125,13.58251953125,10.62659912109375,1.0626599121093752,0.49314679139352857,11.835095263236406,2020-10,2020,10
QN0103,prism_tmax_us_30s_202010_avg_30y.tif,prism_vpdmax_us_30s_202010_avg_30y.tif,18.51324920654297,13.51324920654297,10.524969482421875,1.0524969482421875,0.49630661572730506,11.797060800090694,2020-10,2020,10
QN0104,prism_tmax_us_30s_202010_avg_30y.tif,prism_vpdmax_us_30s_202010_avg_30y.tif,18.479718295010652,13.479718295010652,10.501500216397373,1.0501500216397373,0.49527355887528657,11.777642781909027,2020-10,2020,10
QN0105,prism_tmax_us_30s_202010_avg_30y.tif,prism_vpdmax_us_30s_202010_avg_30y.tif,18.579362349076703,13.579362349076703,10.587199818004262,1.0587199818004263,0.49676693133445493,11.834727855940931,2020-10,2020,10
QN0151,prism_tmax_us_30s_202010_avg_30y.tif,prism_vpdmax_us_30s_202010_avg_30y.tif,18.582054985894096,13.582054985894096,10.688111199273003,1.0688111199273003,0.48694852624710405,11.832395947817064,2020-10,2020,10
QN0161,prism_tmax_us_30s_202010_avg_30y.tif,prism_vpdmax_us_30s_202010_avg_30y.tif,18.50629997253418,13.50629997253418,10.486700057983398,1.0486700057983398,0.4994325289344941,11.794349068298136,2020-10,2020,10
QN0171,prism_tmax_us_30s_202010_avg_30y.tif,prism_vpdmax_us_30s_202010_avg_30y.tif,18.4972661336263,13.497266133626301,10.60036595662435,1.060036595662435,0.4871550340428339,11.784401826144945,2020-10,2020,10
QN0191,prism_tmax_us_30s_202010_avg_30y.tif,prism_vpdmax_us_30s_202010_avg_30y.tif,18.5531005859375,13.5531005859375,10.625249862670898,1.0625249862670898,0.4903041127167582,11.817297548524248,2020-10,2020,10
QN0201,prism_tmax_us_30s_202010_avg_30y.tif,prism_vpdmax_us_30s_202010_avg_30y.tif,18.606219482421874,13.606219482421874,10.59346923828125,1.059346923828125,0.4988621858169515,11.850779285559264,2020-10,2020,10
QN0202,prism_tmax_us_30s_202010_avg_30y.tif,prism_vpdmax_us_30s_202010_avg_30y.tif,18.5089111328125,13.5089111328125,10.431465996636284,1.0431465996636284,0.5052193126865565,11.798103802190504,2020-10,2020,10
QN0203,prism_tmax_us_30s_202010_avg_30y.tif,prism_vpdmax_us_30s_202010_avg_30y.tif,18.445018421519887,13.445018421519887,10.405654907226562,1.0405654907226562,0.5013670902183349,11.760362711457581,2020-10,2020,10
QN0261,prism_tmax_us_30s_202010_avg_30y.tif,prism_vpdmax_us_30s_202010_avg_30y.tif,18.538957868303573,13.538957868303573,10.520900181361608,1.0520900181361608,0.49930942288887437,11.812817714523453,2020-10,2020,10
QN0271,prism_tmax_us_30s_202010_avg_30y.tif,prism_vpdmax_us_30s_202010_avg_30y.tif,18.42968532017299,13.42968532017299,10.299742562430245,1.0299742562430245,0.5104179358074987,11.755225825310431,2020-10,2020,10
QN0301,prism_tmax_us_30s_202010_avg_30y.tif,prism_vpdmax_us_30s_202010_avg_30y.tif,18.479466756184895,13.479466756184895,10.56743303934733,1.056743303934733,0.4886549454426077,11.774899044315779,2020-10,2020,10
QN0302,prism_tmax_us_30s_202010_avg_30y.tif,prism_vpdmax_us_30s_202010_avg_30y.tif,18.52389803799716,13.52389803799716,10.672908436168324,1.0672908436168325,0.4825875004735949,11.797707075230512,2020-10,2020,10
QN0303,prism_tmax_us_30s_202010_avg_30y.tif,prism_vpdmax_us_30s_202010_avg_30y.tif,18.512012481689453,13.512012481689453,10.579924583435059,1.0579924583435059,0.4906863261374024,11.794150803289918,2020-10,2020,10
QN0401,prism_tmax_us_30s_202010_avg_30y.tif,prism_vpdmax_us_30s_202010_avg_30y.tif,18.46328383225661,13.46328383225661,10.451014592097355,1.0451014592097354,0.49866785958842197,11.769658401707748,2020-10,2020,10
QN0402,prism_tmax_us_30s_202010_avg_30y.tif,prism_vpdmax_us_30s_202010_avg_30y.tif,18.560487535264755,13.560487535264755,10.579043918185764,1.0579043918185764,0.4956718980880481,11.823595488443718,2020-10,2020,10
QN0501,prism_tmax_us_30s_202010_avg_30y.tif,prism_vpdmax_us_30s_202010_avg_30y.tif,18.43255043029785,13.432550430297852,10.28551197052002,1.028551197052002,0.5121287260864587,11.75752268333086,2020-10,2020,10
QN0502,prism_tmax_us_30s_202010_avg_30y.tif,prism_vpdmax_us_30s_202010_avg_30y.tif,18.406124339384192,13.406124339384192,10.205699247472426,1.0205699247472426,0.5174579239875408,11.744633464557939,2020-10,2020,10
QN0503,prism_tmax_us_30s_202010_avg_30y.tif,prism_vpdmax_us_30s_202010_avg_30y.tif,18.36893653869629,13.368936538696289,10.176899909973145,1.0176899909973145,0.5166125443246967,11.7232157473604,2020-10,2020,10
QN0504,prism_tmax_us_30s_202010_avg_30y.tif,prism_vpdmax_us_30s_202010_avg_30y.tif,18.380914541391228,13.380914541391228,10.24740013709435,1.0247400137094351,0.5107615606939666,11.727707838321553,2020-10,2020,10
QN0571,prism_tmax_us_30s_202010_avg_30y.tif,prism_vpdmax_us_30s_202010_avg_30y.tif,18.32285635811942,13.32285635811942,10.133771623883929,1.013377162388393,0.5163202472798571,11.696973412234694,2020-10,2020,10
QN0572,prism_tmax_us_30s_202010_avg_30y.tif,prism_vpdmax_us_30s_202010_avg_30y.tif,18.332624435424805,13.332624435424805,10.141874313354492,1.0141874313354493,0.5164851583924062,11.70257672213408,2020-10,2020,10
QN0573,prism_tmax_us_30s_202010_avg_30y.tif,prism_vpdmax_us_30s_202010_avg_30y.tif,18.430933634440105,13.430933634440105,10.308383305867514,1.0308383305867515,0.5096792186732528,11.755643303666128,2020-10,2020,10
QN0574,prism_tmax_us_30s_202010_avg_30y.tif,prism_vpdmax_us_30s_202010_avg_30y.tif,18.31997553507487,13.319975535074871,10.065066655476889,1.0065066655476889,0.5229032459959553,11.697927104063861,2020-10,2020,10
QN0601,prism_tmax_us_30s_202010_avg_30y.tif,prism_vpdmax_us_30s_202010_avg_30y.tif,18.489334106445312,13.489334106445312,10.422422620985243,1.0422422620985243,0.5041499489227499,11.786583368281132,2020-10,2020,10
QN0602,prism_tmax_us_30s_202010_avg_30y.tif,prism_vpdmax_us_30s_202010_avg_30y.tif,18.50676918029785,13.506769180297852,10.397611618041992,1.0397611618041993,0.5083886971993317,11.798134883228219,2020-10,2020,10
QN0701,prism_tmax_us_30s_202010_avg_30y.tif,prism_vpdmax_us_30s_202010_avg_30y.tif,18.600896661931817,13.600896661931817,10.591994545676492,1.0591994545676493,0.49846981048841066,11.847607042837284,2020-10,2020,10
QN0702,prism_tmax_us_30s_202010_avg_30y.tif,prism_vpdmax_us_30s_202010_avg_30y.tif,18.551711138556986,13.551711138556986,10.356511733111214,1.0356511733111213,0.5170374181261674,11.827015920885394,2020-10,2020,10
QN0703,prism_tmax_us_30s_202010_avg_30y.tif,prism_vpdmax_us_30s_202010_avg_30y.tif,18.544330303485577,13.544330303485577,10.2903078519381,1.02903078519381,0.522911608033388,11.825139544033442,2020-10,2020,10
QN0704,prism_tmax_us_30s_202010_avg_30y.tif,prism_vpdmax_us_30s_202010_avg_30y.tif,18.514931126644736,13.514931126644736,10.397709896689967,1.0397709896689968,0.5092022859709726,11.803082447194157,2020-10,2020,10
QN0705,prism_tmax_us_30s_202010_avg_30y.tif,prism_vpdmax_us_30s_202010_avg_30y.tif,18.545610215928818,13.545610215928818,10.405321756998697,1.0405321756998698,0.5115395933846132,11.821396052631792,2020-10,2020,10
QN0706,prism_tmax_us_30s_202010_avg_30y.tif,prism_vpdmax_us_30s_202010_avg_30y.tif,18.57041778564453,13.57041778564453,10.465439605712891,1.0465439605712892,0.5080372726601321,11.83408553261588,2020-10,2020,10
QN0707,prism_tmax_us_30s_202010_avg_30y.tif,prism_vpdmax_us_30s_202010_avg_30y.tif,18.60043687086839,13.60043687086839,10.589276827298677,1.0589276827298677,0.4986949576614672,11.847434824143333,2020-10,2020,10
QN0761,prism_tmax_us_30s_202010_avg_30y.tif,prism_vpdmax_us_30s_202010_avg_30y.tif,18.557200113932293,13.557200113932293,10.19374974568685,1.0193749745686849,0.5338687532719046,11.836742884635468,2020-10,2020,10
QN0791,prism_tmax_us_30s_202010_avg_30y.tif,prism_vpdmax_us_30s_202010_avg_30y.tif,18.572410583496094,13.572410583496094,10.436698913574219,1.0436698913574218,0.51111308212869,11.83642424211886,2020-10,2020,10
QN0801,prism_tmax_us_30s_202010_avg_30y.tif,prism_vpdmax_us_30s_202010_avg_30y.tif,18.531341552734375,13.531341552734375,10.398049672444662,1.0398049672444662,0.5108250348995955,11.81302489911593,2020-10,2020,10
QN0802,prism_tmax_us_30s_202010_avg_30y.tif,prism_vpdmax_us_30s_202010_avg_30y.tif,18.51373508998326,13.51373508998326,10.354078020368304,1.0354078020368305,0.5134447876092973,11.804071597550962,2020-10,2020,10
QN0803,prism_tmax_us_30s_202010_avg_30y.tif,prism_vpdmax_us_30s_202010_avg_30y.tif,18.529624938964844,13.529624938964844,10.34189224243164,1.034189224243164,0.5162674031139907,11.814190429816865,2020-10,2020,10
QN0804,prism_tmax_us_30s_202010_avg_30y.tif,prism_vpdmax_us_30s_202010_avg_30y.tif,18.49033464704241,13.49033464704241,10.287442888532366,1.0287442888532365,0.5177487403226138,11.792494999819834,2020-10,2020,10
QN0805,prism_tmax_us_30s_202010_avg_30y.tif,prism_vpdmax_us_30s_202010_avg_30y.tif,18.50196584065755,13.501965840657551,10.34035873413086,1.034035873413086,0.513629581025691,11.797471056995928,2020-10,2020,10
QN0871,prism_tmax_us_30s_202010_avg_30y.tif,prism_vpdmax_us_30s_202010_avg_30y.tif,18.539899826049805,13.539899826049805,10.41819953918457,1.041819953918457,0.5096746717405947,11.817425347364292,2020-10,2020,10
QN0891,prism_tmax_us_30s_202010_avg_30y.tif,prism_vpdmax_us_30s_202010_avg_30y.tif,18.444266425238716,13.444266425238716,10.206056382921007,1.0206056382921007,0.5212513643373473,11.767750849294929,2020-10,2020,10
QN0901,prism_tmax_us_30s_202010_avg_30y.tif,prism_vpdmax_us_30s_202010_avg_30y.tif,18.483354356553818,13.483354356553818,10.322077433268229,1.0322077433268229,0.5135820463197991,11.786899664369695,2020-10,2020,10
QN0902,prism_tmax_us_30s_202010_avg_30y.tif,prism_vpdmax_us_30s_202010_avg_30y.tif,18.502080743963067,13.502080743963067,10.314617503773082,1.0314617503773083,0.516215290213988,11.798552390881156,2020-10,2020,10
QN0903,prism_tmax_us_30s_202010_avg_30y.tif,prism_vpdmax_us_30s_202010_avg_30y.tif,18.564620971679688,13.564620971679688,10.370343526204428,1.0370343526204429,0.5169601725935038,11.83430543877163,2020-10,2020,10
QN0904,prism_tmax_us_30s_202010_avg_30y.tif,prism_vpdmax_us_30s_202010_avg_30y.tif,18.543811798095703,13.543811798095703,10.33187484741211,1.033187484741211,0.5187024997200562,11.823191371910244,2020-10,2020,10
QN0905,prism_tmax_us_30s_202010_avg_30y.tif,prism_vpdmax_us_30s_202010_avg_30y.tif,18.46190948486328,13.46190948486328,10.257559967041015,1.0257559967041014,0.517875053343652,11.776427573881534,2020-10,2020,10
QN1001,prism_tmax_us_30s_202010_avg_30y.tif,prism_vpdmax_us_30s_202010_avg_30y.tif,18.5811279296875,13.5811279296875,10.30968017578125,1.0309680175781248,0.5246977237632247,11.84670574157176,2020-10,2020,10
QN1002,prism_tmax_us_30s_202010_avg_30y.tif,prism_vpdmax_us_30s_202010_avg_30y.tif,18.546824137369793,13.546824137369793,10.25693384806315,1.025693384806315,0.5265010983913989,11.827964217556492,2020-10,2020,10
QN1003,prism_tmax_us_30s_202010_avg_30y.tif,prism_vpdmax_us_30s_202010_avg_30y.tif,18.4916934967041,13.491693496704102,10.034624099731445,1.0034624099731446,0.543167551134903,11.803255060227242,2020-10,2020,10
QN1091,prism_tmax_us_30s_202010_avg_30y.tif,prism_vpdmax_us_30s_202010_avg_30y.tif,18.427610609266495,13.427610609266495,9.891710069444445,0.9891710069444445,0.5510128599634571,11.77000326941974,2020-10,2020,10
QN1101,prism_tmax_us_30s_202010_avg_30y.tif,prism_vpdmax_us_30s_202010_avg_30y.tif,18.506738662719727,13.506738662719727,10.29918098449707,1.029918098449707,0.518228682513876,11.801984693990038,2020-10,2020,10
QN1102,prism_tmax_us_30s_202010_avg_30y.tif,prism_vpdmax_us_30s_202010_avg_30y.tif,18.5307328073602,13.530732807360199,10.286989713969984,1.0286989713969983,0.5218695466535714,11.817020233608085,2020-10,2020,10
QN1103,prism_tmax_us_30s_202010_avg_30y.tif,prism_vpdmax_us_30s_202010_avg_30y.tif,18.465109252929686,13.465109252929686,10.202184295654297,1.0202184295654297,0.5237345558472777,11.780544626859111,2020-10,2020,10
QN1104,prism_tmax_us_30s_202010_avg_30y.tif,prism_vpdmax_us_30s_202010_avg_30y.tif,18.416756766183035,13.416756766183035,10.171385628836495,1.0171385628836496,0.5219558547428427,11.752429737339718,2020-10,2020,10
QN1191,prism_tmax_us_30s_202010_avg_30y.tif,prism_vpdmax_us_30s_202010_avg_30y.tif,18.48149871826172,13.481498718261719,10.235207875569662,1.0235207875569663,0.5220821003348939,11.789188038686007,2020-10,2020,10
QN1201,prism_tmax_us_30s_202010_avg_30y.tif,prism_vpdmax_us_30s_202010_avg_30y.tif,18.564869600183822,13.564869600183822,10.409246108111214,1.0409246108111214,0.5130950746397867,11.832927427637664,2020-10,2020,10
QN1202,prism_tmax_us_30s_202010_avg_30y.tif,prism_vpdmax_us_30s_202010_avg_30y.tif,18.609085083007812,13.609085083007812,10.439186096191406,1.0439186096191406,0.5145811994466449,11.85858165344796,2020-10,2020,10
QN1203,prism_tmax_us_30s_202010_avg_30y.tif,prism_vpdmax_us_30s_202010_avg_30y.tif,18.62378692626953,13.623786926269531,10.408018112182617,1.0408018112182618,0.5191901675579376,11.868728923045094,2020-10,2020,10
QN1204,prism_tmax_us_30s_202010_avg_30y.tif,prism_vpdmax_us_30s_202010_avg_30y.tif,18.620254516601562,13.620254516601562,10.377892127403847,1.0377892127403847,0.5218441282646575,11.867769053321096,2020-10,2020,10
QN1205,prism_tmax_us_30s_202010_avg_30y.tif,prism_vpdmax_us_30s_202010_avg_30y.tif,18.635256559952445,13.635256559952445,10.4758824887483,1.04758824887483,0.5135687155733093,11.873022974713347,2020-10,2020,10
QN1206,prism_tmax_us_30s_202010_avg_30y.tif,prism_vpdmax_us_30s_202010_avg_30y.tif,18.551458740234374,13.551458740234374,10.377920532226563,1.0377920532226563,0.5148710156898599,11.826021414879005,2020-10,2020,10
QN1301,prism_tmax_us_30s_202010_avg_30y.tif,prism_vpdmax_us_30s_202010_avg_30y.tif,18.51352800641741,13.51352800641741,10.369335719517299,1.0369335719517299,0.5118981227800901,11.803346341891245,2020-10,2020,10
QN1302,prism_tmax_us_30s_202010_avg_30y.tif,prism_vpdmax_us_30s_202010_avg_30y.tif,18.51387702094184,13.513877020941841,10.363055759006077,1.0363055759006077,0.5125613348472116,11.803804875468977,2020-10,2020,10
QN1303,prism_tmax_us_30s_202010_avg_30y.tif,prism_vpdmax_us_30s_202010_avg_30y.tif,18.575851440429688,13.575851440429688,10.441510009765626,1.0441510009765627,0.5109803606460837,11.838323048457543,2020-10,2020,10
QN1304,prism_tmax_us_30s_202010_avg_30y.tif,prism_vpdmax_us_30s_202010_avg_30y.tif,18.647116921164773,13.647116921164773,10.529117931019176,1.0529117931019176,0.5094506465676629,11.878129398401517,2020-10,2020,10
QN1305,prism_tmax_us_30s_202010_avg_30y.tif,prism_vpdmax_us_30s_202010_avg_30y.tif,18.606524149576824,13.606524149576824,10.39383316040039,1.039383316040039,0.5188566981517242,11.858809875183686,2020-10,2020,10
QN1306,prism_tmax_us_30s_202010_avg_30y.tif,prism_vpdmax_us_30s_202010_avg_30y.tif,18.546057450143916,13.546057450143916,10.228131745990954,1.0228131745990954,0.5293038039575797,11.828630969186928,2020-10,2020,10
QN1307,prism_tmax_us_30s_202010_avg_30y.tif,prism_vpdmax_us_30s_202010_avg_30y.tif,18.53127712673611,13.53127712673611,10.23361545138889,1.0233615451388889,0.527261949792313,11.819448077127753,2020-10,2020,10
QN1371,prism_tmax_us_30s_202010_avg_30y.tif,prism_vpdmax_us_30s_202010_avg_30y.tif,18.642799377441406,13.642799377441406,10.498939514160156,1.0498939514160157,0.5120295629188685,11.876694865236392,2020-10,2020,10
QN1401,prism_tmax_us_30s_202010_avg_30y.tif,prism_vpdmax_us_30s_202010_avg_30y.tif,18.171006146599264,13.171006146599264,9.62071138269761,0.9620711382697611,0.5525365243343521,11.625107339185183,2020-10,2020,10
QN1402,prism_tmax_us_30s_202010_avg_30y.tif,prism_vpdmax_us_30s_202010_avg_30y.tif,18.108083089192707,13.108083089192707,9.475055270724827,0.9475055270724827,0.5608876990148265,11.592711977285092,2020-10,2020,10
QN1403,prism_tmax_us_30s_202010_avg_30y.tif,prism_vpdmax_us_30s_202010_avg_30y.tif,18.10071478949653,13.100714789496529,9.456932915581596,0.9456932915581596,0.5619736890324812,11.588960945434296,2020-10,2020,10
QN1491,prism_tmax_us_30s_202010_avg_30y.tif,prism_vpdmax_us_30s_202010_avg_30y.tif,18.1716796875,13.1716796875,9.599859619140625,0.9599859619140625,0.5546883426351452,11.62633490146811,2020-10,2020,10
QN8081,prism_tmax_us_30s_202010_avg_30y.tif,prism_vpdmax_us_30s_202010_avg_30y.tif,18.575215266301083,13.575215266301083,10.7577150785006,1.07577150785006,0.47929543572669275,11.825510162233304,2020-10,2020,10
QN8191,prism_tmax_us_30s_202010_avg_30y.tif,prism_vpdmax_us_30s_202010_avg_30y.tif,18.583580017089844,13.583580017089844,10.558219146728515,1.0558219146728516,0.5000922181783305,11.838426111434025,2020-10,2020,10
QN8291,prism_tmax_us_30s_202010_avg_30y.tif,prism_vpdmax_us_30s_202010_avg_30y.tif,18.40579833984375,13.405798339843749,10.224390411376953,1.0224390411376953,0.5155561159105881,11.743701212244266,2020-10,2020,10
QN8381,prism_tmax_us_30s_202010_avg_30y.tif,prism_vpdmax_us_30s_202010_avg_30y.tif,18.472496032714844,13.472496032714844,10.06127675374349,1.006127675374349,0.5385687344603305,11.790562763192225,2020-10,2020,10
QN8491,prism_tmax_us_30s_202010_avg_30y.tif,prism_vpdmax_us_30s_202010_avg_30y.tif,18.25080830342061,13.250808303420609,9.676572232633024,0.9676572232633024,0.5548642145686443,11.671269944364962,2020-10,2020,10
QN8492,prism_tmax_us_30s_202010_avg_30y.tif,prism_vpdmax_us_30s_202010_avg_30y.tif,18.056216032608695,13.056216032608695,9.417426067849863,0.9417426067849863,0.5615449406070749,11.56356165214771,2020-10,2020,10
SI0101,prism_tmax_us_30s_202010_avg_30y.tif,prism_vpdmax_us_30s_202010_avg_30y.tif,18.635369873046876,13.635369873046876,10.575759887695312,1.0575759887695313,0.5035924888450489,11.869166566133682,2020-10,2020,10
SI0102,prism_tmax_us_30s_202010_avg_30y.tif,prism_vpdmax_us_30s_202010_avg_30y.tif,18.618180708451703,13.618180708451703,10.45744462446733,1.045744462446733,0.5136783630949404,11.863384058388426,2020-10,2020,10
SI0103,prism_tmax_us_30s_202010_avg_30y.tif,prism_vpdmax_us_30s_202010_avg_30y.tif,18.68479215181791,13.68479215181791,10.504407442533052,1.0504407442533052,0.5157563883545615,11.901969410704096,2020-10,2020,10
SI0104,prism_tmax_us_30s_202010_avg_30y.tif,prism_vpdmax_us_30s_202010_avg_30y.tif,18.688069219174594,13.688069219174594,10.7051477846892,1.07051477846892,0.496016293551379,11.896069650637685,2020-10,2020,10
SI0105,prism_tmax_us_30s_202010_avg_30y.tif,prism_vpdmax_us_30s_202010_avg_30y.tif,18.713778541201638,13.713778541201638,10.777395339239211,1.077739533923921,0.49141353559912093,11.908837952351782,2020-10,2020,10
SI0106,prism_tmax_us_30s_202010_avg_30y.tif,prism_vpdmax_us_30s_202010_avg_30y.tif,18.811875563401443,13.811875563401443,11.002876868614784,1.1002876868614784,0.4789053450988585,11.959543245072469,2020-10,2020,10
SI0107,prism_tmax_us_30s_202010_avg_30y.tif,prism_vpdmax_us_30s_202010_avg_30y.tif,18.903184814453127,13.903184814453127,11.2367041015625,1.12367041015625,0.46491848035688976,12.005818752575179,2020-10,2020,10
SI0191,prism_tmax_us_30s_202010_avg_30y.tif,prism_vpdmax_us_30s_202010_avg_30y.tif,18.75174903869629,13.751749038696289,10.815949440002441,1.0815949440002441,0.4914376381997607,11.930376696753301,2020-10,2020,10
SI0201,prism_tmax_us_30s_202010_avg_30y.tif,prism_vpdmax_us_30s_202010_avg_30y.tif,18.63130387015965,13.631303870159648,10.384473717730978,1.0384473717730978,0.5223080266238345,11.874216348843687,2020-10,2020,10
SI0202,prism_tmax_us_30s_202010_avg_30y.tif,prism_vpdmax_us_30s_202010_avg_30y.tif,18.532081604003906,13.532081604003906,10.20792465209961,1.020792465209961,0.5299122859794754,11.820945797860148,2020-10,2020,10
SI0203,prism_tmax_us_30s_202010_avg_30y.tif,prism_vpdmax_us_30s_202010_avg_30y.tif,18.78580208711846,13.785802087118459,10.780336601789607,1.0780336601789606,0.4984853381074601,11.952454521272397,2020-10,2020,10
SI0204,prism_tmax_us_30s_202010_avg_30y.tif,prism_vpdmax_us_30s_202010_avg_30y.tif,18.872884114583332,13.872884114583332,11.121849060058594,1.1121849060058593,0.4732805739936057,11.991924558548234,2020-10,2020,10
SI0291,prism_tmax_us_30s_202010_avg_30y.tif,prism_vpdmax_us_30s_202010_avg_30y.tif,18.847233363560267,13.847233363560267,10.989132835751487,1.0989132835751487,0.4839123176210314,11.981558857963735,2020-10,2020,10
SI0301,prism_tmax_us_30s_202010_avg_30y.tif,prism_vpdmax_us_30s_202010_avg_30y.tif,18.596094767252605,13.596094767252605,10.315132988823784,1.0315132988823783,0.5256690951133456,11.855573687411772,2020-10,2020,10
SI0302,prism_tmax_us_30s_202010_avg_30y.tif,prism_vpdmax_us_30s_202010_avg_30y.tif,18.724954539331897,13.724954539331897,10.583774961274246,1.0583774961274246,0.5119165719596726,11.923232436581335,2020-10,2020,10
SI0303,prism_tmax_us_30s_202010_avg_30y.tif,prism_vpdmax_us_30s_202010_avg_30y.tif,18.820094299316406,13.820094299316406,10.950410461425781,1.0950410461425781,0.4849957043587705,11.966596779525398,2020-10,2020,10
SI0304,prism_tmax_us_30s_202010_avg_30y.tif,prism_vpdmax_us_30s_202010_avg_30y.tif,18.79682074652778,13.796820746527779,10.852351209852431,1.085235120985243,0.4924134396597606,11.956315845067536,2020-10,2020,10
SI0305,prism_tmax_us_30s_202010_avg_30y.tif,prism_vpdmax_us_30s_202010_avg_30y.tif,18.916981090198863,13.916981090198863,11.192620479699338,1.1192620479699338,0.47075075698327984,12.015933325637183,2020-10,2020,10
SI0391,prism_tmax_us_30s_202010_avg_30y.tif,prism_vpdmax_us_30s_202010_avg_30y.tif,18.846431477864584,13.846431477864584,11.024259440104167,1.1024259440104167,0.48031719233360093,11.979691304536324,2020-10,2020,10
SI9561,prism_tmax_us_30s_202010_avg_30y.tif,prism_vpdmax_us_30s_202010_avg_30y.tif,18.573285784040177,13.573285784040177,10.23827144077846,1.023827144077846,0.5310444373166339,11.844753503416216,2020-10,2020,10
SI9591,prism_tmax_us_30s_202010_avg_30y.tif,prism_vpdmax_us_30s_202010_avg_30y.tif,18.25640106201172,13.256401062011719,9.721699523925782,0.9721699523925782,0.5509074633521043,11.67288603525802,2020-10,2020,10
SI9592,prism_tmax_us_30s_202010_avg_30y.tif,prism_vpdmax_us_30s_202010_avg_30y.tif,18.435375213623047,13.435375213623047,10.040899276733398,1.00408992767334,0.5368737228771394,11.768849119214982,2020-10,2020,10
SI9593,prism_tmax_us_30s_202010_avg_30y.tif,prism_vpdmax_us_30s_202010_avg_30y.tif,18.501383463541668,13.501383463541668,10.140491485595703,1.0140491485595704,0.5335575836731572,11.804972554211675,2020-10,2020,10
BK0101,prism_tmax_us_30s_202011_avg_30y.tif,prism_vpdmax_us_30s_202011_avg_30y.tif,12.579408009847006,7.579408009847006,7.296966552734375,0.7296966552734375,0.31272687769589014,8.360426004517736,2020-11,2020,11
BK0102,prism_tmax_us_30s_202011_avg_30y.tif,prism_vpdmax_us_30s_202011_avg_30y.tif,12.606987847222221,7.606987847222221,7.306788974338108,0.7306788974338108,0.3137110807389074,8.37645056410539,2020-11,2020,11
BK0103,prism_tmax_us_30s_202011_avg_30y.tif,prism_vpdmax_us_30s_202011_avg_30y.tif,12.595699855259486,7.595699855259486,7.281171526227679,0.7281171526227679,0.3154675960975042,8.370740583198447,2020-11,2020,11
BK0104,prism_tmax_us_30s_202011_avg_30y.tif,prism_vpdmax_us_30s_202011_avg_30y.tif,12.557191975911458,7.557191975911458,7.2330266316731775,0.7233026631673177,0.31753923576314935,8.349720769996713,2020-11,2020,11
BK0201,prism_tmax_us_30s_202011_avg_30y.tif,prism_vpdmax_us_30s_202011_avg_30y.tif,12.61514949798584,7.61514949798584,7.341274738311768,0.7341274738311767,0.3108450568104888,8.379951872684494,2020-11,2020,11
BK0202,prism_tmax_us_30s_202011_avg_30y.tif,prism_vpdmax_us_30s_202011_avg_30y.tif,12.617999267578124,7.617999267578124,7.327679443359375,0.7327679443359375,0.31240806110297814,8.382181952730267,2020-11,2020,11
BK0203,prism_tmax_us_30s_202011_avg_30y.tif,prism_vpdmax_us_30s_202011_avg_30y.tif,12.589533487955729,7.589533487955729,7.294188605414496,0.7294188605414497,0.3137262409812359,8.366559900376524,2020-11,2020,11
BK0204,prism_tmax_us_30s_202011_avg_30y.tif,prism_vpdmax_us_30s_202011_avg_30y.tif,12.558232625325521,7.558232625325521,7.25849978129069,0.725849978129069,0.3150659609287889,8.349338821204585,2020-11,2020,11
BK0261,prism_tmax_us_30s_202011_avg_30y.tif,prism_vpdmax_us_30s_202011_avg_30y.tif,12.632913861955915,7.632913861955915,7.330528259277344,0.7330528259277344,0.3131886572302557,8.390945302020494,2020-11,2020,11
BK0301,prism_tmax_us_30s_202011_avg_30y.tif,prism_vpdmax_us_30s_202011_avg_30y.tif,12.547815958658854,7.547815958658854,7.2247161865234375,0.7224716186523438,0.31770340445065426,8.344469086508676,2020-11,2020,11
BK0302,prism_tmax_us_30s_202011_avg_30y.tif,prism_vpdmax_us_30s_202011_avg_30y.tif,12.531278337751116,7.531278337751116,7.182735443115234,0.7182735443115235,0.3207261458288436,8.336280192815618,2020-11,2020,11
BK0401,prism_tmax_us_30s_202011_avg_30y.tif,prism_vpdmax_us_30s_202011_avg_30y.tif,12.520079803466796,7.520079803466796,7.178209686279297,0.7178209686279298,0.320383502982043,8.329795965237617,2020-11,2020,11
BK0402,prism_tmax_us_30s_202011_avg_30y.tif,prism_vpdmax_us_30s_202011_avg_30y.tif,12.519539642333985,7.519539642333985,7.168719482421875,0.7168719482421875,0.32129417956606865,8.329847589772834,2020-11,2020,11
BK0471,prism_tmax_us_30s_202011_avg_30y.tif,prism_vpdmax_us_30s_202011_avg_30y.tif,12.492599487304688,7.4925994873046875,7.145074844360352,0.7145074844360352,0.3217478545822329,8.314750816152575,2020-11,2020,11
BK0501,prism_tmax_us_30s_202011_avg_30y.tif,prism_vpdmax_us_30s_202011_avg_30y.tif,12.548258972167968,7.548258972167968,7.17468032836914,0.7174680328369141,0.3227384914435991,8.346699064356573,2020-11,2020,11
BK0502,prism_tmax_us_30s_202011_avg_30y.tif,prism_vpdmax_us_30s_202011_avg_30y.tif,12.602969360351562,7.602969360351562,7.175679016113281,0.7175679016113281,0.3265353549186689,8.379212021802372,2020-11,2020,11
BK0503,prism_tmax_us_30s_202011_avg_30y.tif,prism_vpdmax_us_30s_202011_avg_30y.tif,12.587124824523926,7.587124824523926,7.085849761962891,0.708584976196289,0.33438843769864857,8.373314431520633,2020-11,2020,11
BK0504,prism_tmax_us_30s_202011_avg_30y.tif,prism_vpdmax_us_30s_202011_avg_30y.tif,12.521944912997158,7.521944912997158,6.952408530495384,0.6952408530495384,0.34309602454813315,8.339779503316805,2020-11,2020,11
BK0505,prism_tmax_us_30s_202011_avg_30y.tif,prism_vpdmax_us_30s_202011_avg_30y.tif,12.595840454101562,7.5958404541015625,7.10531005859375,0.710531005859375,0.33306376912318236,8.377735598740996,2020-11,2020,11
BK0571,prism_tmax_us_30s_202011_avg_30y.tif,prism_vpdmax_us_30s_202011_avg_30y.tif,12.51623280843099,7.51623280843099,7.1716664632161455,0.7171666463216145,0.32076477022559324,8.32776455707903,2020-11,2020,11
BK0601,prism_tmax_us_30s_202011_avg_30y.tif,prism_vpdmax_us_30s_202011_avg_30y.tif,12.691870296702666,7.691870296702666,7.372117435230928,0.7372117435230928,0.31325087255585327,8.42439805114486,2020-11,2020,11
BK0602,prism_tmax_us_30s_202011_avg_30y.tif,prism_vpdmax_us_30s_202011_avg_30y.tif,12.538382790305398,7.538382790305398,7.226500077681108,0.7226500077681108,0.31685445428802983,8.338786842638356,2020-11,2020,11
BK0701,prism_tmax_us_30s_202011_avg_30y.tif,prism_vpdmax_us_30s_202011_avg_30y.tif,12.525527954101562,7.5255279541015625,7.165457044328962,0.7165457044328962,0.32204557854976046,8.333538262345641,2020-11,2020,11
BK0702,prism_tmax_us_30s_202011_avg_30y.tif,prism_vpdmax_us_30s_202011_avg_30y.tif,12.657673082853618,7.657673082853618,7.272379021895559,0.7272379021895559,0.32077445665370186,8.407964999442905,2020-11,2020,11
BK0703,prism_tmax_us_30s_202011_avg_30y.tif,prism_vpdmax_us_30s_202011_avg_30y.tif,12.596911430358887,7.596911430358887,7.185449600219727,0.7185449600219727,0.3251261902712015,8.375223373790071,2020-11,2020,11
BK0771,prism_tmax_us_30s_202011_avg_30y.tif,prism_vpdmax_us_30s_202011_avg_30y.tif,12.546350479125977,7.546350479125977,7.14761209487915,0.714761209487915,0.32530961435591665,8.346627400106303,2020-11,2020,11
BK0801,prism_tmax_us_30s_202011_avg_30y.tif,prism_vpdmax_us_30s_202011_avg_30y.tif,12.496283213297525,7.4962832132975254,7.206949869791667,0.7206949869791667,0.3158214453695717,8.314510409969937,2020-11,2020,11
BK0802,prism_tmax_us_30s_202011_avg_30y.tif,prism_vpdmax_us_30s_202011_avg_30y.tif,12.494424184163412,7.494424184163412,7.153275807698567,0.7153275807698567,0.32105708098135954,8.315513945246328,2020-11,2020,11
BK0891,prism_tmax_us_30s_202011_avg_30y.tif,prism_vpdmax_us_30s_202011_avg_30y.tif,12.53179931640625,7.53179931640625,7.129299640655518,0.7129299640655518,0.32610673431501036,8.338690158988143,2020-11,2020,11
BK0901,prism_tmax_us_30s_202011_avg_30y.tif,prism_vpdmax_us_30s_202011_avg_30y.tif,12.480785914829799,7.480785914829799,7.140213557652065,0.7140213557652065,0.3213970572508048,8.307914657208062,2020-11,2020,11
BK0902,prism_tmax_us_30s_202011_avg_30y.tif,prism_vpdmax_us_30s_202011_avg_30y.tif,12.523768615722656,7.5237686157226555,7.141379547119141,0.7141379547119141,0.32432840374000416,8.333437867784566,2020-11,2020,11
BK1001,prism_tmax_us_30s_202011_avg_30y.tif,prism_vpdmax_us_30s_202011_avg_30y.tif,12.605066935221354,7.605066935221354,7.16900634765625,0.716900634765625,0.3273522764429788,8.380722396912597,2020-11,2020,11
BK1002,prism_tmax_us_30s_202011_avg_30y.tif,prism_vpdmax_us_30s_202011_avg_30y.tif,12.520335804332387,7.520335804332387,7.051699551669034,0.7051699551669034,0.33305268931981635,8.334920107959151,2020-11,2020,11
BK1061,prism_tmax_us_30s_202011_avg_30y.tif,prism_vpdmax_us_30s_202011_avg_30y.tif,12.480313982282366,7.480313982282366,6.990500313895089,0.6990500313895089,0.3363349601934216,8.313517667310116,2020-11,2020,11
BK1091,prism_tmax_us_30s_202011_avg_30y.tif,prism_vpdmax_us_30s_202011_avg_30y.tif,12.475670950753349,7.475670950753349,6.958571297781808,0.6958571297781808,0.3391991011187796,8.312010675816829,2020-11,2020,11
BK1101,prism_tmax_us_30s_202011_avg_30y.tif,prism_vpdmax_us_30s_202011_avg_30y.tif,12.427219645182292,7.4272196451822925,6.887339782714844,0.6887339782714844,0.3428970253192519,8.285992069768826,2020-11,2020,11
BK1102,prism_tmax_us_30s_202011_avg_30y.tif,prism_vpdmax_us_30s_202011_avg_30y.tif,12.421954684787327,7.421954684787327,6.901377360026042,0.6901377360026042,0.3411216672237187,8.282309121493336,2020-11,2020,11
BK1103,prism_tmax_us_30s_202011_avg_30y.tif,prism_vpdmax_us_30s_202011_avg_30y.tif,12.40381088256836,7.40381088256836,6.892219543457031,0.6892219543457031,0.34075776400148705,8.271878571668845,2020-11,2020,11
BK1201,prism_tmax_us_30s_202011_avg_30y.tif,prism_vpdmax_us_30s_202011_avg_30y.tif,12.537356785365514,7.537356785365514,7.110285077776227,0.7110285077776227,0.3284030432088588,8.342743693283328,2020-11,2020,11
BK1202,prism_tmax_us_30s_202011_avg_30y.tif,prism_vpdmax_us_30s_202011_avg_30y.tif,12.473899841308594,7.473899841308594,6.996433258056641,0.699643325805664,0.33528752177393417,8.309469206079129,2020-11,2020,11
BK1203,prism_tmax_us_30s_202011_avg_30y.tif,prism_vpdmax_us_30s_202011_avg_30y.tif,12.502670288085938,7.5026702880859375,7.042839813232422,0.7042839813232422,0.33268528828074184,8.324759371639058,2020-11,2020,11
BK1204,prism_tmax_us_30s_202011_avg_30y.tif,prism_vpdmax_us_30s_202011_avg_30y.tif,12.420390319824218,7.420390319824218,6.870889282226562,0.6870889282226562,0.344060085001199,8.282576924745802,2020-11,2020,11
BK1301,prism_tmax_us_30s_202011_avg_30y.tif,prism_vpdmax_us_30s_202011_avg_30y.tif,12.330432891845703,7.330432891845703,6.844825108846028,0.6844825108846029,0.34033609919794183,8.230107536661304,2020-11,2020,11
BK1302,prism_tmax_us_30s_202011_avg_30y.tif,prism_vpdmax_us_30s_202011_avg_30y.tif,12.254570456112132,7.254570456112132,6.7777234245749085,0.6777723424574909,0.341734370859355,8.187643056363305,2020-11,2020,11
BK1303,prism_tmax_us_30s_202011_avg_30y.tif,prism_vpdmax_us_30s_202011_avg_30y.tif,12.272216796875,7.272216796875,6.783515930175781,0.6783515930175781,0.3423885502853157,8.197905624090254,2020-11,2020,11
BK1391,prism_tmax_us_30s_202011_avg_30y.tif,prism_vpdmax_us_30s_202011_avg_30y.tif,12.31179936726888,7.311799367268881,6.826600392659505,0.6826600392659505,0.34085159628910877,8.219744918583075,2020-11,2020,11
BK1401,prism_tmax_us_30s_202011_avg_30y.tif,prism_vpdmax_us_30s_202011_avg_30y.tif,12.486316680908203,7.486316680908203,6.9856751759847,0.69856751759847,0.33724264535193194,8.31727791769826,2020-11,2020,11
BK1402,prism_tmax_us_30s_202011_avg_30y.tif,prism_vpdmax_us_30s_202011_avg_30y.tif,12.478482333096592,7.478482333096592,6.9737548828125,0.69737548828125,0.33787979812514135,8.313086243528948,2020-11,2020,11
BK1403,prism_tmax_us_30s_202011_avg_30y.tif,prism_vpdmax_us_30s_202011_avg_30y.tif,12.41454608623798,7.41454608623798,6.845099815955529,0.6845099815955529,0.3462267231276517,8.280114733086101,2020-11,2020,11
BK1501,prism_tmax_us_30s_202011_avg_30y.tif,prism_vpdmax_us_30s_202011_avg_30y.tif,12.39980726975661,7.399807269756611,6.885323157677283,0.6885323157677283,0.34116521560733437,8.26976865168568,2020-11,2020,11
BK1502,prism_tmax_us_30s_202011_avg_30y.tif,prism_vpdmax_us_30s_202011_avg_30y.tif,12.402840423583985,7.402840423583985,6.873220062255859,0.6873220062255859,0.34258930492894446,8.272048117009195,2020-11,2020,11
BK1503,prism_tmax_us_30s_202011_avg_30y.tif,prism_vpdmax_us_30s_202011_avg_30y.tif,12.315330505371094,7.315330505371094,6.821449279785156,0.6821449279785157,0.3416142724406104,8.22204680561457,2020-11,2020,11
BK1601,prism_tmax_us_30s_202011_avg_30y.tif,prism_vpdmax_us_30s_202011_avg_30y.tif,12.526754591200087,7.526754591200087,7.148833380805121,0.7148833380805122,0.3237950519871653,8.334921308641405,2020-11,2020,11
BK1602,prism_tmax_us_30s_202011_avg_30y.tif,prism_vpdmax_us_30s_202011_avg_30y.tif,12.56805419921875,7.56805419921875,7.132418545809659,0.7132418545809659,0.32837309829984174,8.360137358588869,2020-11,2020,11
BK1701,prism_tmax_us_30s_202011_avg_30y.tif,prism_vpdmax_us_30s_202011_avg_30y.tif,12.536710951063368,7.536710951063368,7.070288764105903,0.7070288764105903,0.3323567819114841,8.343931324544142,2020-11,2020,11
BK1702,prism_tmax_us_30s_202011_avg_30y.tif,prism_vpdmax_us_30s_202011_avg_30y.tif,12.474011739095053,7.474011739095053,6.936266581217448,0.6936266581217448,0.3413121107157323,8.311900315578177,2020-11,2020,11
BK1703,prism_tmax_us_30s_202011_avg_30y.tif,prism_vpdmax_us_30s_202011_avg_30y.tif,12.532282049005682,7.532282049005682,7.046800093217329,0.7046800093217329,0.3343909814881849,8.342219577511077,2020-11,2020,11
BK1704,prism_tmax_us_30s_202011_avg_30y.tif,prism_vpdmax_us_30s_202011_avg_30y.tif,12.551999178799717,7.551999178799717,7.082199790261009,0.7082199790261009,0.33225253205795025,8.352558779478214,2020-11,2020,11
BK1771,prism_tmax_us_30s_202011_avg_30y.tif,prism_vpdmax_us_30s_202011_avg_30y.tif,12.519948959350586,7.519948959350586,7.010149955749512,0.7010149955749512,0.3371801878386642,8.336322873772376,2020-11,2020,11
BK1801,prism_tmax_us_30s_202011_avg_30y.tif,prism_vpdmax_us_30s_202011_avg_30y.tif,12.411111270680147,7.411111270680147,6.82004098331227,0.682004098331227,0.34849034917559996,8.279056797701653,2020-11,2020,11
BK1802,prism_tmax_us_30s_202011_avg_30y.tif,prism_vpdmax_us_30s_202011_avg_30y.tif,12.389517042371962,7.389517042371962,6.8133828904893665,0.6813382890489367,0.34763426771606476,8.266476430237315,2020-11,2020,11
BK1803,prism_tmax_us_30s_202011_avg_30y.tif,prism_vpdmax_us_30s_202011_avg_30y.tif,12.485394929584704,7.485394929584704,6.920525801809211,0.6920525801809211,0.34369228509952443,8.31928999311864,2020-11,2020,11
BK1891,prism_tmax_us_30s_202011_avg_30y.tif,prism_vpdmax_us_30s_202011_avg_30y.tif,12.299284362792969,7.299284362792969,6.7912750244140625,0.6791275024414063,0.34350714207258526,8.213692540538139,2020-11,2020,11
BK1892,prism_tmax_us_30s_202011_avg_30y.tif,prism_vpdmax_us_30s_202011_avg_30y.tif,12.374966939290365,7.374966939290365,6.792867024739583,0.6792867024739583,0.3486615269162642,8.258630234655728,2020-11,2020,11
BK1893,prism_tmax_us_30s_202011_avg_30y.tif,prism_vpdmax_us_30s_202011_avg_30y.tif,12.415523105197483,7.415523105197483,6.829588572184245,0.6829588572184245,0.34784676572026674,8.281305379575038,2020-11,2020,11
BK5591,prism_tmax_us_30s_202011_avg_30y.tif,prism_vpdmax_us_30s_202011_avg_30y.tif,12.488807678222656,7.488807678222656,7.14883295694987,0.714883295694987,0.3211033498189758,8.312347570031102,2020-11,2020,11
BK5691,prism_tmax_us_30s_202011_avg_30y.tif,prism_vpdmax_us_30s_202011_avg_30y.tif,12.292304591128701,7.292304591128701,6.774805169356497,0.6774805169356497,0.3446653064106504,8.210190168589358,2020-11,2020,11
BK5692,prism_tmax_us_30s_202011_avg_30y.tif,prism_vpdmax_us_30s_202011_avg_30y.tif,12.267757640165442,7.267757640165442,6.720652860753677,0.6720652860753676,0.3483630505989087,8.197725260859176,2020-11,2020,11
BK5693,prism_tmax_us_30s_202011_avg_30y.tif,prism_vpdmax_us_30s_202011_avg_30y.tif,12.466966417100695,7.466966417100695,6.879300011528863,0.6879300011528863,0.3465101326097252,8.309948440611716,2020-11,2020,11
BX0101,prism_tmax_us_30s_202011_avg_30y.tif,prism_vpdmax_us_30s_202011_avg_30y.tif,12.561116145207333,7.5611161452073326,7.322115384615385,0.7322115384615385,0.30890958150512604,8.348554319864071,2020-11,2020,11
BX0102,prism_tmax_us_30s_202011_avg_30y.tif,prism_vpdmax_us_30s_202011_avg_30y.tif,12.512943691677517,7.512943691677517,7.254099527994792,0.7254099527994792,0.3122880563587874,8.322568279330154,2020-11,2020,11
BX0201,prism_tmax_us_30s_202011_avg_30y.tif,prism_vpdmax_us_30s_202011_avg_30y.tif,12.538064139229911,7.5380641392299115,7.256164005824497,0.7256164005824497,0.31386541666517687,8.337431475692773,2020-11,2020,11
BX0202,prism_tmax_us_30s_202011_avg_30y.tif,prism_vpdmax_us_30s_202011_avg_30y.tif,12.5078125,7.5078125,7.229674339294434,0.7229674339294434,0.31436653996152364,8.320475737704879,2020-11,2020,11
BX0291,prism_tmax_us_30s_202011_avg_30y.tif,prism_vpdmax_us_30s_202011_avg_30y.tif,12.579424858093262,7.579424858093262,7.348649978637695,0.7348649978637696,0.3075597353913666,8.358404870547686,2020-11,2020,11
BX0301,prism_tmax_us_30s_202011_avg_30y.tif,prism_vpdmax_us_30s_202011_avg_30y.tif,12.47774178641183,7.47774178641183,7.195828574044364,0.7195828574044364,0.3156199924876829,8.303918249943166,2020-11,2020,11
BX0302,prism_tmax_us_30s_202011_avg_30y.tif,prism_vpdmax_us_30s_202011_avg_30y.tif,12.45199966430664,7.451999664306641,7.149316151936849,0.7149316151936849,0.31844994350226496,8.290434637458254,2020-11,2020,11
BX0303,prism_tmax_us_30s_202011_avg_30y.tif,prism_vpdmax_us_30s_202011_avg_30y.tif,12.465712547302246,7.465712547302246,7.143912315368652,0.7143912315368652,0.3199601813400521,8.298803365587014,2020-11,2020,11
BX0391,prism_tmax_us_30s_202011_avg_30y.tif,prism_vpdmax_us_30s_202011_avg_30y.tif,12.446878814697266,7.446878814697266,7.123899841308594,0.7123899841308594,0.3206296039460077,8.28838772228413,2020-11,2020,11
BX0401,prism_tmax_us_30s_202011_avg_30y.tif,prism_vpdmax_us_30s_202011_avg_30y.tif,12.507589721679688,7.507589721679688,7.250149536132812,0.7250149536132813,0.312303217692379,8.319538536745487,2020-11,2020,11
BX0402,prism_tmax_us_30s_202011_avg_30y.tif,prism_vpdmax_us_30s_202011_avg_30y.tif,12.47036616007487,7.470366160074869,7.232533137003581,0.7232533137003581,0.3114274116172806,8.298088585528042,2020-11,2020,11
BX0403,prism_tmax_us_30s_202011_avg_30y.tif,prism_vpdmax_us_30s_202011_avg_30y.tif,12.43591562906901,7.43591562906901,7.165133158365886,0.7165133158365886,0.3157317076110828,8.280246722773283,2020-11,2020,11
BX0491,prism_tmax_us_30s_202011_avg_30y.tif,prism_vpdmax_us_30s_202011_avg_30y.tif,12.524866739908854,7.524866739908854,7.279899597167969,0.7279899597167969,0.31055437118195806,8.328647309402829,2020-11,2020,11
BX0492,prism_tmax_us_30s_202011_avg_30y.tif,prism_vpdmax_us_30s_202011_avg_30y.tif,12.45164966583252,7.4516496658325195,7.158149719238281,0.7158149719238281,0.3175418433446645,8.289879304961492,2020-11,2020,11
BX0501,prism_tmax_us_30s_202011_avg_30y.tif,prism_vpdmax_us_30s_202011_avg_30y.tif,12.407549858093262,7.407549858093262,7.1342997550964355,0.7134299755096436,0.31681333885029517,8.264588411707045,2020-11,2020,11
BX0502,prism_tmax_us_30s_202011_avg_30y.tif,prism_vpdmax_us_30s_202011_avg_30y.tif,12.400611877441406,7.400611877441406,7.088988833957249,0.7088988833957248,0.32085535374241436,8.262243088530045,2020-11,2020,11
BX0503,prism_tmax_us_30s_202011_avg_30y.tif,prism_vpdmax_us_30s_202011_avg_30y.tif,12.358019256591797,7.358019256591797,7.033540344238281,0.703354034423828,0.323402210135473,8.239093987070788,2020-11,2020,11
BX0601,prism_tmax_us_30s_202011_avg_30y.tif,prism_vpdmax_us_30s_202011_avg_30y.tif,12.476712226867676,7.476712226867676,7.095849990844727,0.7095849990844727,0.3255449538017168,8.307234999478046,2020-11,2020,11
BX0602,prism_tmax_us_30s_202011_avg_30y.tif,prism_vpdmax_us_30s_202011_avg_30y.tif,12.419649124145508,7.419649124145508,7.072975158691406,0.7072975158691406,0.32379919823569714,8.274194138297132,2020-11,2020,11
BX0603,prism_tmax_us_30s_202011_avg_30y.tif,prism_vpdmax_us_30s_202011_avg_30y.tif,12.377499171665736,7.377499171665736,7.017028263636997,0.7017028263636997,0.32642360764126543,8.25132650813749,2020-11,2020,11
BX0701,prism_tmax_us_30s_202011_avg_30y.tif,prism_vpdmax_us_30s_202011_avg_30y.tif,12.411443922254774,7.411443922254774,7.1054666307237415,0.7105466630723741,0.3199712441255872,8.268037402859813,2020-11,2020,11
BX0702,prism_tmax_us_30s_202011_avg_30y.tif,prism_vpdmax_us_30s_202011_avg_30y.tif,12.336720784505209,7.336720784505209,7.013111114501953,0.7013111114501953,0.32394886940651313,8.227232590491212,2020-11,2020,11
BX0703,prism_tmax_us_30s_202011_avg_30y.tif,prism_vpdmax_us_30s_202011_avg_30y.tif,12.33291244506836,7.332912445068359,6.974149703979492,0.6974149703979492,0.3275776688415527,8.22649938020849,2020-11,2020,11
BX0801,prism_tmax_us_30s_202011_avg_30y.tif,prism_vpdmax_us_30s_202011_avg_30y.tif,12.393299647739955,7.393299647739955,7.090642656598773,0.7090642656598772,0.320174733717666,8.257829570619597,2020-11,2020,11
BX0802,prism_tmax_us_30s_202011_avg_30y.tif,prism_vpdmax_us_30s_202011_avg_30y.tif,12.446450551350912,7.446450551350912,7.16640027364095,0.716640027364095,0.31634929369637754,8.286462735038644,2020-11,2020,11
BX0803,prism_tmax_us_30s_202011_avg_30y.tif,prism_vpdmax_us_30s_202011_avg_30y.tif,12.40907711452908,7.4090771145290795,7.188510470920139,0.718851047092014,0.31149995521393015,8.263366206337063,2020-11,2020,11
BX0901,prism_tmax_us_30s_202011_avg_30y.tif,prism_vpdmax_us_30s_202011_avg_30y.tif,12.522172407670455,7.522172407670455,7.163572831587358,0.7163572831587358,0.32199574553028165,8.331616083142547,2020-11,2020,11
BX0902,prism_tmax_us_30s_202011_avg_30y.tif,prism_vpdmax_us_30s_202011_avg_30y.tif,12.553939819335938,7.5539398193359375,7.188809204101562,0.7188809204101563,0.3217296239642593,8.349523619781431,2020-11,2020,11
BX0903,prism_tmax_us_30s_202011_avg_30y.tif,prism_vpdmax_us_30s_202011_avg_30y.tif,12.541842869349889,7.541842869349889,7.126921517508371,0.7126921517508371,0.3270582273764444,8.344758790280329,2020-11,2020,11
BX0904,prism_tmax_us_30s_202011_avg_30y.tif,prism_vpdmax_us_30s_202011_avg_30y.tif,12.49001693725586,7.490016937255859,7.064582824707031,0.7064582824707031,0.3296140463606789,8.316377923643818,2020-11,2020,11
BX0991,prism_tmax_us_30s_202011_avg_30y.tif,prism_vpdmax_us_30s_202011_avg_30y.tif,12.545057024274554,7.545057024274554,7.2162290300641745,0.7216229030064174,0.31835596059925053,8.343161225279177,2020-11,2020,11
BX1001,prism_tmax_us_30s_202011_avg_30y.tif,prism_vpdmax_us_30s_202011_avg_30y.tif,12.518875122070312,7.5188751220703125,7.059224605560303,0.7059224605560303,0.3321964974214652,8.333755417700504,2020-11,2020,11
BX1002,prism_tmax_us_30s_202011_avg_30y.tif,prism_vpdmax_us_30s_202011_avg_30y.tif,12.590300126509232,7.5903001265092325,7.054054260253906,0.7054054260253906,0.33779432610848525,8.37645334189137,2020-11,2020,11
BX1003,prism_tmax_us_30s_202011_avg_30y.tif,prism_vpdmax_us_30s_202011_avg_30y.tif,12.555284881591797,7.555284881591797,6.8820442199707035,0.6882044219970703,0.35250180301713663,8.362379736448283,2020-11,2020,11
BX1004,prism_tmax_us_30s_202011_avg_30y.tif,prism_vpdmax_us_30s_202011_avg_30y.tif,12.556144020774148,7.556144020774148,6.95197226784446,0.695197226784446,0.3455701169171361,8.360142715727376,2020-11,2020,11
BX1071,prism_tmax_us_30s_202011_avg_30y.tif,prism_vpdmax_us_30s_202011_avg_30y.tif,12.473016103108725,7.4730161031087246,6.584215799967448,0.6584215799967448,0.376446709524201,8.325143687305658,2020-11,2020,11
BX1091,prism_tmax_us_30s_202011_avg_30y.tif,prism_vpdmax_us_30s_202011_avg_30y.tif,12.582375526428223,7.582375526428223,7.116412162780762,0.7116412162780762,0.33099374429111805,8.369287464991212,2020-11,2020,11
BX1101,prism_tmax_us_30s_202011_avg_30y.tif,prism_vpdmax_us_30s_202011_avg_30y.tif,12.443524360656738,7.443524360656738,7.017462253570557,0.7017462253570557,0.331036311457541,8.290575582895183,2020-11,2020,11
BX1102,prism_tmax_us_30s_202011_avg_30y.tif,prism_vpdmax_us_30s_202011_avg_30y.tif,12.459010314941406,7.4590103149414055,6.986080169677734,0.6986080169677734,0.33526927528731754,8.301019673759692,2020-11,2020,11
BX1103,prism_tmax_us_30s_202011_avg_30y.tif,prism_vpdmax_us_30s_202011_avg_30y.tif,12.41985390403054,7.419853904030539,6.920527371493253,0.6920527371493252,0.3390584260879064,8.280307125037861,2020-11,2020,11
BX1104,prism_tmax_us_30s_202011_avg_30y.tif,prism_vpdmax_us_30s_202011_avg_30y.tif,12.363356454031807,7.363356454031807,6.946414402553013,0.6946414402553013,0.332490055134509,8.245691701103896,2020-11,2020,11
BX1161,prism_tmax_us_30s_202011_avg_30y.tif,prism_vpdmax_us_30s_202011_avg_30y.tif,12.537270682198661,7.5372706821986615,6.994257245744977,0.6994257245744977,0.33999970786067935,8.347252361995887,2020-11,2020,11
BX1201,prism_tmax_us_30s_202011_avg_30y.tif,prism_vpdmax_us_30s_202011_avg_30y.tif,12.299874623616537,7.299874623616537,6.90103276570638,0.690103276570638,0.3325727156955004,8.209729988858907,2020-11,2020,11
BX1202,prism_tmax_us_30s_202011_avg_30y.tif,prism_vpdmax_us_30s_202011_avg_30y.tif,12.444495791480655,7.444495791480655,6.878228323800223,0.6878228323800223,0.3450283482050508,8.296625254614117,2020-11,2020,11
BX1203,prism_tmax_us_30s_202011_avg_30y.tif,prism_vpdmax_us_30s_202011_avg_30y.tif,12.249728611537389,7.249728611537389,6.862621307373047,0.6862621307373047,0.332906380715724,8.181428330362978,2020-11,2020,11
BX1271,prism_tmax_us_30s_202011_avg_30y.tif,prism_vpdmax_us_30s_202011_avg_30y.tif,12.243885585239955,7.243885585239955,6.920128413609096,0.6920128413609097,0.32674766745016304,8.175694960138967,2020-11,2020,11
BX2691,prism_tmax_us_30s_202011_avg_30y.tif,prism_vpdmax_us_30s_202011_avg_30y.tif,12.31584077722886,7.3158407772288605,7.032405180089614,0.7032405180089614,0.3205544614638909,8.214059624044072,2020-11,2020,11
BX2791,prism_tmax_us_30s_202011_avg_30y.tif,prism_vpdmax_us_30s_202011_avg_30y.tif,12.413807795597958,7.4138077955979576,7.02766829270583,0.702766829270583,0.3279177996527932,8.272500715367588,2020-11,2020,11
BX2891,prism_tmax_us_30s_202011_avg_30y.tif,prism_vpdmax_us_30s_202011_avg_30y.tif,12.535026332310268,7.535026332310268,6.8114480154854915,0.6811448015485492,0.3581211569988728,8.353101545120479,2020-11,2020,11
MN0101,prism_tmax_us_30s_202011_avg_30y.tif,prism_vpdmax_us_30s_202011_avg_30y.tif,12.655649566650391,7.655649566650391,7.3900199890136715,0.7390019989013672,0.30886553123670635,8.402137458066797,2020-11,2020,11
MN0102,prism_tmax_us_30s_202011_avg_30y.tif,prism_vpdmax_us_30s_202011_avg_30y.tif,12.62861156463623,7.6286115646362305,7.37654972076416,0.7376549720764161,0.3082790628898613,8.386576428864458,2020-11,2020,11
MN0191,prism_tmax_us_30s_202011_avg_30y.tif,prism_vpdmax_us_30s_202011_avg_30y.tif,12.72979990641276,7.72979990641276,7.436449686686198,0.7436449686686198,0.30954123203126194,8.44444625112432,2020-11,2020,11
MN0201,prism_tmax_us_30s_202011_avg_30y.tif,prism_vpdmax_us_30s_202011_avg_30y.tif,12.596033732096354,7.596033732096354,7.333199818929036,0.7333199818929036,0.3102885761002744,8.368894536506039,2020-11,2020,11
MN0202,prism_tmax_us_30s_202011_avg_30y.tif,prism_vpdmax_us_30s_202011_avg_30y.tif,12.57874870300293,7.57874870300293,7.310349464416504,0.7310349464416503,0.3113416178083539,8.359507770401343,2020-11,2020,11
MN0203,prism_tmax_us_30s_202011_avg_30y.tif,prism_vpdmax_us_30s_202011_avg_30y.tif,12.632332695855034,7.632332695855034,7.373688591851129,0.7373688591851129,0.308831088381621,8.38890325628378,2020-11,2020,11
MN0301,prism_tmax_us_30s_202011_avg_30y.tif,prism_vpdmax_us_30s_202011_avg_30y.tif,12.606816609700521,7.606816609700521,7.331833521525065,0.7331833521525065,0.31119440669806664,8.375364419532534,2020-11,2020,11
MN0302,prism_tmax_us_30s_202011_avg_30y.tif,prism_vpdmax_us_30s_202011_avg_30y.tif,12.60701424734933,7.60701424734933,7.317499433244977,0.7317499433244977,0.31264191874359815,8.376045352313303,2020-11,2020,11
MN0303,prism_tmax_us_30s_202011_avg_30y.tif,prism_vpdmax_us_30s_202011_avg_30y.tif,12.611109161376953,7.6111091613769535,7.329579925537109,0.7329579925537109,0.31172611606261147,8.378007258113339,2020-11,2020,11
MN0401,prism_tmax_us_30s_202011_avg_30y.tif,prism_vpdmax_us_30s_202011_avg_30y.tif,12.606882731119791,7.606882731119791,7.36541748046875,0.736541748046875,0.30784072914089444,8.374083915097293,2020-11,2020,11
MN0402,prism_tmax_us_30s_202011_avg_30y.tif,prism_vpdmax_us_30s_202011_avg_30y.tif,12.569687843322754,7.569687843322754,7.365699768066406,0.7365699768066406,0.3051612846718047,8.35194139204002,2020-11,2020,11
MN0501,prism_tmax_us_30s_202011_avg_30y.tif,prism_vpdmax_us_30s_202011_avg_30y.tif,12.571174621582031,7.571174621582031,7.319799900054932,0.7319799900054932,0.30985713377862323,8.354629864012011,2020-11,2020,11
MN0502,prism_tmax_us_30s_202011_avg_30y.tif,prism_vpdmax_us_30s_202011_avg_30y.tif,12.506620025634765,7.506620025634765,7.299029541015625,0.7299029541015625,0.3073464351326243,8.317040703542032,2020-11,2020,11
MN0601,prism_tmax_us_30s_202011_avg_30y.tif,prism_vpdmax_us_30s_202011_avg_30y.tif,12.616449356079102,7.616449356079102,7.343100070953369,0.7343100070953369,0.3107553296570301,8.380653629452063,2020-11,2020,11
MN0602,prism_tmax_us_30s_202011_avg_30y.tif,prism_vpdmax_us_30s_202011_avg_30y.tif,12.587333679199219,7.587333679199219,7.335999806722005,0.7335999806722004,0.3093883192338802,8.363607805564872,2020-11,2020,11
MN0603,prism_tmax_us_30s_202011_avg_30y.tif,prism_vpdmax_us_30s_202011_avg_30y.tif,12.590370178222656,7.590370178222656,7.34635009765625,0.734635009765625,0.3085697362017882,8.365007797379548,2020-11,2020,11
MN0604,prism_tmax_us_30s_202011_avg_30y.tif,prism_vpdmax_us_30s_202011_avg_30y.tif,12.524916330973307,7.524916330973307,7.319883346557617,0.7319883346557617,0.3065595175844543,8.327105450072555,2020-11,2020,11
MN0661,prism_tmax_us_30s_202011_avg_30y.tif,prism_vpdmax_us_30s_202011_avg_30y.tif,12.569199562072754,7.569199562072754,7.354499816894531,0.7354499816894531,0.30624651501705524,8.352091032096954,2020-11,2020,11
MN0701,prism_tmax_us_30s_202011_avg_30y.tif,prism_vpdmax_us_30s_202011_avg_30y.tif,12.524021572536892,7.524021572536892,7.361111111111111,0.736111111111111,0.3023732081144722,8.324952902417404,2020-11,2020,11
MN0702,prism_tmax_us_30s_202011_avg_30y.tif,prism_vpdmax_us_30s_202011_avg_30y.tif,12.464119720458985,7.464119720458985,7.334099578857422,0.7334099578857421,0.30082875996230574,8.29038158416543,2020-11,2020,11
MN0703,prism_tmax_us_30s_202011_avg_30y.tif,prism_vpdmax_us_30s_202011_avg_30y.tif,12.463812691824776,7.463812691824776,7.324613843645368,0.7324613843645368,0.30175561196294043,8.290571751766082,2020-11,2020,11
MN0801,prism_tmax_us_30s_202011_avg_30y.tif,prism_vpdmax_us_30s_202011_avg_30y.tif,12.548482259114584,7.548482259114584,7.357908248901367,0.7357908248901367,0.30443157688089195,8.339631050632159,2020-11,2020,11
MN0802,prism_tmax_us_30s_202011_avg_30y.tif,prism_vpdmax_us_30s_202011_avg_30y.tif,12.463819885253907,7.463819885253907,7.298590087890625,0.7298590087890625,0.30435849645123414,8.2915987640443,2020-11,2020,11
MN0803,prism_tmax_us_30s_202011_avg_30y.tif,prism_vpdmax_us_30s_202011_avg_30y.tif,12.538665771484375,7.538665771484375,7.372966766357422,0.7372966766357422,0.3022278957264398,8.33319905545213,2020-11,2020,11
MN0901,prism_tmax_us_30s_202011_avg_30y.tif,prism_vpdmax_us_30s_202011_avg_30y.tif,12.493599891662598,7.493599891662598,7.342212200164795,0.7342212200164795,0.30210501944424073,8.307598411214279,2020-11,2020,11
MN0902,prism_tmax_us_30s_202011_avg_30y.tif,prism_vpdmax_us_30s_202011_avg_30y.tif,12.469833374023438,7.4698333740234375,7.307799657185872,0.7307799657185872,0.30386305236839894,8.29481370265207,2020-11,2020,11
MN0903,prism_tmax_us_30s_202011_avg_30y.tif,prism_vpdmax_us_30s_202011_avg_30y.tif,12.441767374674479,7.441767374674479,7.267149607340495,0.7267149607340495,0.30594343318987205,8.279717870684049,2020-11,2020,11
MN1001,prism_tmax_us_30s_202011_avg_30y.tif,prism_vpdmax_us_30s_202011_avg_30y.tif,12.51189931233724,7.51189931233724,7.352266947428386,0.7352266947428385,0.30239721122184005,8.318089014105398,2020-11,2020,11
MN1002,prism_tmax_us_30s_202011_avg_30y.tif,prism_vpdmax_us_30s_202011_avg_30y.tif,12.491590118408203,7.491590118408203,7.3021697998046875,0.7302169799804688,0.30596682759129945,8.307976560380832,2020-11,2020,11
MN1101,prism_tmax_us_30s_202011_avg_30y.tif,prism_vpdmax_us_30s_202011_avg_30y.tif,12.525321112738716,7.525321112738716,7.366043938530816,0.7366043938530816,0.3019722013537246,8.325532146054865,2020-11,2020,11
MN1102,prism_tmax_us_30s_202011_avg_30y.tif,prism_vpdmax_us_30s_202011_avg_30y.tif,12.573708274147727,7.573708274147727,7.386317859996449,0.738631785999645,0.30338576196654343,8.353523195894612,2020-11,2020,11
MN1191,prism_tmax_us_30s_202011_avg_30y.tif,prism_vpdmax_us_30s_202011_avg_30y.tif,12.576237678527832,7.576237678527832,7.373462200164795,0.7373462200164795,0.3048514770557733,8.3555333942082,2020-11,2020,11
MN1201,prism_tmax_us_30s_202011_avg_30y.tif,prism_vpdmax_us_30s_202011_avg_30y.tif,12.400855170355904,7.400855170355904,7.21913316514757,0.721913316514757,0.3078580675463892,8.257273102137528,2020-11,2020,11
MN1202,prism_tmax_us_30s_202011_avg_30y.tif,prism_vpdmax_us_30s_202011_avg_30y.tif,12.436832004123264,7.436832004123264,7.242377387152778,0.7242377387152777,0.3080720083383318,8.277756045614856,2020-11,2020,11
MN1203,prism_tmax_us_30s_202011_avg_30y.tif,prism_vpdmax_us_30s_202011_avg_30y.tif,12.503457205636161,7.5034572056361615,7.235142844063895,0.7235142844063895,0.31351078892148476,8.317669975641847,2020-11,2020,11
MN1291,prism_tmax_us_30s_202011_avg_30y.tif,prism_vpdmax_us_30s_202011_avg_30y.tif,12.372366587320963,7.372366587320963,7.166683197021484,0.7166683197021484,0.31109693949803097,8.242392952233711,2020-11,2020,11
MN1292,prism_tmax_us_30s_202011_avg_30y.tif,prism_vpdmax_us_30s_202011_avg_30y.tif,12.539372035435267,7.539372035435267,7.296228681291852,0.7296228681291852,0.3099518969954438,8.336635039611005,2020-11,2020,11
MN6491,prism_tmax_us_30s_202011_avg_30y.tif,prism_vpdmax_us_30s_202011_avg_30y.tif,12.443919881184895,7.443919881184895,7.294046020507812,0.7294046020507812,0.3034058827645243,8.279941084558294,2020-11,2020,11
QN0101,prism_tmax_us_30s_202011_avg_30y.tif,prism_vpdmax_us_30s_202011_avg_30y.tif,12.529936790466309,7.529936790466309,7.348949909210205,0.7348949909210205,0.30400940640768415,8.328949856912615,2020-11,2020,11
QN0102,prism_tmax_us_30s_202011_avg_30y.tif,prism_vpdmax_us_30s_202011_avg_30y.tif,12.564400482177735,7.564400482177735,7.37249984741211,0.737249984741211,0.30410488021718673,8.34852829132013,2020-11,2020,11
QN0103,prism_tmax_us_30s_202011_avg_30y.tif,prism_vpdmax_us_30s_202011_avg_30y.tif,12.507329559326172,7.5073295593261715,7.3125,0.73125,0.30604971718496965,8.316933398991631,2020-11,2020,11
QN0104,prism_tmax_us_30s_202011_avg_30y.tif,prism_vpdmax_us_30s_202011_avg_30y.tif,12.476873224431818,7.476873224431818,7.282872286709872,0.7282872286709872,0.30685412319983096,8.299980788670373,2020-11,2020,11
QN0105,prism_tmax_us_30s_202011_avg_30y.tif,prism_vpdmax_us_30s_202011_avg_30y.tif,12.567299582741477,7.567299582741477,7.348099448464134,0.7348099448464134,0.3067512863719388,8.351212118958589,2020-11,2020,11
QN0151,prism_tmax_us_30s_202011_avg_30y.tif,prism_vpdmax_us_30s_202011_avg_30y.tif,12.556955973307291,7.556955973307291,7.343132866753472,0.7343132866753472,0.3065118217862608,8.345253182827234,2020-11,2020,11
QN0161,prism_tmax_us_30s_202011_avg_30y.tif,prism_vpdmax_us_30s_202011_avg_30y.tif,12.500624656677246,7.500624656677246,7.277750015258789,0.7277750015258789,0.30904921588601353,8.314310522179202,2020-11,2020,11
QN0171,prism_tmax_us_30s_202011_avg_30y.tif,prism_vpdmax_us_30s_202011_avg_30y.tif,12.493232727050781,7.493232727050781,7.3224334716796875,0.7322433471679688,0.30405687018521643,8.308157306220583,2020-11,2020,11
QN0191,prism_tmax_us_30s_202011_avg_30y.tif,prism_vpdmax_us_30s_202011_avg_30y.tif,12.543000221252441,7.543000221252441,7.349124431610107,0.7349124431610108,0.3049202034930991,8.336714765422922,2020-11,2020,11
QN0201,prism_tmax_us_30s_202011_avg_30y.tif,prism_vpdmax_us_30s_202011_avg_30y.tif,12.593460083007812,7.5934600830078125,7.344440460205078,0.7344440460205078,0.3089809934467723,8.36692139749001,2020-11,2020,11
QN0202,prism_tmax_us_30s_202011_avg_30y.tif,prism_vpdmax_us_30s_202011_avg_30y.tif,12.507650587293837,7.507650587293837,7.2459055582682295,0.724590555826823,0.3127319329068977,8.319741532628015,2020-11,2020,11
QN0203,prism_tmax_us_30s_202011_avg_30y.tif,prism_vpdmax_us_30s_202011_avg_30y.tif,12.453136097301137,7.453136097301137,7.222700639204546,0.7222700639204546,0.3111918394296346,8.28822656006559,2020-11,2020,11
QN0261,prism_tmax_us_30s_202011_avg_30y.tif,prism_vpdmax_us_30s_202011_avg_30y.tif,12.531770978655134,7.531770978655134,7.2927431379045755,0.7292743137904576,0.3097603715597421,8.33224997092044,2020-11,2020,11
QN0271,prism_tmax_us_30s_202011_avg_30y.tif,prism_vpdmax_us_30s_202011_avg_30y.tif,12.440386090959821,7.440386090959821,7.169500078473773,0.7169500078473773,0.31561079830686334,8.282733957308816,2020-11,2020,11
QN0301,prism_tmax_us_30s_202011_avg_30y.tif,prism_vpdmax_us_30s_202011_avg_30y.tif,12.481924692789713,7.481924692789713,7.294641494750977,0.7294641494750976,0.30603491370513136,8.302523021897883,2020-11,2020,11
QN0302,prism_tmax_us_30s_202011_avg_30y.tif,prism_vpdmax_us_30s_202011_avg_30y.tif,12.52640741521662,7.526407415216619,7.347027171741832,0.7347027171741832,0.30395101825967796,8.326925754603876,2020-11,2020,11
QN0303,prism_tmax_us_30s_202011_avg_30y.tif,prism_vpdmax_us_30s_202011_avg_30y.tif,12.525875091552734,7.525875091552734,7.30106258392334,0.730106258392334,0.3085096751825719,8.328415479257151,2020-11,2020,11
QN0401,prism_tmax_us_30s_202011_avg_30y.tif,prism_vpdmax_us_30s_202011_avg_30y.tif,12.47494624211238,7.474946242112379,7.236745981069712,0.7236745981069712,0.3113303263971605,8.300647337551803,2020-11,2020,11
QN0402,prism_tmax_us_30s_202011_avg_30y.tif,prism_vpdmax_us_30s_202011_avg_30y.tif,12.571478101942274,7.571478101942274,7.293000115288629,0.7293000115288628,0.31255872197487267,8.355863661537393,2020-11,2020,11
QN0501,prism_tmax_us_30s_202011_avg_30y.tif,prism_vpdmax_us_30s_202011_avg_30y.tif,12.451844215393066,7.451844215393066,7.164281368255615,0.7164281368255615,0.3169424322183182,8.289754045989667,2020-11,2020,11
QN0502,prism_tmax_us_30s_202011_avg_30y.tif,prism_vpdmax_us_30s_202011_avg_30y.tif,12.45902925379136,7.4590292537913605,7.1374646355124085,0.7137464635512408,0.3201321681817316,8.295081528995121,2020-11,2020,11
QN0503,prism_tmax_us_30s_202011_avg_30y.tif,prism_vpdmax_us_30s_202011_avg_30y.tif,12.481267929077148,7.481267929077148,7.171512603759766,0.7171512603759765,0.3183012890219711,8.306971322372378,2020-11,2020,11
QN0504,prism_tmax_us_30s_202011_avg_30y.tif,prism_vpdmax_us_30s_202011_avg_30y.tif,12.438307542067308,7.438307542067308,7.163853571965144,0.7163853571965144,0.3160286146695277,8.281719621917288,2020-11,2020,11
QN0571,prism_tmax_us_30s_202011_avg_30y.tif,prism_vpdmax_us_30s_202011_avg_30y.tif,12.379371643066406,7.379371643066406,7.095242636544364,0.7095242636544363,0.3187339621047398,8.249366168725816,2020-11,2020,11
QN0572,prism_tmax_us_30s_202011_avg_30y.tif,prism_vpdmax_us_30s_202011_avg_30y.tif,12.414325714111328,7.414325714111328,7.1225996017456055,0.7122599601745605,0.31846120021797053,8.269077931586784,2020-11,2020,11
QN0573,prism_tmax_us_30s_202011_avg_30y.tif,prism_vpdmax_us_30s_202011_avg_30y.tif,12.508116404215494,7.508116404215494,7.217933019002278,0.7217933019002278,0.3155622295122864,8.321117957388513,2020-11,2020,11
QN0574,prism_tmax_us_30s_202011_avg_30y.tif,prism_vpdmax_us_30s_202011_avg_30y.tif,12.470258076985678,7.470258076985678,7.149758021036784,0.7149758021036784,0.3196972736779221,8.301277358206303,2020-11,2020,11
QN0601,prism_tmax_us_30s_202011_avg_30y.tif,prism_vpdmax_us_30s_202011_avg_30y.tif,12.527744717068142,7.527744717068142,7.240244547526042,0.7240244547526042,0.3147242517382831,8.331917885510782,2020-11,2020,11
QN0602,prism_tmax_us_30s_202011_avg_30y.tif,prism_vpdmax_us_30s_202011_avg_30y.tif,12.552225112915039,7.552225112915039,7.2107744216918945,0.7210774421691895,0.3194111382587106,8.347640216358501,2020-11,2020,11
QN0701,prism_tmax_us_30s_202011_avg_30y.tif,prism_vpdmax_us_30s_202011_avg_30y.tif,12.589535799893467,7.589535799893467,7.267589915882457,0.7267589915882458,0.3163862747394899,8.367606604512215,2020-11,2020,11
QN0702,prism_tmax_us_30s_202011_avg_30y.tif,prism_vpdmax_us_30s_202011_avg_30y.tif,12.57242988137638,7.5724298813763795,7.139588299919577,0.7139588299919577,0.32796767878246724,8.362459040501916,2020-11,2020,11
QN0703,prism_tmax_us_30s_202011_avg_30y.tif,prism_vpdmax_us_30s_202011_avg_30y.tif,12.57882338303786,7.578823383037861,7.1098151573768025,0.7109815157376802,0.33140036859042277,8.367433203038502,2020-11,2020,11
QN0704,prism_tmax_us_30s_202011_avg_30y.tif,prism_vpdmax_us_30s_202011_avg_30y.tif,12.577700163188734,7.577700163188734,7.215526380037007,0.7215526380037007,0.3207492325856447,8.36261044093417,2020-11,2020,11
QN0705,prism_tmax_us_30s_202011_avg_30y.tif,prism_vpdmax_us_30s_202011_avg_30y.tif,12.585400051540798,7.585400051540798,7.206655714246962,0.7206655714246961,0.32218491730108023,8.367540501722956,2020-11,2020,11
QN0706,prism_tmax_us_30s_202011_avg_30y.tif,prism_vpdmax_us_30s_202011_avg_30y.tif,12.5939208984375,7.593920898437499,7.233528900146484,0.7233528900146484,0.3201050066100455,8.37155441701181,2020-11,2020,11
QN0707,prism_tmax_us_30s_202011_avg_30y.tif,prism_vpdmax_us_30s_202011_avg_30y.tif,12.61084453876202,7.61084453876202,7.295499948354868,0.7295499948354868,0.31511522597133756,8.3791891372848,2020-11,2020,11
QN0761,prism_tmax_us_30s_202011_avg_30y.tif,prism_vpdmax_us_30s_202011_avg_30y.tif,12.55541737874349,7.55541737874349,6.969499588012695,0.6969499588012695,0.34376569178108585,8.359021570617525,2020-11,2020,11
QN0791,prism_tmax_us_30s_202011_avg_30y.tif,prism_vpdmax_us_30s_202011_avg_30y.tif,12.593612670898438,7.5936126708984375,7.194537162780762,0.7194537162780762,0.3239822029417684,8.372903390155528,2020-11,2020,11
QN0801,prism_tmax_us_30s_202011_avg_30y.tif,prism_vpdmax_us_30s_202011_avg_30y.tif,12.595265706380209,7.595265706380209,7.225599924723308,0.7225599924723307,0.32099379713612364,8.372666217792075,2020-11,2020,11
QN0802,prism_tmax_us_30s_202011_avg_30y.tif,prism_vpdmax_us_30s_202011_avg_30y.tif,12.596785409109932,7.596785409109932,7.209964207240513,0.7209964207240513,0.32266574226844735,8.37418496367683,2020-11,2020,11
QN0803,prism_tmax_us_30s_202011_avg_30y.tif,prism_vpdmax_us_30s_202011_avg_30y.tif,12.587575276692709,7.587575276692709,7.175716400146484,0.7175716400146485,0.32543387986371186,8.370050696671205,2020-11,2020,11
QN0804,prism_tmax_us_30s_202011_avg_30y.tif,prism_vpdmax_us_30s_202011_avg_30y.tif,12.602035522460938,7.6020355224609375,7.203471592494419,0.7203471592494419,0.3236894772670593,8.377564105801305,2020-11,2020,11
QN0805,prism_tmax_us_30s_202011_avg_30y.tif,prism_vpdmax_us_30s_202011_avg_30y.tif,12.625666300455729,7.625666300455729,7.236199696858724,0.7236199696858724,0.32210363844816314,8.390339522268526,2020-11,2020,11
QN0871,prism_tmax_us_30s_202011_avg_30y.tif,prism_vpdmax_us_30s_202011_avg_30y.tif,12.578499794006348,7.578499794006348,7.2371745109558105,0.723717451095581,0.31864138147539967,8.36223544612143,2020-11,2020,11
QN0891,prism_tmax_us_30s_202011_avg_30y.tif,prism_vpdmax_us_30s_202011_avg_30y.tif,12.572411431206596,7.572411431206596,7.161222669813368,0.7161222669813367,0.325802927937878,8.361597832173725,2020-11,2020,11
QN0901,prism_tmax_us_30s_202011_avg_30y.tif,prism_vpdmax_us_30s_202011_avg_30y.tif,12.58752187093099,7.58752187093099,7.198465983072917,0.7198465983072917,0.3231551150293288,8.369124861024398,2020-11,2020,11
QN0902,prism_tmax_us_30s_202011_avg_30y.tif,prism_vpdmax_us_30s_202011_avg_30y.tif,12.600671941583807,7.600671941583807,7.203790838068182,0.7203790838068181,0.3235602815456341,8.376740181525452,2020-11,2020,11
QN0903,prism_tmax_us_30s_202011_avg_30y.tif,prism_vpdmax_us_30s_202011_avg_30y.tif,12.633855183919271,7.633855183919271,7.2188771565755205,0.721887715657552,0.32442104629466195,8.395893360476029,2020-11,2020,11
QN0904,prism_tmax_us_30s_202011_avg_30y.tif,prism_vpdmax_us_30s_202011_avg_30y.tif,12.61301326751709,7.61301326751709,7.2029242515563965,0.7202924251556396,0.32452760056736973,8.384117869705166,2020-11,2020,11
QN0905,prism_tmax_us_30s_202011_avg_30y.tif,prism_vpdmax_us_30s_202011_avg_30y.tif,12.57677993774414,7.57677993774414,7.207279968261719,0.7207279968261718,0.32150832457302847,8.362386996258127,2020-11,2020,11
QN1001,prism_tmax_us_30s_202011_avg_30y.tif,prism_vpdmax_us_30s_202011_avg_30y.tif,12.636283874511719,7.636283874511719,7.15177001953125,0.7151770019531251,0.33130536259388654,8.399975964347542,2020-11,2020,11
QN1002,prism_tmax_us_30s_202011_avg_30y.tif,prism_vpdmax_us_30s_202011_avg_30y.tif,12.611015319824219,7.611015319824219,7.139233271280925,0.7139233271280925,0.33075408338165846,8.385432041109324,2020-11,2020,11
QN1003,prism_tmax_us_30s_202011_avg_30y.tif,prism_vpdmax_us_30s_202011_avg_30y.tif,12.545112609863281,7.545112609863281,6.987412452697754,0.6987412452697754,0.3412415701348588,8.35218678685548,2020-11,2020,11
QN1091,prism_tmax_us_30s_202011_avg_30y.tif,prism_vpdmax_us_30s_202011_avg_30y.tif,12.469654507107204,7.4696545071072045,6.874800364176433,0.6874800364176432,0.3471503228703763,8.311724182417842,2020-11,2020,11
QN1101,prism_tmax_us_30s_202011_avg_30y.tif,prism_vpdmax_us_30s_202011_avg_30y.tif,12.574386596679688,7.5743865966796875,7.155243396759033,0.7155243396759033,0.32654151705134316,8.36300801651856,2020-11,2020,11
QN1102,prism_tmax_us_30s_202011_avg_30y.tif,prism_vpdmax_us_30s_202011_avg_30y.tif,12.589820460269326,7.589820460269326,7.136526007401316,0.7136526007401316,0.32951295760140953,8.37292679331006,2020-11,2020,11
QN1103,prism_tmax_us_30s_202011_avg_30y.tif,prism_vpdmax_us_30s_202011_avg_30y.tif,12.574789428710938,7.574789428710938,7.134674835205078,0.7134674835205078,0.32862706302387956,8.364056041847487,2020-11,2020,11
QN1104,prism_tmax_us_30s_202011_avg_30y.tif,prism_vpdmax_us_30s_202011_avg_30y.tif,12.563507080078125,7.563507080078125,7.156028202601841,0.7156028202601841,0.3256884570417031,8.356504078021686,2020-11,2020,11
QN1191,prism_tmax_us_30s_202011_avg_30y.tif,prism_vpdmax_us_30s_202011_avg_30y.tif,12.576690673828125,7.576690673828125,7.138132731119792,0.7138132731119792,0.32841669006302665,8.365051371255316,2020-11,2020,11
QN1201,prism_tmax_us_30s_202011_avg_30y.tif,prism_vpdmax_us_30s_202011_avg_30y.tif,12.641040577607995,7.6410405776079955,7.2333822811351105,0.723338228113511,0.323484218639732,8.399599305429149,2020-11,2020,11
QN1202,prism_tmax_us_30s_202011_avg_30y.tif,prism_vpdmax_us_30s_202011_avg_30y.tif,12.654578072684151,7.654578072684151,7.213321140834263,0.7213321140834263,0.3264587333757194,8.40844404942857,2020-11,2020,11
QN1203,prism_tmax_us_30s_202011_avg_30y.tif,prism_vpdmax_us_30s_202011_avg_30y.tif,12.664787292480469,7.664787292480469,7.176512718200684,0.7176512718200684,0.3308704107864383,8.415966466275496,2020-11,2020,11
QN1204,prism_tmax_us_30s_202011_avg_30y.tif,prism_vpdmax_us_30s_202011_avg_30y.tif,12.66918475811298,7.66918475811298,7.167137732872596,0.7167137732872596,0.3321228436767135,8.418952035415007,2020-11,2020,11
QN1205,prism_tmax_us_30s_202011_avg_30y.tif,prism_vpdmax_us_30s_202011_avg_30y.tif,12.675704292629076,7.675704292629076,7.230178169582201,0.7230178169582201,0.32628586435087936,8.42035467861058,2020-11,2020,11
QN1206,prism_tmax_us_30s_202011_avg_30y.tif,prism_vpdmax_us_30s_202011_avg_30y.tif,12.63231964111328,7.6323196411132805,7.223429870605469,0.7223429870605469,0.3238560275083282,8.394800655322003,2020-11,2020,11
QN1301,prism_tmax_us_30s_202011_avg_30y.tif,prism_vpdmax_us_30s_202011_avg_30y.tif,12.645627702985491,7.645627702985491,7.259979248046875,0.7259979248046875,0.3211525722966275,8.401283868505347,2020-11,2020,11
QN1302,prism_tmax_us_30s_202011_avg_30y.tif,prism_vpdmax_us_30s_202011_avg_30y.tif,12.628138224283854,7.628138224283854,7.2446441650390625,0.7244644165039062,0.32143579775573894,8.39147864168695,2020-11,2020,11
QN1303,prism_tmax_us_30s_202011_avg_30y.tif,prism_vpdmax_us_30s_202011_avg_30y.tif,12.652178955078124,7.652178955078124,7.245659637451172,0.7245659637451172,0.32305320606195465,8.405745377511645,2020-11,2020,11
QN1304,prism_tmax_us_30s_202011_avg_30y.tif,prism_vpdmax_us_30s_202011_avg_30y.tif,12.682126131924717,7.682126131924717,7.25373632257635,0.725373632257635,0.3243902934575673,8.423250902130137,2020-11,2020,11
QN1305,prism_tmax_us_30s_202011_avg_30y.tif,prism_vpdmax_us_30s_202011_avg_30y.tif,12.638015747070312,7.6380157470703125,7.163200378417969,0.7163200378417969,0.33028613629660963,8.400557380153435,2020-11,2020,11
QN1306,prism_tmax_us_30s_202011_avg_30y.tif,prism_vpdmax_us_30s_202011_avg_30y.tif,12.571774131373354,7.571774131373354,7.050662392064145,0.7050662392064144,0.33681357384394106,8.36556366700936,2020-11,2020,11
QN1307,prism_tmax_us_30s_202011_avg_30y.tif,prism_vpdmax_us_30s_202011_avg_30y.tif,12.521499633789062,7.5214996337890625,7.023555755615234,0.7023555755615234,0.3359496898695231,8.33671852047712,2020-11,2020,11
QN1371,prism_tmax_us_30s_202011_avg_30y.tif,prism_vpdmax_us_30s_202011_avg_30y.tif,12.669840240478516,7.669840240478516,7.239579772949218,0.7239579772949218,0.3249255906395403,8.416495173472658,2020-11,2020,11
QN1401,prism_tmax_us_30s_202011_avg_30y.tif,prism_vpdmax_us_30s_202011_avg_30y.tif,12.295911003561582,7.2959110035615815,6.7730699426987595,0.677306994269876,0.3450913747832567,8.212402449309236,2020-11,2020,11
QN1402,prism_tmax_us_30s_202011_avg_30y.tif,prism_vpdmax_us_30s_202011_avg_30y.tif,12.19038306342231,7.19038306342231,6.6464720831976996,0.66464720831977,0.3503840484053734,8.15464812798376,2020-11,2020,11
QN1403,prism_tmax_us_30s_202011_avg_30y.tif,prism_vpdmax_us_30s_202011_avg_30y.tif,12.17433081732856,7.17433081732856,6.659260643853082,0.6659260643853082,0.3479886600611366,8.14460511682932,2020-11,2020,11
QN1491,prism_tmax_us_30s_202011_avg_30y.tif,prism_vpdmax_us_30s_202011_avg_30y.tif,12.245719909667969,7.245719909667969,6.705119323730469,0.6705119323730468,0.3483766468330549,8.185235210987129,2020-11,2020,11
QN8081,prism_tmax_us_30s_202011_avg_30y.tif,prism_vpdmax_us_30s_202011_avg_30y.tif,12.562415489783653,7.562415489783653,7.386231055626502,0.7386231055626502,0.3025904827313266,8.346807642420742,2020-11,2020,11
QN8191,prism_tmax_us_30s_202011_avg_30y.tif,prism_vpdmax_us_30s_202011_avg_30y.tif,12.599264526367188,7.599264526367188,7.280239868164062,0.7280239868164062,0.31581498881389813,8.372898277054057,2020-11,2020,11
QN8291,prism_tmax_us_30s_202011_avg_30y.tif,prism_vpdmax_us_30s_202011_avg_30y.tif,12.540190124511719,7.540190124511719,7.189739990234375,0.7189739990234375,0.3206589087185202,8.341306751724524,2020-11,2020,11
QN8381,prism_tmax_us_30s_202011_avg_30y.tif,prism_vpdmax_us_30s_202011_avg_30y.tif,12.489919026692709,7.489919026692709,6.954343795776367,0.6954343795776368,0.34063101146591857,8.32065207564087,2020-11,2020,11
QN8491,prism_tmax_us_30s_202011_avg_30y.tif,prism_vpdmax_us_30s_202011_avg_30y.tif,12.277462521114865,7.277462521114865,6.7297379777238175,0.6729737977723818,0.34813326031901015,8.203137620777499,2020-11,2020,11
QN8492,prism_tmax_us_30s_202011_avg_30y.tif,prism_vpdmax_us_30s_202011_avg_30y.tif,12.15157815684443,7.15157815684443,6.669899318529212,0.6669899318529212,0.3453440585036872,8.13066502992274,2020-11,2020,11
SI0101,prism_tmax_us_30s_202011_avg_30y.tif,prism_vpdmax_us_30s_202011_avg_30y.tif,12.69906005859375,7.69906005859375,7.414669036865234,0.7414669036865235,0.3095115056898642,8.427005074958773,2020-11,2020,11
SI0102,prism_tmax_us_30s_202011_avg_30y.tif,prism_vpdmax_us_30s_202011_avg_30y.tif,12.633590698242188,7.6335906982421875,7.295890808105469,0.7295890808105469,0.31670077725932744,8.392709331366236,2020-11,2020,11
SI0103,prism_tmax_us_30s_202011_avg_30y.tif,prism_vpdmax_us_30s_202011_avg_30y.tif,12.64284456693209,7.642844566932091,7.26520010141226,0.726520010141226,0.32043143892821224,8.399422424949282,2020-11,2020,11
SI0104,prism_tmax_us_30s_202011_avg_30y.tif,prism_vpdmax_us_30s_202011_avg_30y.tif,12.680820630944293,7.680820630944293,7.4510040283203125,0.7451004028320313,0.3045699450293745,8.414721286141958,2020-11,2020,11
SI0105,prism_tmax_us_30s_202011_avg_30y.tif,prism_vpdmax_us_30s_202011_avg_30y.tif,12.670094807942709,7.670094807942709,7.456776210239956,0.7456776210239956,0.3032241815985902,8.40811085947176,2020-11,2020,11
SI0106,prism_tmax_us_30s_202011_avg_30y.tif,prism_vpdmax_us_30s_202011_avg_30y.tif,12.80102304311899,7.80102304311899,7.604738088754507,0.7604738088754507,0.29784346363029657,8.480232546655174,2020-11,2020,11
SI0107,prism_tmax_us_30s_202011_avg_30y.tif,prism_vpdmax_us_30s_202011_avg_30y.tif,12.8429150390625,7.8429150390625,7.710811767578125,0.7710811767578125,0.2902643556531457,8.501006718920124,2020-11,2020,11
SI0191,prism_tmax_us_30s_202011_avg_30y.tif,prism_vpdmax_us_30s_202011_avg_30y.tif,12.789249420166016,7.789249420166016,7.562950134277344,0.7562950134277344,0.30117254601701915,8.47486523181882,2020-11,2020,11
SI0201,prism_tmax_us_30s_202011_avg_30y.tif,prism_vpdmax_us_30s_202011_avg_30y.tif,12.604447074558424,7.604447074558424,7.193473484205163,0.7193473484205163,0.32486133591774713,8.3793919962903,2020-11,2020,11
SI0202,prism_tmax_us_30s_202011_avg_30y.tif,prism_vpdmax_us_30s_202011_avg_30y.tif,12.583054351806641,7.583054351806641,7.178555297851562,0.7178555297851562,0.32482780057828287,8.36724914310163,2020-11,2020,11
SI0203,prism_tmax_us_30s_202011_avg_30y.tif,prism_vpdmax_us_30s_202011_avg_30y.tif,12.633262456849565,7.633262456849565,7.356466603833575,0.7356466603833576,0.31061973733838233,8.390133369807687,2020-11,2020,11
SI0204,prism_tmax_us_30s_202011_avg_30y.tif,prism_vpdmax_us_30s_202011_avg_30y.tif,12.822527567545572,7.822527567545572,7.663483301798503,0.7663483301798503,0.29352249512585205,8.4907274713828,2020-11,2020,11
SI0291,prism_tmax_us_30s_202011_avg_30y.tif,prism_vpdmax_us_30s_202011_avg_30y.tif,12.787151518322172,7.7871515183221724,7.571842738560268,0.7571842738560268,0.30013194117074615,8.473266763768775,2020-11,2020,11
SI0301,prism_tmax_us_30s_202011_avg_30y.tif,prism_vpdmax_us_30s_202011_avg_30y.tif,12.66082763671875,7.66082763671875,7.273644341362847,0.7273644341362847,0.3208737400898881,8.409792649874857,2020-11,2020,11
SI0302,prism_tmax_us_30s_202011_avg_30y.tif,prism_vpdmax_us_30s_202011_avg_30y.tif,12.776581862877155,7.776581862877155,7.433675831761853,0.7433675831761853,0.31318641797181457,8.47240417851427,2020-11,2020,11
SI0303,prism_tmax_us_30s_202011_avg_30y.tif,prism_vpdmax_us_30s_202011_avg_30y.tif,12.877958679199219,7.877958679199219,7.674735260009766,0.7674735260009766,0.2964110741020285,8.523292123228053,2020-11,2020,11
SI0304,prism_tmax_us_30s_202011_avg_30y.tif,prism_vpdmax_us_30s_202011_avg_30y.tif,12.822564019097221,7.822564019097221,7.591092936197916,0.7591092936197916,0.30076416676136897,8.493594116365342,2020-11,2020,11
SI0305,prism_tmax_us_30s_202011_avg_30y.tif,prism_vpdmax_us_30s_202011_avg_30y.tif,12.823902476917613,7.823902476917613,7.693966489849669,0.7693966489849668,0.29057357224144265,8.490348118303174,2020-11,2020,11
SI0391,prism_tmax_us_30s_202011_avg_30y.tif,prism_vpdmax_us_30s_202011_avg_30y.tif,12.755659993489584,7.755659993489584,7.572739664713541,0.7572739664713541,0.297772713731143,8.454483892804934,2020-11,2020,11
SI9561,prism_tmax_us_30s_202011_avg_30y.tif,prism_vpdmax_us_30s_202011_avg_30y.tif,12.581442696707589,7.5814426967075885,7.127485002790179,0.7127485002790179,0.3298199946050633,8.368297266912991,2020-11,2020,11
SI9591,prism_tmax_us_30s_202011_avg_30y.tif,prism_vpdmax_us_30s_202011_avg_30y.tif,12.29677963256836,7.296779632568359,6.852200317382812,0.6852200317382813,0.3372391728797375,8.209809046607996,2020-11,2020,11
SI9592,prism_tmax_us_30s_202011_avg_30y.tif,prism_vpdmax_us_30s_202011_avg_30y.tif,12.514425277709961,7.514425277709961,7.089674949645996,0.7089674949645997,0.32883564707161717,8.329911541760692,2020-11,2020,11
SI9593,prism_tmax_us_30s_202011_avg_30y.tif,prism_vpdmax_us_30s_202011_avg_30y.tif,12.549532572428385,7.549532572428385,7.148216247558594,0.7148216247558594,0.32547546556789575,8.348496826535076,2020-11,2020,11
BK0101,prism_tmax_us_30s_202012_avg_30y.tif,prism_vpdmax_us_30s_202012_avg_30y.tif,7.195133209228516,2.1951332092285156,4.774999936421712,0.4774999936421712,0.23805659359003095,5.27819677091345,2020-12,2020,12
BK0102,prism_tmax_us_30s_202012_avg_30y.tif,prism_vpdmax_us_30s_202012_avg_30y.tif,7.212266710069445,2.2122667100694446,4.774277581108941,0.4774277581108941,0.23900526783054254,5.288284294866778,2020-12,2020,12
BK0103,prism_tmax_us_30s_202012_avg_30y.tif,prism_vpdmax_us_30s_202012_avg_30y.tif,7.199471609933036,2.1994716099330356,4.752985273088727,0.47529852730887273,0.24047989477641624,5.281609001479163,2020-12,2020,12
BK0104,prism_tmax_us_30s_202012_avg_30y.tif,prism_vpdmax_us_30s_202012_avg_30y.tif,7.196099853515625,2.1960998535156246,4.744906616210938,0.47449066162109377,0.2411153476442972,5.279946948567568,2020-12,2020,12
BK0201,prism_tmax_us_30s_202012_avg_30y.tif,prism_vpdmax_us_30s_202012_avg_30y.tif,7.203474998474121,2.203474998474121,4.782474994659424,0.47824749946594236,0.2377356812193656,5.282800446854037,2020-12,2020,12
BK0202,prism_tmax_us_30s_202012_avg_30y.tif,prism_vpdmax_us_30s_202012_avg_30y.tif,7.218389892578125,2.2183898925781254,4.781060028076172,0.47810600280761717,0.23864047527563614,5.291612775875122,2020-12,2020,12
BK0203,prism_tmax_us_30s_202012_avg_30y.tif,prism_vpdmax_us_30s_202012_avg_30y.tif,7.188255310058594,2.1882553100585938,4.75905524359809,0.47590552435980904,0.23929950061626448,5.274785464545414,2020-12,2020,12
BK0204,prism_tmax_us_30s_202012_avg_30y.tif,prism_vpdmax_us_30s_202012_avg_30y.tif,7.146649678548177,2.146649678548177,4.7327165603637695,0.47327165603637694,0.23980995694234036,5.251395680815156,2020-12,2020,12
BK0261,prism_tmax_us_30s_202012_avg_30y.tif,prism_vpdmax_us_30s_202012_avg_30y.tif,7.234028407505581,2.2340284075055807,4.786328451974051,0.4786328451974051,0.2389147346003322,5.300587597753594,2020-12,2020,12
BK0301,prism_tmax_us_30s_202012_avg_30y.tif,prism_vpdmax_us_30s_202012_avg_30y.tif,7.156649271647136,2.1566492716471357,4.7279917399088545,0.47279917399088545,0.24079227579439721,5.257451501411124,2020-12,2020,12
BK0302,prism_tmax_us_30s_202012_avg_30y.tif,prism_vpdmax_us_30s_202012_avg_30y.tif,7.154806954520089,2.1548069545200894,4.711256844656808,0.4711256844656808,0.24237180920486645,5.257027664230403,2020-12,2020,12
BK0401,prism_tmax_us_30s_202012_avg_30y.tif,prism_vpdmax_us_30s_202012_avg_30y.tif,7.1641899108886715,2.1641899108886715,4.7155498504638675,0.47155498504638677,0.24242114281123944,5.262367188598693,2020-12,2020,12
BK0402,prism_tmax_us_30s_202012_avg_30y.tif,prism_vpdmax_us_30s_202012_avg_30y.tif,7.149879455566406,2.1498794555664062,4.709709548950196,0.47097095489501956,0.24227529552080268,5.254195842445828,2020-12,2020,12
BK0471,prism_tmax_us_30s_202012_avg_30y.tif,prism_vpdmax_us_30s_202012_avg_30y.tif,7.131199836730957,2.131199836730957,4.70544958114624,0.47054495811462405,0.24174956548843507,5.2433978866634074,2020-12,2020,12
BK0501,prism_tmax_us_30s_202012_avg_30y.tif,prism_vpdmax_us_30s_202012_avg_30y.tif,7.191720581054687,2.191720581054687,4.7249103546142575,0.47249103546142573,0.24289109698469263,5.278161770572992,2020-12,2020,12
BK0502,prism_tmax_us_30s_202012_avg_30y.tif,prism_vpdmax_us_30s_202012_avg_30y.tif,7.2608795166015625,2.2608795166015625,4.740599822998047,0.4740599822998047,0.24486492230738688,5.318150600379889,2020-12,2020,12
BK0503,prism_tmax_us_30s_202012_avg_30y.tif,prism_vpdmax_us_30s_202012_avg_30y.tif,7.274899482727051,2.274899482727051,4.722718715667725,0.47227187156677247,0.24737311306000115,5.327085640138818,2020-12,2020,12
BK0504,prism_tmax_us_30s_202012_avg_30y.tif,prism_vpdmax_us_30s_202012_avg_30y.tif,7.258836226029829,2.258836226029829,4.683717901056463,0.4683717901056463,0.25044822211717216,5.319186291450961,2020-12,2020,12
BK0505,prism_tmax_us_30s_202012_avg_30y.tif,prism_vpdmax_us_30s_202012_avg_30y.tif,7.290679931640625,2.290679931640625,4.72755012512207,0.472755012512207,0.2477012341912872,5.33616210627741,2020-12,2020,12
BK0571,prism_tmax_us_30s_202012_avg_30y.tif,prism_vpdmax_us_30s_202012_avg_30y.tif,7.140799840291341,2.140799840291341,4.706599871317546,0.4706599871317546,0.24212351659343068,5.248988051466409,2020-12,2020,12
BK0601,prism_tmax_us_30s_202012_avg_30y.tif,prism_vpdmax_us_30s_202012_avg_30y.tif,7.263117173138787,2.263117173138787,4.796964757582721,0.4796964757582721,0.2393433145224524,5.317249359777016,2020-12,2020,12
BK0602,prism_tmax_us_30s_202012_avg_30y.tif,prism_vpdmax_us_30s_202012_avg_30y.tif,7.118963068181818,2.1189630681818183,4.71508164839311,0.471508164839311,0.2401635034282671,5.2358363165064,2020-12,2020,12
BK0701,prism_tmax_us_30s_202012_avg_30y.tif,prism_vpdmax_us_30s_202012_avg_30y.tif,7.108257293701172,2.108257293701172,4.68847165788923,0.468847165788923,0.24227996977214966,5.230597913649019,2020-12,2020,12
BK0702,prism_tmax_us_30s_202012_avg_30y.tif,prism_vpdmax_us_30s_202012_avg_30y.tif,7.225778680098684,2.225778680098684,4.750952469675164,0.4750952469675164,0.24202963214840584,5.2971341570502775,2020-12,2020,12
BK0703,prism_tmax_us_30s_202012_avg_30y.tif,prism_vpdmax_us_30s_202012_avg_30y.tif,7.171324729919434,2.1713247299194336,4.720512390136719,0.47205123901367185,0.2422890330143994,5.266360711838978,2020-12,2020,12
BK0771,prism_tmax_us_30s_202012_avg_30y.tif,prism_vpdmax_us_30s_202012_avg_30y.tif,7.142487525939941,2.1424875259399414,4.699487209320068,0.46994872093200685,0.24292077638701365,5.250258292328043,2020-12,2020,12
BK0801,prism_tmax_us_30s_202012_avg_30y.tif,prism_vpdmax_us_30s_202012_avg_30y.tif,7.090967178344727,2.0909671783447266,4.705483118693034,0.4705483118693034,0.23970016564475177,5.219780555219847,2020-12,2020,12
BK0802,prism_tmax_us_30s_202012_avg_30y.tif,prism_vpdmax_us_30s_202012_avg_30y.tif,7.105133056640625,2.105133056640625,4.6979414621988935,0.46979414621988935,0.24117414921768343,5.228391883757784,2020-12,2020,12
BK0891,prism_tmax_us_30s_202012_avg_30y.tif,prism_vpdmax_us_30s_202012_avg_30y.tif,7.141899585723877,2.141899585723877,4.690399646759033,0.4690399646759033,0.24379957395547763,5.250270297669941,2020-12,2020,12
BK0901,prism_tmax_us_30s_202012_avg_30y.tif,prism_vpdmax_us_30s_202012_avg_30y.tif,7.091270991734096,2.0912709917340964,4.692514147077288,0.4692514147077288,0.2410124938728977,5.220468562405282,2020-12,2020,12
BK0902,prism_tmax_us_30s_202012_avg_30y.tif,prism_vpdmax_us_30s_202012_avg_30y.tif,7.139769744873047,2.139769744873047,4.704700088500976,0.4704700088500976,0.24226101234765451,5.248458023195646,2020-12,2020,12
BK1001,prism_tmax_us_30s_202012_avg_30y.tif,prism_vpdmax_us_30s_202012_avg_30y.tif,7.21415540907118,2.2141554090711804,4.7275500827365455,0.4727550082736546,0.24377468923888768,5.2912295698142415,2020-12,2020,12
BK1002,prism_tmax_us_30s_202012_avg_30y.tif,prism_vpdmax_us_30s_202012_avg_30y.tif,7.150908036665483,2.1509080366654834,4.684772491455078,0.4684772491455078,0.244821440097023,5.255779682747459,2020-12,2020,12
BK1061,prism_tmax_us_30s_202012_avg_30y.tif,prism_vpdmax_us_30s_202012_avg_30y.tif,7.237443106515067,2.237443106515067,4.693028586251395,0.4693028586251395,0.24841974837153086,5.306259202504054,2020-12,2020,12
BK1091,prism_tmax_us_30s_202012_avg_30y.tif,prism_vpdmax_us_30s_202012_avg_30y.tif,7.212071010044643,2.2120710100446432,4.675500052315848,0.4675500052315848,0.2488730046167818,5.292051353509708,2020-12,2020,12
BK1101,prism_tmax_us_30s_202012_avg_30y.tif,prism_vpdmax_us_30s_202012_avg_30y.tif,7.188972981770833,2.188972981770833,4.655120340983073,0.4655120340983073,0.24972966737525004,5.2792914399425355,2020-12,2020,12
BK1102,prism_tmax_us_30s_202012_avg_30y.tif,prism_vpdmax_us_30s_202012_avg_30y.tif,7.24613274468316,2.24613274468316,4.674132876925999,0.4674132876925999,0.2507548940778916,5.3121039396079635,2020-12,2020,12
BK1103,prism_tmax_us_30s_202012_avg_30y.tif,prism_vpdmax_us_30s_202012_avg_30y.tif,7.246880340576172,2.2468803405761717,4.661520004272461,0.4661520004272461,0.25205452690048086,5.313038582178578,2020-12,2020,12
BK1201,prism_tmax_us_30s_202012_avg_30y.tif,prism_vpdmax_us_30s_202012_avg_30y.tif,7.139771597726004,2.1397715977260043,4.692928314208984,0.46929283142089845,0.24343828417514762,5.248921741591477,2020-12,2020,12
BK1202,prism_tmax_us_30s_202012_avg_30y.tif,prism_vpdmax_us_30s_202012_avg_30y.tif,7.133966445922852,2.1339664459228516,4.6690419514973955,0.4669041951497396,0.24553121643308518,5.246452742896459,2020-12,2020,12
BK1203,prism_tmax_us_30s_202012_avg_30y.tif,prism_vpdmax_us_30s_202012_avg_30y.tif,7.157308959960938,2.157308959960938,4.686440277099609,0.46864402770996094,0.24498106809882103,5.259471740060688,2020-12,2020,12
BK1204,prism_tmax_us_30s_202012_avg_30y.tif,prism_vpdmax_us_30s_202012_avg_30y.tif,7.164700317382812,2.1647003173828123,4.645809936523437,0.46458099365234373,0.2494211786918049,5.2654076031819335,2020-12,2020,12
BK1301,prism_tmax_us_30s_202012_avg_30y.tif,prism_vpdmax_us_30s_202012_avg_30y.tif,7.250516255696614,2.2505162556966143,4.652791341145833,0.4652791341145833,0.2531139117141169,5.315516484283628,2020-12,2020,12
BK1302,prism_tmax_us_30s_202012_avg_30y.tif,prism_vpdmax_us_30s_202012_avg_30y.tif,7.2602534574620865,2.2602534574620865,4.639717550838695,0.46397175508386945,0.25492100932195016,5.321747667044529,2020-12,2020,12
BK1303,prism_tmax_us_30s_202012_avg_30y.tif,prism_vpdmax_us_30s_202012_avg_30y.tif,7.257666269938151,2.2576662699381513,4.638516743977864,0.4638516743977864,0.25490828417787414,5.320275730736836,2020-12,2020,12
BK1391,prism_tmax_us_30s_202012_avg_30y.tif,prism_vpdmax_us_30s_202012_avg_30y.tif,7.2537994384765625,2.2537994384765625,4.652832984924316,0.46528329849243166,0.2532782078021468,5.317442617282454,2020-12,2020,12
BK1401,prism_tmax_us_30s_202012_avg_30y.tif,prism_vpdmax_us_30s_202012_avg_30y.tif,7.167991638183594,2.1679916381835938,4.67365837097168,0.46736583709716795,0.24680430145847754,5.266245349323279,2020-12,2020,12
BK1402,prism_tmax_us_30s_202012_avg_30y.tif,prism_vpdmax_us_30s_202012_avg_30y.tif,7.161672418767756,2.161672418767756,4.670863411643288,0.4670863411643288,0.2467613390235679,5.262645467677579,2020-12,2020,12
BK1403,prism_tmax_us_30s_202012_avg_30y.tif,prism_vpdmax_us_30s_202012_avg_30y.tif,7.1799152080829325,2.1799152080829325,4.635807917668269,0.4635807917668269,0.25119813542487784,5.274732790204999,2020-12,2020,12
BK1501,prism_tmax_us_30s_202012_avg_30y.tif,prism_vpdmax_us_30s_202012_avg_30y.tif,7.242107684795673,2.2421076847956734,4.657853640042818,0.46578536400428183,0.25217639617093635,5.310380380974324,2020-12,2020,12
BK1502,prism_tmax_us_30s_202012_avg_30y.tif,prism_vpdmax_us_30s_202012_avg_30y.tif,7.241349792480468,2.2413497924804684,4.649980163574218,0.46499801635742183,0.252924881850686,5.310244810903745,2020-12,2020,12
BK1503,prism_tmax_us_30s_202012_avg_30y.tif,prism_vpdmax_us_30s_202012_avg_30y.tif,7.248789978027344,2.248789978027344,4.6400001525878904,0.46400001525878903,0.25430446906562604,5.315005573884295,2020-12,2020,12
BK1601,prism_tmax_us_30s_202012_avg_30y.tif,prism_vpdmax_us_30s_202012_avg_30y.tif,7.155232747395833,2.155232747395833,4.704921722412109,0.4704921722412109,0.24302703541941156,5.2575265926932655,2020-12,2020,12
BK1602,prism_tmax_us_30s_202012_avg_30y.tif,prism_vpdmax_us_30s_202012_avg_30y.tif,7.213254061612216,2.213254061612216,4.714872533624822,0.4714872533624822,0.24499630795328942,5.291198601959769,2020-12,2020,12
BK1701,prism_tmax_us_30s_202012_avg_30y.tif,prism_vpdmax_us_30s_202012_avg_30y.tif,7.1897777981228295,2.1897777981228295,4.700322045220269,0.47003220452202693,0.24525062893757893,5.2779875087081125,2020-12,2020,12
BK1702,prism_tmax_us_30s_202012_avg_30y.tif,prism_vpdmax_us_30s_202012_avg_30y.tif,7.182644314236111,2.1826443142361107,4.6608996921115455,0.46608996921115453,0.24882836397594377,5.275348873214421,2020-12,2020,12
BK1703,prism_tmax_us_30s_202012_avg_30y.tif,prism_vpdmax_us_30s_202012_avg_30y.tif,7.195300015536222,2.1953000155362217,4.6922454833984375,0.46922454833984373,0.24634056705412322,5.281546951661308,2020-12,2020,12
BK1704,prism_tmax_us_30s_202012_avg_30y.tif,prism_vpdmax_us_30s_202012_avg_30y.tif,7.205799449573863,2.2057994495738633,4.70223652232777,0.47022365223277696,0.24587843931215947,5.287318514558059,2020-12,2020,12
BK1771,prism_tmax_us_30s_202012_avg_30y.tif,prism_vpdmax_us_30s_202012_avg_30y.tif,7.190999984741211,2.190999984741211,4.6784749031066895,0.46784749031066897,0.24749780979477942,5.279563630597615,2020-12,2020,12
BK1801,prism_tmax_us_30s_202012_avg_30y.tif,prism_vpdmax_us_30s_202012_avg_30y.tif,7.183328965130975,2.1833289651309746,4.627123664407169,0.46271236644071695,0.25224094329739916,5.27707821394514,2020-12,2020,12
BK1802,prism_tmax_us_30s_202012_avg_30y.tif,prism_vpdmax_us_30s_202012_avg_30y.tif,7.220428466796875,2.220428466796875,4.628389146592882,0.4628389146592882,0.2540119470477716,5.298809635863602,2020-12,2020,12
BK1803,prism_tmax_us_30s_202012_avg_30y.tif,prism_vpdmax_us_30s_202012_avg_30y.tif,7.237894158614309,2.237894158614309,4.6726941560444075,0.46726941560444074,0.25047631378473184,5.307323179251712,2020-12,2020,12
BK1891,prism_tmax_us_30s_202012_avg_30y.tif,prism_vpdmax_us_30s_202012_avg_30y.tif,7.233860015869141,2.2338600158691406,4.619889831542968,0.4619889831542968,0.2555499663700408,5.307029765781229,2020-12,2020,12
BK1892,prism_tmax_us_30s_202012_avg_30y.tif,prism_vpdmax_us_30s_202012_avg_30y.tif,7.2270660400390625,2.2270660400390625,4.629100163777669,0.4629100163777669,0.25428081018233945,5.302678803103808,2020-12,2020,12
BK1893,prism_tmax_us_30s_202012_avg_30y.tif,prism_vpdmax_us_30s_202012_avg_30y.tif,7.232555813259548,2.232555813259548,4.650399525960286,0.4650399525960286,0.2524321580840775,5.305064984245206,2020-12,2020,12
BK5591,prism_tmax_us_30s_202012_avg_30y.tif,prism_vpdmax_us_30s_202012_avg_30y.tif,7.0837249755859375,2.0837249755859375,4.685224850972493,0.4685224850972493,0.2413582394137485,5.21632584924683,2020-12,2020,12
BK5691,prism_tmax_us_30s_202012_avg_30y.tif,prism_vpdmax_us_30s_202012_avg_30y.tif,7.231720773797286,2.231720773797286,4.616689180072985,0.4616689180072985,0.255760400773279,5.30589951624696,2020-12,2020,12
BK5692,prism_tmax_us_30s_202012_avg_30y.tif,prism_vpdmax_us_30s_202012_avg_30y.tif,7.197349548339844,2.1973495483398438,4.595467062557445,0.45954670625574445,0.2561232011557022,5.286553611962882,2020-12,2020,12
BK5693,prism_tmax_us_30s_202012_avg_30y.tif,prism_vpdmax_us_30s_202012_avg_30y.tif,7.24578857421875,2.24578857421875,4.658055199517144,0.46580551995171443,0.2523450092955299,5.312533710235174,2020-12,2020,12
BX0101,prism_tmax_us_30s_202012_avg_30y.tif,prism_vpdmax_us_30s_202012_avg_30y.tif,7.19598388671875,2.19598388671875,4.81688484778771,0.481688484778771,0.23391159524379668,5.277050120700343,2020-12,2020,12
BX0102,prism_tmax_us_30s_202012_avg_30y.tif,prism_vpdmax_us_30s_202012_avg_30y.tif,7.151233249240452,2.151233249240452,4.773433261447483,0.4773433261447483,0.23597194370048025,5.252486226193625,2020-12,2020,12
BX0201,prism_tmax_us_30s_202012_avg_30y.tif,prism_vpdmax_us_30s_202012_avg_30y.tif,7.200156620570591,2.200156620570591,4.7895998273577005,0.47895998273577006,0.2368534714565998,5.280572218145968,2020-12,2020,12
BX0202,prism_tmax_us_30s_202012_avg_30y.tif,prism_vpdmax_us_30s_202012_avg_30y.tif,7.151599884033203,2.151599884033203,4.767325401306152,0.4767325401306152,0.23660142259134348,5.252941493325224,2020-12,2020,12
BX0291,prism_tmax_us_30s_202012_avg_30y.tif,prism_vpdmax_us_30s_202012_avg_30y.tif,7.225675106048584,2.225675106048584,4.834274768829346,0.4834274768829346,0.23369209668943097,5.293798779128493,2020-12,2020,12
BX0301,prism_tmax_us_30s_202012_avg_30y.tif,prism_vpdmax_us_30s_202012_avg_30y.tif,7.117185320172991,2.1171853201729913,4.746371677943638,0.4746371677943638,0.23694405257319406,5.233563089199351,2020-12,2020,12
BX0302,prism_tmax_us_30s_202012_avg_30y.tif,prism_vpdmax_us_30s_202012_avg_30y.tif,7.085632960001628,2.085632960001628,4.719916661580403,0.47199166615804033,0.23798592788684325,5.2160823579804525,2020-12,2020,12
BX0303,prism_tmax_us_30s_202012_avg_30y.tif,prism_vpdmax_us_30s_202012_avg_30y.tif,7.106825351715088,2.106825351715088,4.724612712860107,0.47246127128601073,0.2385930586618083,5.228337046476545,2020-12,2020,12
BX0391,prism_tmax_us_30s_202012_avg_30y.tif,prism_vpdmax_us_30s_202012_avg_30y.tif,7.082939910888672,2.0829399108886717,4.705079650878906,0.4705079650878906,0.2393329045987409,5.215084760981181,2020-12,2020,12
BX0401,prism_tmax_us_30s_202012_avg_30y.tif,prism_vpdmax_us_30s_202012_avg_30y.tif,7.141960144042969,2.1419601440429688,4.771969604492187,0.4771969604492187,0.2356456638999202,5.247100147585032,2020-12,2020,12
BX0402,prism_tmax_us_30s_202012_avg_30y.tif,prism_vpdmax_us_30s_202012_avg_30y.tif,7.101666768391927,2.101666768391927,4.750650087992351,0.4750650087992351,0.2357270928724725,5.224285805177104,2020-12,2020,12
BX0403,prism_tmax_us_30s_202012_avg_30y.tif,prism_vpdmax_us_30s_202012_avg_30y.tif,7.071600596110026,2.0716005961100263,4.7215836842854815,0.47215836842854814,0.23710706665095965,5.207780615188212,2020-12,2020,12
BX0491,prism_tmax_us_30s_202012_avg_30y.tif,prism_vpdmax_us_30s_202012_avg_30y.tif,7.156532923380534,2.156532923380534,4.787199974060059,0.47871999740600585,0.23486551842447573,5.255056316297582,2020-12,2020,12
BX0492,prism_tmax_us_30s_202012_avg_30y.tif,prism_vpdmax_us_30s_202012_avg_30y.tif,7.086899757385254,2.086899757385254,4.72659969329834,0.472659969329834,0.23738194724037254,5.216563267702905,2020-12,2020,12
BX0501,prism_tmax_us_30s_202012_avg_30y.tif,prism_vpdmax_us_30s_202012_avg_30y.tif,7.018162727355957,2.018162727355957,4.697162628173828,0.4697162628173828,0.23684291017902376,5.177377530111183,2020-12,2020,12
BX0502,prism_tmax_us_30s_202012_avg_30y.tif,prism_vpdmax_us_30s_202012_avg_30y.tif,7.030044131808811,2.030044131808811,4.690866258409288,0.46908662584092886,0.2380734691915456,5.184597896127873,2020-12,2020,12
BX0503,prism_tmax_us_30s_202012_avg_30y.tif,prism_vpdmax_us_30s_202012_avg_30y.tif,6.990940093994141,1.9909400939941406,4.6677398681640625,0.46677398681640625,0.2384100558208656,5.162558185232278,2020-12,2020,12
BX0601,prism_tmax_us_30s_202012_avg_30y.tif,prism_vpdmax_us_30s_202012_avg_30y.tif,7.129649639129639,2.1296496391296387,4.714900016784668,0.4714900016784668,0.2407255897612891,5.242116502162691,2020-12,2020,12
BX0602,prism_tmax_us_30s_202012_avg_30y.tif,prism_vpdmax_us_30s_202012_avg_30y.tif,7.059512138366699,2.059512138366699,4.692962646484375,0.4692962646484375,0.23935617291919925,5.201810358411164,2020-12,2020,12
BX0603,prism_tmax_us_30s_202012_avg_30y.tif,prism_vpdmax_us_30s_202012_avg_30y.tif,7.023656572614398,2.0236565726143976,4.6695998055594305,0.46695998055594307,0.23987699683510283,5.181684936428558,2020-12,2020,12
BX0701,prism_tmax_us_30s_202012_avg_30y.tif,prism_vpdmax_us_30s_202012_avg_30y.tif,7.012921651204427,2.012921651204427,4.681477440728082,0.4681477440728082,0.23814649605546317,5.174918149182707,2020-12,2020,12
BX0702,prism_tmax_us_30s_202012_avg_30y.tif,prism_vpdmax_us_30s_202012_avg_30y.tif,6.964800092909071,1.964800092909071,4.650421990288629,0.46504219902886285,0.2388236267808191,5.147899338004305,2020-12,2020,12
BX0703,prism_tmax_us_30s_202012_avg_30y.tif,prism_vpdmax_us_30s_202012_avg_30y.tif,6.987637519836426,1.9876375198364258,4.654425144195557,0.46544251441955564,0.23957486211276047,5.161143394557568,2020-12,2020,12
BX0801,prism_tmax_us_30s_202012_avg_30y.tif,prism_vpdmax_us_30s_202012_avg_30y.tif,6.994256700788226,1.9942567007882257,4.673485892159598,0.4673485892159598,0.2380028627104066,5.164278674392113,2020-12,2020,12
BX0802,prism_tmax_us_30s_202012_avg_30y.tif,prism_vpdmax_us_30s_202012_avg_30y.tif,7.0213165283203125,2.0213165283203125,4.6938832600911455,0.46938832600911456,0.23733031179626313,5.179357284093548,2020-12,2020,12
BX0803,prism_tmax_us_30s_202012_avg_30y.tif,prism_vpdmax_us_30s_202012_avg_30y.tif,6.9789551628960504,1.9789551628960504,4.694927639431423,0.4694927639431423,0.23508661892386062,5.154456618599138,2020-12,2020,12
BX0901,prism_tmax_us_30s_202012_avg_30y.tif,prism_vpdmax_us_30s_202012_avg_30y.tif,7.181608720259233,2.1816087202592334,4.7537453391335225,0.47537453391335227,0.2394908970722669,5.2710920669363865,2020-12,2020,12
BX0902,prism_tmax_us_30s_202012_avg_30y.tif,prism_vpdmax_us_30s_202012_avg_30y.tif,7.225800323486328,2.225800323486328,4.773189926147461,0.47731899261474614,0.23980699518032195,5.296272932522614,2020-12,2020,12
BX0903,prism_tmax_us_30s_202012_avg_30y.tif,prism_vpdmax_us_30s_202012_avg_30y.tif,7.217393057686942,2.217393057686942,4.7521209716796875,0.47521209716796875,0.24148334363872082,5.292164817758513,2020-12,2020,12
BX0904,prism_tmax_us_30s_202012_avg_30y.tif,prism_vpdmax_us_30s_202012_avg_30y.tif,7.15733273824056,2.1573327382405596,4.720282872517903,0.47202828725179036,0.2415980213445995,5.258155684970824,2020-12,2020,12
BX0991,prism_tmax_us_30s_202012_avg_30y.tif,prism_vpdmax_us_30s_202012_avg_30y.tif,7.212485722133091,2.212485722133091,4.778514317103794,0.4778514317103794,0.23859280360066354,5.288246376264523,2020-12,2020,12
BX1001,prism_tmax_us_30s_202012_avg_30y.tif,prism_vpdmax_us_30s_202012_avg_30y.tif,7.180724620819092,2.180724620819092,4.7164998054504395,0.4716499805450439,0.24317028990966916,5.272036783938924,2020-12,2020,12
BX1002,prism_tmax_us_30s_202012_avg_30y.tif,prism_vpdmax_us_30s_202012_avg_30y.tif,7.265167929909446,2.2651679299094463,4.7337587529962715,0.47337587529962716,0.24576921909178823,5.3209375193617285,2020-12,2020,12
BX1003,prism_tmax_us_30s_202012_avg_30y.tif,prism_vpdmax_us_30s_202012_avg_30y.tif,7.23028564453125,2.23028564453125,4.69390983581543,0.46939098358154296,0.24796479674569827,5.302022125570279,2020-12,2020,12
BX1004,prism_tmax_us_30s_202012_avg_30y.tif,prism_vpdmax_us_30s_202012_avg_30y.tif,7.18613711270419,2.1861371127041904,4.686100006103516,0.4686100006103516,0.24648678391560946,5.27640904898211,2020-12,2020,12
BX1071,prism_tmax_us_30s_202012_avg_30y.tif,prism_vpdmax_us_30s_202012_avg_30y.tif,7.203166961669922,2.203166961669922,4.647116661071777,0.46471166610717773,0.2512557577917649,5.287939180079009,2020-12,2020,12
BX1091,prism_tmax_us_30s_202012_avg_30y.tif,prism_vpdmax_us_30s_202012_avg_30y.tif,7.271012306213379,2.271012306213379,4.747862339019775,0.47478623390197755,0.2446590375160574,5.323814979366796,2020-12,2020,12
BX1101,prism_tmax_us_30s_202012_avg_30y.tif,prism_vpdmax_us_30s_202012_avg_30y.tif,7.107025146484375,2.107025146484375,4.688537120819092,0.4688537120819092,0.24221077582967698,5.229872092957703,2020-12,2020,12
BX1102,prism_tmax_us_30s_202012_avg_30y.tif,prism_vpdmax_us_30s_202012_avg_30y.tif,7.122770690917969,2.122770690917969,4.6807201385498045,0.46807201385498043,0.24379341202731364,5.239421792677223,2020-12,2020,12
BX1103,prism_tmax_us_30s_202012_avg_30y.tif,prism_vpdmax_us_30s_202012_avg_30y.tif,7.091754566539418,2.091754566539418,4.660145499489524,0.4660145499489524,0.24427392061878983,5.222024490031034,2020-12,2020,12
BX1104,prism_tmax_us_30s_202012_avg_30y.tif,prism_vpdmax_us_30s_202012_avg_30y.tif,7.04008538382394,2.04008538382394,4.660242898123605,0.4660242898123605,0.24164401033698907,5.1916945086906106,2020-12,2020,12
BX1161,prism_tmax_us_30s_202012_avg_30y.tif,prism_vpdmax_us_30s_202012_avg_30y.tif,7.182914188929966,2.182914188929966,4.694571358816964,0.46945713588169646,0.24547498413097213,5.274184013886763,2020-12,2020,12
BX1201,prism_tmax_us_30s_202012_avg_30y.tif,prism_vpdmax_us_30s_202012_avg_30y.tif,6.987041473388672,1.9870414733886719,4.639199574788411,0.4639199574788411,0.2410673429690498,5.161391981198213,2020-12,2020,12
BX1202,prism_tmax_us_30s_202012_avg_30y.tif,prism_vpdmax_us_30s_202012_avg_30y.tif,7.098985944475446,2.098985944475446,4.654875982375372,0.46548759823753716,0.24516826179598916,5.226476157403401,2020-12,2020,12
BX1203,prism_tmax_us_30s_202012_avg_30y.tif,prism_vpdmax_us_30s_202012_avg_30y.tif,6.924379076276507,1.924379076276507,4.611778259277344,0.4611778259277344,0.2406538888882026,5.125699914581843,2020-12,2020,12
BX1271,prism_tmax_us_30s_202012_avg_30y.tif,prism_vpdmax_us_30s_202012_avg_30y.tif,6.9088287353515625,1.9088287353515625,4.622228894914899,0.46222288949148993,0.2388276679504534,5.116165166448864,2020-12,2020,12
BX2691,prism_tmax_us_30s_202012_avg_30y.tif,prism_vpdmax_us_30s_202012_avg_30y.tif,6.918141084558823,1.9181410845588234,4.636306313907399,0.4636306313907399,0.23788763123306167,5.121075834019446,2020-12,2020,12
BX2791,prism_tmax_us_30s_202012_avg_30y.tif,prism_vpdmax_us_30s_202012_avg_30y.tif,7.069523151104267,2.069523151104267,4.684161553016076,0.46841615530160763,0.2407439006344071,5.208031979625441,2020-12,2020,12
BX2891,prism_tmax_us_30s_202012_avg_30y.tif,prism_vpdmax_us_30s_202012_avg_30y.tif,7.202722603934152,2.202722603934152,4.67552010672433,0.467552010672433,0.24839268385251922,5.286562041184704,2020-12,2020,12
MN0101,prism_tmax_us_30s_202012_avg_30y.tif,prism_vpdmax_us_30s_202012_avg_30y.tif,7.2420799255371096,2.2420799255371096,4.806620025634766,0.4806620025634766,0.23729833418494173,5.304517563114223,2020-12,2020,12
MN0102,prism_tmax_us_30s_202012_avg_30y.tif,prism_vpdmax_us_30s_202012_avg_30y.tif,7.22008752822876,2.2200875282287598,4.796187400817871,0.4796187400817871,0.2372146631934952,5.29201499114075,2020-12,2020,12
MN0191,prism_tmax_us_30s_202012_avg_30y.tif,prism_vpdmax_us_30s_202012_avg_30y.tif,7.289741516113281,2.2897415161132812,4.834408124287923,0.4834408124287923,0.23696716839953186,5.331411536817246,2020-12,2020,12
MN0201,prism_tmax_us_30s_202012_avg_30y.tif,prism_vpdmax_us_30s_202012_avg_30y.tif,7.192300160725911,2.192300160725911,4.778883298238118,0.4778883298238118,0.23752342829647766,5.276380898452107,2020-12,2020,12
MN0202,prism_tmax_us_30s_202012_avg_30y.tif,prism_vpdmax_us_30s_202012_avg_30y.tif,7.1656999588012695,2.1656999588012695,4.758474826812744,0.4758474826812744,0.23820570074609426,5.261566717033535,2020-12,2020,12
MN0203,prism_tmax_us_30s_202012_avg_30y.tif,prism_vpdmax_us_30s_202012_avg_30y.tif,7.2100109524197045,2.2100109524197045,4.789043850368923,0.4789043850368923,0.23741319681901957,5.286379596371847,2020-12,2020,12
MN0301,prism_tmax_us_30s_202012_avg_30y.tif,prism_vpdmax_us_30s_202012_avg_30y.tif,7.219449361165364,2.2194493611653643,4.788183212280273,0.47881832122802737,0.23798240445338248,5.2919548727309405,2020-12,2020,12
MN0302,prism_tmax_us_30s_202012_avg_30y.tif,prism_vpdmax_us_30s_202012_avg_30y.tif,7.214199611118862,2.214199611118862,4.780242919921875,0.4780242919921875,0.2385076681053046,5.289184693069779,2020-12,2020,12
MN0303,prism_tmax_us_30s_202012_avg_30y.tif,prism_vpdmax_us_30s_202012_avg_30y.tif,7.210359191894531,2.210359191894531,4.781750106811524,0.47817501068115237,0.23816039213558476,5.286870695913484,2020-12,2020,12
MN0401,prism_tmax_us_30s_202012_avg_30y.tif,prism_vpdmax_us_30s_202012_avg_30y.tif,7.1796417236328125,2.1796417236328125,4.796049435933431,0.47960494359334305,0.23516001501013672,5.268274743198788,2020-12,2020,12
MN0402,prism_tmax_us_30s_202012_avg_30y.tif,prism_vpdmax_us_30s_202012_avg_30y.tif,7.141387462615967,2.141387462615967,4.8067498207092285,0.48067498207092285,0.23213846206465338,5.245397106894662,2020-12,2020,12
MN0501,prism_tmax_us_30s_202012_avg_30y.tif,prism_vpdmax_us_30s_202012_avg_30y.tif,7.148624420166016,2.1486244201660156,4.75936222076416,0.475936222076416,0.23724604909590258,5.251507743528821,2020-12,2020,12
MN0502,prism_tmax_us_30s_202012_avg_30y.tif,prism_vpdmax_us_30s_202012_avg_30y.tif,7.0887199401855465,2.0887199401855465,4.766989898681641,0.47669898986816406,0.23343535677003224,5.2160443012958275,2020-12,2020,12
MN0601,prism_tmax_us_30s_202012_avg_30y.tif,prism_vpdmax_us_30s_202012_avg_30y.tif,7.211674690246582,2.211674690246582,4.788274765014648,0.47882747650146484,0.23757524974266453,5.287386622518679,2020-12,2020,12
MN0602,prism_tmax_us_30s_202012_avg_30y.tif,prism_vpdmax_us_30s_202012_avg_30y.tif,7.173166275024414,2.173166275024414,4.77203369140625,0.477203369140625,0.23723091758977854,5.265417028551625,2020-12,2020,12
MN0603,prism_tmax_us_30s_202012_avg_30y.tif,prism_vpdmax_us_30s_202012_avg_30y.tif,7.19014892578125,2.1901489257812496,4.801170349121094,0.4801170349121094,0.2351847665816405,5.274242054184553,2020-12,2020,12
MN0604,prism_tmax_us_30s_202012_avg_30y.tif,prism_vpdmax_us_30s_202012_avg_30y.tif,7.11923344930013,2.11923344930013,4.786083221435547,0.4786083221435547,0.23307710340884574,5.23320466739285,2020-12,2020,12
MN0661,prism_tmax_us_30s_202012_avg_30y.tif,prism_vpdmax_us_30s_202012_avg_30y.tif,7.18649959564209,2.18649959564209,4.7993998527526855,0.47993998527526854,0.23517532119948886,5.2721691719604635,2020-12,2020,12
MN0701,prism_tmax_us_30s_202012_avg_30y.tif,prism_vpdmax_us_30s_202012_avg_30y.tif,7.106678009033203,2.106678009033203,4.8176553514268665,0.48176553514268666,0.22928130369200267,5.224593983472783,2020-12,2020,12
MN0702,prism_tmax_us_30s_202012_avg_30y.tif,prism_vpdmax_us_30s_202012_avg_30y.tif,7.067819976806641,2.067819976806641,4.815900039672852,0.4815900039672852,0.2274836681568248,5.201855008434997,2020-12,2020,12
MN0703,prism_tmax_us_30s_202012_avg_30y.tif,prism_vpdmax_us_30s_202012_avg_30y.tif,7.076999664306641,2.0769996643066406,4.806328364780971,0.4806328364780971,0.2289065329522128,5.207619077112085,2020-12,2020,12
MN0801,prism_tmax_us_30s_202012_avg_30y.tif,prism_vpdmax_us_30s_202012_avg_30y.tif,7.150917053222656,2.1509170532226562,4.814083099365234,0.48140830993652345,0.23189083900059398,5.250703068904479,2020-12,2020,12
MN0802,prism_tmax_us_30s_202012_avg_30y.tif,prism_vpdmax_us_30s_202012_avg_30y.tif,7.0645896911621096,2.0645896911621096,4.787169647216797,0.4787169647216797,0.2301928950962111,5.201088162661727,2020-12,2020,12
MN0803,prism_tmax_us_30s_202012_avg_30y.tif,prism_vpdmax_us_30s_202012_avg_30y.tif,7.146433512369792,2.146433512369792,4.826599756876628,0.4826599756876628,0.2304106194483992,5.2475791749568925,2020-12,2020,12
MN0901,prism_tmax_us_30s_202012_avg_30y.tif,prism_vpdmax_us_30s_202012_avg_30y.tif,7.1022868156433105,2.1022868156433105,4.810275077819824,0.48102750778198244,0.2297961084766459,5.222306495101079,2020-12,2020,12
MN0902,prism_tmax_us_30s_202012_avg_30y.tif,prism_vpdmax_us_30s_202012_avg_30y.tif,7.095066070556641,2.0950660705566406,4.792833010355632,0.47928330103556316,0.23117338935324028,5.218753604021439,2020-12,2020,12
MN0903,prism_tmax_us_30s_202012_avg_30y.tif,prism_vpdmax_us_30s_202012_avg_30y.tif,7.076300303141276,2.0763003031412763,4.766449928283691,0.47664499282836914,0.23285888761066353,5.208775814712094,2020-12,2020,12
MN1001,prism_tmax_us_30s_202012_avg_30y.tif,prism_vpdmax_us_30s_202012_avg_30y.tif,7.133049647013347,2.1330496470133467,4.821816444396973,0.48218164443969724,0.23020707696044584,5.239910531102023,2020-12,2020,12
MN1002,prism_tmax_us_30s_202012_avg_30y.tif,prism_vpdmax_us_30s_202012_avg_30y.tif,7.125430297851563,2.1254302978515627,4.787139892578125,0.4787139892578125,0.2332868030598514,5.2368006924843575,2020-12,2020,12
MN1101,prism_tmax_us_30s_202012_avg_30y.tif,prism_vpdmax_us_30s_202012_avg_30y.tif,7.143721686469184,2.143721686469184,4.834399753146702,0.4834399753146702,0.22949241267810772,5.245680714410524,2020-12,2020,12
MN1102,prism_tmax_us_30s_202012_avg_30y.tif,prism_vpdmax_us_30s_202012_avg_30y.tif,7.196400035511363,2.1964000355113633,4.847327492453835,0.4847327492453835,0.23088860816585338,5.276098043144123,2020-12,2020,12
MN1191,prism_tmax_us_30s_202012_avg_30y.tif,prism_vpdmax_us_30s_202012_avg_30y.tif,7.21356201171875,2.21356201171875,4.846524715423584,0.4846524715423584,0.23184685215298223,5.286205473540653,2020-12,2020,12
MN1201,prism_tmax_us_30s_202012_avg_30y.tif,prism_vpdmax_us_30s_202012_avg_30y.tif,7.009500291612413,2.0095002916124134,4.710389031304254,0.47103890313042535,0.23508243691134273,5.171774063050396,2020-12,2020,12
MN1202,prism_tmax_us_30s_202012_avg_30y.tif,prism_vpdmax_us_30s_202012_avg_30y.tif,7.009833441840278,2.0098334418402777,4.7149331834581165,0.47149331834581165,0.234644855963288,5.171790989917009,2020-12,2020,12
MN1203,prism_tmax_us_30s_202012_avg_30y.tif,prism_vpdmax_us_30s_202012_avg_30y.tif,7.060142517089844,2.0601425170898438,4.722314017159598,0.4722314017159598,0.23645299036245715,5.201026832402387,2020-12,2020,12
MN1291,prism_tmax_us_30s_202012_avg_30y.tif,prism_vpdmax_us_30s_202012_avg_30y.tif,6.997366587320964,1.9973665873209638,4.689533233642578,0.4689533233642578,0.2365551353109266,5.165473023188181,2020-12,2020,12
MN1292,prism_tmax_us_30s_202012_avg_30y.tif,prism_vpdmax_us_30s_202012_avg_30y.tif,7.066699981689453,2.066699981689453,4.742414202008929,0.4742414202008929,0.23477545161748958,5.2040856421035935,2020-12,2020,12
MN6491,prism_tmax_us_30s_202012_avg_30y.tif,prism_vpdmax_us_30s_202012_avg_30y.tif,7.0463134765625,2.0463134765625,4.786940002441407,0.47869400024414066,0.22928967649962673,5.190370584075291,2020-12,2020,12
QN0101,prism_tmax_us_30s_202012_avg_30y.tif,prism_vpdmax_us_30s_202012_avg_30y.tif,7.176662445068359,2.1766624450683594,4.818600177764893,0.48186001777648924,0.23275278576159397,5.265639451158066,2020-12,2020,12
QN0102,prism_tmax_us_30s_202012_avg_30y.tif,prism_vpdmax_us_30s_202012_avg_30y.tif,7.192340087890625,2.192340087890625,4.8286994934082035,0.48286994934082034,0.23254384972802372,5.274446562777097,2020-12,2020,12
QN0103,prism_tmax_us_30s_202012_avg_30y.tif,prism_vpdmax_us_30s_202012_avg_30y.tif,7.149539947509766,2.1495399475097656,4.792939758300781,0.4792939758300781,0.23393496663069818,5.250725592123901,2020-12,2020,12
QN0104,prism_tmax_us_30s_202012_avg_30y.tif,prism_vpdmax_us_30s_202012_avg_30y.tif,7.130891279740767,2.1308912797407666,4.78009033203125,0.478009033203125,0.2342697788381774,5.240283378696418,2020-12,2020,12
QN0105,prism_tmax_us_30s_202012_avg_30y.tif,prism_vpdmax_us_30s_202012_avg_30y.tif,7.18787245316939,2.1878724531693896,4.818299727006392,0.48182997270063915,0.2333554871150278,5.27223238738325,2020-12,2020,12
QN0151,prism_tmax_us_30s_202012_avg_30y.tif,prism_vpdmax_us_30s_202012_avg_30y.tif,7.22806633843316,2.22806633843316,4.8295775519476996,0.48295775519476997,0.23428431723709237,5.295387350565779,2020-12,2020,12
QN0161,prism_tmax_us_30s_202012_avg_30y.tif,prism_vpdmax_us_30s_202012_avg_30y.tif,7.1485748291015625,2.1485748291015625,4.777524948120117,0.4777524948120117,0.23542724840918788,5.250764836725397,2020-12,2020,12
QN0171,prism_tmax_us_30s_202012_avg_30y.tif,prism_vpdmax_us_30s_202012_avg_30y.tif,7.1520334879557295,2.1520334879557295,4.798033078511556,0.47980330785115555,0.23355276272730996,5.251989223422731,2020-12,2020,12
QN0191,prism_tmax_us_30s_202012_avg_30y.tif,prism_vpdmax_us_30s_202012_avg_30y.tif,7.183300018310547,2.183300018310547,4.818499565124512,0.48184995651245116,0.23310187439770164,5.269540147020376,2020-12,2020,12
QN0201,prism_tmax_us_30s_202012_avg_30y.tif,prism_vpdmax_us_30s_202012_avg_30y.tif,7.2013099670410154,2.2013099670410154,4.81353988647461,0.481353988647461,0.23451845222071227,5.280308503034996,2020-12,2020,12
QN0202,prism_tmax_us_30s_202012_avg_30y.tif,prism_vpdmax_us_30s_202012_avg_30y.tif,7.145078023274739,2.1450780232747393,4.7518942091200085,0.47518942091200084,0.23781208929661762,5.249719390290347,2020-12,2020,12
QN0203,prism_tmax_us_30s_202012_avg_30y.tif,prism_vpdmax_us_30s_202012_avg_30y.tif,7.122181285511363,2.1221812855113633,4.741099964488637,0.47410999644886365,0.23772543344993546,5.236702884230768,2020-12,2020,12
QN0261,prism_tmax_us_30s_202012_avg_30y.tif,prism_vpdmax_us_30s_202012_avg_30y.tif,7.165199824741909,2.165199824741909,4.783685956682477,0.47836859566824774,0.23565906582514629,5.260282313497944,2020-12,2020,12
QN0271,prism_tmax_us_30s_202012_avg_30y.tif,prism_vpdmax_us_30s_202012_avg_30y.tif,7.103028433663504,2.1030284336635043,4.711000170026507,0.4711000170026507,0.23976129443226513,5.226643310599087,2020-12,2020,12
QN0301,prism_tmax_us_30s_202012_avg_30y.tif,prism_vpdmax_us_30s_202012_avg_30y.tif,7.14573351542155,2.1457335154215498,4.781682968139648,0.47816829681396483,0.23486662098682848,5.248933485291842,2020-12,2020,12
QN0302,prism_tmax_us_30s_202012_avg_30y.tif,prism_vpdmax_us_30s_202012_avg_30y.tif,7.189145174893466,2.189145174893466,4.81645410711115,0.48164541071111505,0.23360509091136233,5.27305211489276,2020-12,2020,12
QN0303,prism_tmax_us_30s_202012_avg_30y.tif,prism_vpdmax_us_30s_202012_avg_30y.tif,7.19849967956543,2.1984996795654297,4.790124893188477,0.47901248931884766,0.23671622990481556,5.279578796666191,2020-12,2020,12
QN0401,prism_tmax_us_30s_202012_avg_30y.tif,prism_vpdmax_us_30s_202012_avg_30y.tif,7.145930363581731,2.145930363581731,4.747738177959736,0.4747738177959736,0.23827113277181167,5.250383071330163,2020-12,2020,12
QN0402,prism_tmax_us_30s_202012_avg_30y.tif,prism_vpdmax_us_30s_202012_avg_30y.tif,7.238221910264757,2.238221910264757,4.784388648139106,0.47843886481391057,0.23932366659980536,5.3031260240938405,2020-12,2020,12
QN0501,prism_tmax_us_30s_202012_avg_30y.tif,prism_vpdmax_us_30s_202012_avg_30y.tif,7.114599704742432,2.1145997047424316,4.712018966674805,0.47120189666748047,0.24024779140695596,5.233395414611892,2020-12,2020,12
QN0502,prism_tmax_us_30s_202012_avg_30y.tif,prism_vpdmax_us_30s_202012_avg_30y.tif,7.101058511173024,2.101058511173024,4.69197665943819,0.46919766594381895,0.24156352158140337,5.226234639816596,2020-12,2020,12
QN0503,prism_tmax_us_30s_202012_avg_30y.tif,prism_vpdmax_us_30s_202012_avg_30y.tif,7.093280792236328,2.093280792236328,4.688249588012695,0.4688249588012695,0.24154103754888023,5.221815836954708,2020-12,2020,12
QN0504,prism_tmax_us_30s_202012_avg_30y.tif,prism_vpdmax_us_30s_202012_avg_30y.tif,7.083523090069111,2.083523090069111,4.693923069880559,0.4693923069880559,0.24047816835490532,5.215865512232663,2020-12,2020,12
QN0571,prism_tmax_us_30s_202012_avg_30y.tif,prism_vpdmax_us_30s_202012_avg_30y.tif,7.029671260288784,2.029671260288784,4.66181400844029,0.466181400844029,0.24095982872509775,5.185520817272703,2020-12,2020,12
QN0572,prism_tmax_us_30s_202012_avg_30y.tif,prism_vpdmax_us_30s_202012_avg_30y.tif,7.045624732971191,2.0456247329711914,4.664725303649902,0.46647253036499026,0.24147626385036813,5.19476939528786,2020-12,2020,12
QN0573,prism_tmax_us_30s_202012_avg_30y.tif,prism_vpdmax_us_30s_202012_avg_30y.tif,7.120649973551433,2.1206499735514326,4.707533518473308,0.47075335184733075,0.2410041518352622,5.23712316667492,2020-12,2020,12
QN0574,prism_tmax_us_30s_202012_avg_30y.tif,prism_vpdmax_us_30s_202012_avg_30y.tif,7.091658274332683,2.0916582743326826,4.687932968139648,0.46879329681396487,0.24149028276930096,5.220875922674966,2020-12,2020,12
QN0601,prism_tmax_us_30s_202012_avg_30y.tif,prism_vpdmax_us_30s_202012_avg_30y.tif,7.163821750217014,2.1638217502170143,4.730788760715061,0.4730788760715061,0.24087846619088182,5.261552169586063,2020-12,2020,12
QN0602,prism_tmax_us_30s_202012_avg_30y.tif,prism_vpdmax_us_30s_202012_avg_30y.tif,7.218999862670898,2.2189998626708984,4.741243362426758,0.4741243362426758,0.24265337348229643,5.293535697912942,2020-12,2020,12
QN0701,prism_tmax_us_30s_202012_avg_30y.tif,prism_vpdmax_us_30s_202012_avg_30y.tif,7.263445767489347,2.2634457674893467,4.795126828280362,0.4795126828280362,0.2395439794959749,5.317514534108378,2020-12,2020,12
QN0702,prism_tmax_us_30s_202012_avg_30y.tif,prism_vpdmax_us_30s_202012_avg_30y.tif,7.270664888269761,2.270664888269761,4.7578591739430145,0.4757859173943014,0.24364150695933562,5.323218103883973,2020-12,2020,12
QN0703,prism_tmax_us_30s_202012_avg_30y.tif,prism_vpdmax_us_30s_202012_avg_30y.tif,7.290837801419771,2.2908378014197712,4.758706899789663,0.4758706899789663,0.2445936767802529,5.335030348379649,2020-12,2020,12
QN0704,prism_tmax_us_30s_202012_avg_30y.tif,prism_vpdmax_us_30s_202012_avg_30y.tif,7.257753071032073,2.257753071032073,4.766515631424753,0.47665156314247537,0.24211285076640154,5.3152963416263805,2020-12,2020,12
QN0705,prism_tmax_us_30s_202012_avg_30y.tif,prism_vpdmax_us_30s_202012_avg_30y.tif,7.269543965657552,2.269543965657552,4.754755232069227,0.4754755232069227,0.2438943213575226,5.322681896821338,2020-12,2020,12
QN0706,prism_tmax_us_30s_202012_avg_30y.tif,prism_vpdmax_us_30s_202012_avg_30y.tif,7.2732093811035154,2.2732093811035154,4.7602794647216795,0.47602794647216795,0.24353019903176876,5.324617087305178,2020-12,2020,12
QN0707,prism_tmax_us_30s_202012_avg_30y.tif,prism_vpdmax_us_30s_202012_avg_30y.tif,7.279930701622596,2.279930701622596,4.797407590425932,0.47974075904259317,0.2401627894605156,5.3271046840779945,2020-12,2020,12
QN0761,prism_tmax_us_30s_202012_avg_30y.tif,prism_vpdmax_us_30s_202012_avg_30y.tif,7.297416687011719,2.2974166870117188,4.72813351949056,0.47281335194905594,0.24798947264300508,5.340095124284345,2020-12,2020,12
QN0791,prism_tmax_us_30s_202012_avg_30y.tif,prism_vpdmax_us_30s_202012_avg_30y.tif,7.2810869216918945,2.2810869216918945,4.755074977874756,0.4755074977874756,0.24445548264835815,5.329447289280109,2020-12,2020,12
QN0801,prism_tmax_us_30s_202012_avg_30y.tif,prism_vpdmax_us_30s_202012_avg_30y.tif,7.295324961344401,2.2953249613444013,4.775408426920573,0.4775408426920573,0.24315435560626064,5.337008914835536,2020-12,2020,12
QN0802,prism_tmax_us_30s_202012_avg_30y.tif,prism_vpdmax_us_30s_202012_avg_30y.tif,7.301821027483259,2.3018210274832587,4.773571014404297,0.4773571014404297,0.2436723876322518,5.340895770922483,2020-12,2020,12
QN0803,prism_tmax_us_30s_202012_avg_30y.tif,prism_vpdmax_us_30s_202012_avg_30y.tif,7.284165700276692,2.2841657002766924,4.750782648722331,0.4750782648722331,0.24504299182722128,5.331423847844983,2020-12,2020,12
QN0804,prism_tmax_us_30s_202012_avg_30y.tif,prism_vpdmax_us_30s_202012_avg_30y.tif,7.321006774902344,2.3210067749023438,4.783821105957031,0.4783821105957031,0.24363548606408092,5.351759587392813,2020-12,2020,12
QN0805,prism_tmax_us_30s_202012_avg_30y.tif,prism_vpdmax_us_30s_202012_avg_30y.tif,7.340141296386719,2.3401412963867188,4.802516937255859,0.48025169372558596,0.24275256306179294,5.362261872334554,2020-12,2020,12
QN0871,prism_tmax_us_30s_202012_avg_30y.tif,prism_vpdmax_us_30s_202012_avg_30y.tif,7.260475158691406,2.2604751586914062,4.758450031280518,0.4758450031280518,0.24305914268066942,5.31721165805153,2020-12,2020,12
QN0891,prism_tmax_us_30s_202012_avg_30y.tif,prism_vpdmax_us_30s_202012_avg_30y.tif,7.283910963270399,2.283910963270399,4.761422475179036,0.4761422475179036,0.24396591229589254,5.330856119706602,2020-12,2020,12
QN0901,prism_tmax_us_30s_202012_avg_30y.tif,prism_vpdmax_us_30s_202012_avg_30y.tif,7.2950549655490455,2.2950549655490455,4.7724558512369795,0.47724558512369797,0.2434357220205019,5.336966404220366,2020-12,2020,12
QN0902,prism_tmax_us_30s_202012_avg_30y.tif,prism_vpdmax_us_30s_202012_avg_30y.tif,7.283354325727983,2.2833543257279834,4.760808771306818,0.4760808771306818,0.2439986648082081,5.330553377957392,2020-12,2020,12
QN0903,prism_tmax_us_30s_202012_avg_30y.tif,prism_vpdmax_us_30s_202012_avg_30y.tif,7.32963392469618,2.3296339246961804,4.778833177354601,0.4778833177354601,0.24457898544275358,5.357021976581736,2020-12,2020,12
QN0904,prism_tmax_us_30s_202012_avg_30y.tif,prism_vpdmax_us_30s_202012_avg_30y.tif,7.2940874099731445,2.2940874099731445,4.7612624168396,0.47612624168395995,0.24450528713195857,5.336838139297632,2020-12,2020,12
QN0905,prism_tmax_us_30s_202012_avg_30y.tif,prism_vpdmax_us_30s_202012_avg_30y.tif,7.214699554443359,2.214699554443359,4.732809448242188,0.4732809448242188,0.2432766064781391,5.291342353715293,2020-12,2020,12
QN1001,prism_tmax_us_30s_202012_avg_30y.tif,prism_vpdmax_us_30s_202012_avg_30y.tif,7.341804504394531,2.3418045043945312,4.756694793701172,0.47566947937011717,0.24742059595744625,5.3650394482029755,2020-12,2020,12
QN1002,prism_tmax_us_30s_202012_avg_30y.tif,prism_vpdmax_us_30s_202012_avg_30y.tif,7.305716196695964,2.305716196695964,4.74388313293457,0.47438831329345704,0.24684168877365015,5.344349867214656,2020-12,2020,12
QN1003,prism_tmax_us_30s_202012_avg_30y.tif,prism_vpdmax_us_30s_202012_avg_30y.tif,7.287693500518799,2.287693500518799,4.698793411254883,0.4698793411254883,0.25042331327019124,5.335538576909344,2020-12,2020,12
QN1091,prism_tmax_us_30s_202012_avg_30y.tif,prism_vpdmax_us_30s_202012_avg_30y.tif,7.249554951985677,2.249554951985677,4.663499620225695,0.46634996202256945,0.2519937658094454,5.314531207738991,2020-12,2020,12
QN1101,prism_tmax_us_30s_202012_avg_30y.tif,prism_vpdmax_us_30s_202012_avg_30y.tif,7.272037506103516,2.2720375061035156,4.745149612426758,0.4745149612426758,0.2449829775767408,5.324523576148352,2020-12,2020,12
QN1102,prism_tmax_us_30s_202012_avg_30y.tif,prism_vpdmax_us_30s_202012_avg_30y.tif,7.2843788548519735,2.2843788548519735,4.743163259405839,0.4743163259405839,0.2458158899136378,5.331848455437129,2020-12,2020,12
QN1103,prism_tmax_us_30s_202012_avg_30y.tif,prism_vpdmax_us_30s_202012_avg_30y.tif,7.317525482177734,2.317525482177734,4.782829666137696,0.47828296661376957,0.24355524717201182,5.349754160533376,2020-12,2020,12
QN1104,prism_tmax_us_30s_202012_avg_30y.tif,prism_vpdmax_us_30s_202012_avg_30y.tif,7.280850001743862,2.280850001743862,4.7632855006626675,0.47632855006626673,0.24362225187616415,5.328985495976102,2020-12,2020,12
QN1191,prism_tmax_us_30s_202012_avg_30y.tif,prism_vpdmax_us_30s_202012_avg_30y.tif,7.286641438802083,2.286641438802083,4.754074732462565,0.47540747324625654,0.24484108044845643,5.3327482404170246,2020-12,2020,12
QN1201,prism_tmax_us_30s_202012_avg_30y.tif,prism_vpdmax_us_30s_202012_avg_30y.tif,7.351276173311121,2.3512761733111214,4.791187959558823,0.47911879595588236,0.2444601719376308,5.369246437838894,2020-12,2020,12
QN1202,prism_tmax_us_30s_202012_avg_30y.tif,prism_vpdmax_us_30s_202012_avg_30y.tif,7.356414249965122,2.3564142499651224,4.774014064243862,0.4774014064243862,0.24644289210672532,5.372938936328167,2020-12,2020,12
QN1203,prism_tmax_us_30s_202012_avg_30y.tif,prism_vpdmax_us_30s_202012_avg_30y.tif,7.366512298583984,2.3665122985839844,4.761843681335449,0.4761843681335449,0.2481816446979005,5.379347859663394,2020-12,2020,12
QN1204,prism_tmax_us_30s_202012_avg_30y.tif,prism_vpdmax_us_30s_202012_avg_30y.tif,7.374961266150842,2.3749612661508417,4.76296146099384,0.47629614609938403,0.24850663659262023,5.384266146088427,2020-12,2020,12
QN1205,prism_tmax_us_30s_202012_avg_30y.tif,prism_vpdmax_us_30s_202012_avg_30y.tif,7.381804093070652,2.3818040930706523,4.787595665973166,0.4787595665973166,0.24639712684960385,5.387316991622954,2020-12,2020,12
QN1206,prism_tmax_us_30s_202012_avg_30y.tif,prism_vpdmax_us_30s_202012_avg_30y.tif,7.351779174804688,2.3517791748046877,4.791650009155274,0.4791650009155274,0.2444399382173883,5.369523687833691,2020-12,2020,12
QN1301,prism_tmax_us_30s_202012_avg_30y.tif,prism_vpdmax_us_30s_202012_avg_30y.tif,7.42096437726702,2.42096437726702,4.8534360613141745,0.48534360613141747,0.24184139275983096,5.407730469265013,2020-12,2020,12
QN1302,prism_tmax_us_30s_202012_avg_30y.tif,prism_vpdmax_us_30s_202012_avg_30y.tif,7.3730112711588545,2.3730112711588545,4.821983337402344,0.48219833374023435,0.24250362321205876,5.38080131466941,2020-12,2020,12
QN1303,prism_tmax_us_30s_202012_avg_30y.tif,prism_vpdmax_us_30s_202012_avg_30y.tif,7.381389617919922,2.381389617919922,4.810079956054688,0.4810079956054688,0.2441272568613162,5.386189925307093,2020-12,2020,12
QN1304,prism_tmax_us_30s_202012_avg_30y.tif,prism_vpdmax_us_30s_202012_avg_30y.tif,7.401772932572798,2.401772932572798,4.801863583651456,0.4801863583651456,0.2460039952840118,5.3984848229153926,2020-12,2020,12
QN1305,prism_tmax_us_30s_202012_avg_30y.tif,prism_vpdmax_us_30s_202012_avg_30y.tif,7.376616795857747,2.376616795857747,4.77383295694987,0.477383295694987,0.24750509694269435,5.384811226349822,2020-12,2020,12
QN1306,prism_tmax_us_30s_202012_avg_30y.tif,prism_vpdmax_us_30s_202012_avg_30y.tif,7.327974018297698,2.327974018297698,4.741736964175575,0.4741736964175575,0.24820302423451018,5.357505056898957,2020-12,2020,12
QN1307,prism_tmax_us_30s_202012_avg_30y.tif,prism_vpdmax_us_30s_202012_avg_30y.tif,7.322704739040798,2.322704739040798,4.743533240424262,0.4743533240424262,0.2477517790205514,5.354340036191209,2020-12,2020,12
QN1371,prism_tmax_us_30s_202012_avg_30y.tif,prism_vpdmax_us_30s_202012_avg_30y.tif,7.389599609375,2.389599609375,4.792819976806641,0.47928199768066404,0.24627806551598286,5.391690258263406,2020-12,2020,12
QN1401,prism_tmax_us_30s_202012_avg_30y.tif,prism_vpdmax_us_30s_202012_avg_30y.tif,7.2386645148782165,2.2386645148782165,4.641869937672334,0.46418699376723344,0.25359822810202065,5.308986883580043,2020-12,2020,12
QN1402,prism_tmax_us_30s_202012_avg_30y.tif,prism_vpdmax_us_30s_202012_avg_30y.tif,7.209504869249132,2.209504869249132,4.579349941677517,0.4579349941677517,0.258356689862217,5.29432343998011,2020-12,2020,12
QN1403,prism_tmax_us_30s_202012_avg_30y.tif,prism_vpdmax_us_30s_202012_avg_30y.tif,7.253891838921441,2.253891838921441,4.596774631076389,0.4596774631076389,0.258888784768494,5.319699965082475,2020-12,2020,12
QN1491,prism_tmax_us_30s_202012_avg_30y.tif,prism_vpdmax_us_30s_202012_avg_30y.tif,7.194499206542969,2.194499206542969,4.604999542236328,0.4604999542236328,0.2550242197207612,5.284505568460123,2020-12,2020,12
QN8081,prism_tmax_us_30s_202012_avg_30y.tif,prism_vpdmax_us_30s_202012_avg_30y.tif,7.219184288611779,2.219184288611779,4.843299572284405,0.48432995722844047,0.23245719569597129,5.289633169551395,2020-12,2020,12
QN8191,prism_tmax_us_30s_202012_avg_30y.tif,prism_vpdmax_us_30s_202012_avg_30y.tif,7.279324340820312,2.2793243408203123,4.789824676513672,0.4789824676513672,0.24088991447348862,5.327046637633198,2020-12,2020,12
QN8291,prism_tmax_us_30s_202012_avg_30y.tif,prism_vpdmax_us_30s_202012_avg_30y.tif,7.173259735107422,2.173259735107422,4.7196197509765625,0.47196197509765625,0.24247708325543638,5.2675317635252945,2020-12,2020,12
QN8381,prism_tmax_us_30s_202012_avg_30y.tif,prism_vpdmax_us_30s_202012_avg_30y.tif,7.289989471435547,2.289989471435547,4.713035265604655,0.47130352656046554,0.24911720716868596,5.336327092721248,2020-12,2020,12
QN8491,prism_tmax_us_30s_202012_avg_30y.tif,prism_vpdmax_us_30s_202012_avg_30y.tif,7.200645652977196,2.2006456529771956,4.614240491712415,0.4614240491712415,0.2544144155381058,5.287750950544545,2020-12,2020,12
QN8492,prism_tmax_us_30s_202012_avg_30y.tif,prism_vpdmax_us_30s_202012_avg_30y.tif,7.3047352666440215,2.3047352666440215,4.61700439453125,0.461700439453125,0.2594790622947267,5.3487601676689875,2020-12,2020,12
SI0101,prism_tmax_us_30s_202012_avg_30y.tif,prism_vpdmax_us_30s_202012_avg_30y.tif,7.213069152832031,2.2130691528320314,4.8104499816894535,0.48104499816894536,0.2354290987660554,5.287333845470822,2020-12,2020,12
SI0102,prism_tmax_us_30s_202012_avg_30y.tif,prism_vpdmax_us_30s_202012_avg_30y.tif,7.182545055042613,2.1825450550426133,4.765072215687145,0.47650722156871445,0.23840604091972423,5.271196620290613,2020-12,2020,12
SI0103,prism_tmax_us_30s_202012_avg_30y.tif,prism_vpdmax_us_30s_202012_avg_30y.tif,7.243600698617788,2.2436006986177883,4.777684725247896,0.4777684725247896,0.2402698494147517,5.306547646936283,2020-12,2020,12
SI0104,prism_tmax_us_30s_202012_avg_30y.tif,prism_vpdmax_us_30s_202012_avg_30y.tif,7.154373832370924,2.154373832370924,4.800186488939368,0.4800186488939368,0.2334567576172319,5.253278468697886,2020-12,2020,12
SI0105,prism_tmax_us_30s_202012_avg_30y.tif,prism_vpdmax_us_30s_202012_avg_30y.tif,7.139300391787574,2.1393003917875744,4.804842994326637,0.4804842994326637,0.23222280973722065,5.2442468863702825,2020-12,2020,12
SI0106,prism_tmax_us_30s_202012_avg_30y.tif,prism_vpdmax_us_30s_202012_avg_30y.tif,7.287630521334135,2.287630521334135,4.899615067702073,0.48996150677020733,0.23033790891407602,5.327609303799687,2020-12,2020,12
SI0107,prism_tmax_us_30s_202012_avg_30y.tif,prism_vpdmax_us_30s_202012_avg_30y.tif,7.310867919921875,2.3108679199218747,4.935592041015625,0.4935592041015625,0.2279360706619008,5.33984098636583,2020-12,2020,12
SI0191,prism_tmax_us_30s_202012_avg_30y.tif,prism_vpdmax_us_30s_202012_avg_30y.tif,7.285849571228027,2.2858495712280273,4.8692498207092285,0.48692498207092283,0.23328285338452004,5.327756868266407,2020-12,2020,12
SI0201,prism_tmax_us_30s_202012_avg_30y.tif,prism_vpdmax_us_30s_202012_avg_30y.tif,7.308443152386209,2.308443152386209,4.79039134149966,0.479039134149966,0.24233127367539087,5.344123457957409,2020-12,2020,12
SI0202,prism_tmax_us_30s_202012_avg_30y.tif,prism_vpdmax_us_30s_202012_avg_30y.tif,7.3204902648925785,2.3204902648925785,4.78191032409668,0.478191032409668,0.24379994721030673,5.351531359447742,2020-12,2020,12
SI0203,prism_tmax_us_30s_202012_avg_30y.tif,prism_vpdmax_us_30s_202012_avg_30y.tif,7.155995213708212,2.155995213708212,4.7783117959665695,0.47783117959665694,0.23572691271371443,5.255089962869046,2020-12,2020,12
SI0204,prism_tmax_us_30s_202012_avg_30y.tif,prism_vpdmax_us_30s_202012_avg_30y.tif,7.307420094807942,2.3074200948079424,4.906201998392741,0.49062019983927413,0.23069752986974007,5.338971322994912,2020-12,2020,12
SI0291,prism_tmax_us_30s_202012_avg_30y.tif,prism_vpdmax_us_30s_202012_avg_30y.tif,7.316819690522694,2.316819690522694,4.884275890531994,0.4884275890531994,0.2333742617375294,5.345352849389217,2020-12,2020,12
SI0301,prism_tmax_us_30s_202012_avg_30y.tif,prism_vpdmax_us_30s_202012_avg_30y.tif,7.371838039822048,2.371838039822048,4.829472011990017,0.4829472011990017,0.2416940990434162,5.379817949503163,2020-12,2020,12
SI0302,prism_tmax_us_30s_202012_avg_30y.tif,prism_vpdmax_us_30s_202012_avg_30y.tif,7.418800090921336,2.4188000909213363,4.888406687769397,0.48884066877693966,0.2382321003425394,5.405084866987016,2020-12,2020,12
SI0303,prism_tmax_us_30s_202012_avg_30y.tif,prism_vpdmax_us_30s_202012_avg_30y.tif,7.38543472290039,2.3854347229003903,4.922320175170898,0.49223201751708984,0.23311251392342786,5.384154705856428,2020-12,2020,12
SI0304,prism_tmax_us_30s_202012_avg_30y.tif,prism_vpdmax_us_30s_202012_avg_30y.tif,7.41217041015625,2.41217041015625,4.9130910237630205,0.49130910237630204,0.23541997766896644,5.400220673782497,2020-12,2020,12
SI0305,prism_tmax_us_30s_202012_avg_30y.tif,prism_vpdmax_us_30s_202012_avg_30y.tif,7.339124274976326,2.339124274976326,4.913427179509943,0.4913427179509943,0.23160906679322862,5.357305827161316,2020-12,2020,12
SI0391,prism_tmax_us_30s_202012_avg_30y.tif,prism_vpdmax_us_30s_202012_avg_30y.tif,7.284786478678385,2.2847864786783854,4.880726623535156,0.4880726623535156,0.23208051153088832,5.326681574442284,2020-12,2020,12
SI9561,prism_tmax_us_30s_202012_avg_30y.tif,prism_vpdmax_us_30s_202012_avg_30y.tif,7.313528333391462,2.313528333391462,4.771700177873884,0.4771700177873884,0.2444622808037194,5.34784424138882,2020-12,2020,12
SI9591,prism_tmax_us_30s_202012_avg_30y.tif,prism_vpdmax_us_30s_202012_avg_30y.tif,7.2355796813964846,2.2355796813964846,4.6541801452636715,0.46541801452636716,0.25220907423153277,5.306691845524799,2020-12,2020,12
SI9592,prism_tmax_us_30s_202012_avg_30y.tif,prism_vpdmax_us_30s_202012_avg_30y.tif,7.319912433624268,2.3199124336242676,4.756262302398682,0.47562623023986816,0.24633497333090137,5.352199994384003,2020-12,2020,12
SI9593,prism_tmax_us_30s_202012_avg_30y.tif,prism_vpdmax_us_30s_202012_avg_30y.tif,7.375799814860026,2.3757998148600263,4.811108271280925,0.4811108271280925,0.24373531707036766,5.382866474634289,2020-12,2020,12
BK0101,prism_tmax_us_30s_2020_avg_30y.tif,prism_vpdmax_us_30s_2020_avg_30y.tif,17.1024907430013,12.102490743001301,11.807491302490234,1.1807491302490234,0.23132171107831856,10.893021683735517,30yr_normal,,
BK0102,prism_tmax_us_30s_2020_avg_30y.tif,prism_vpdmax_us_30s_2020_avg_30y.tif,17.154444376627605,12.154444376627605,11.848887973361546,1.1848887973361546,0.23202280680725762,10.922754924623105,30yr_normal,,
BK0103,prism_tmax_us_30s_2020_avg_30y.tif,prism_vpdmax_us_30s_2020_avg_30y.tif,17.124286106654576,12.124286106654576,11.771427699497767,1.1771427699497767,0.23695707577560166,10.907594353252955,30yr_normal,,
BK0104,prism_tmax_us_30s_2020_avg_30y.tif,prism_vpdmax_us_30s_2020_avg_30y.tif,17.047992960611978,12.047992960611978,11.67133280436198,1.167133280436198,0.23987536319747904,10.8654830264036,30yr_normal,,
BK0201,prism_tmax_us_30s_2020_avg_30y.tif,prism_vpdmax_us_30s_2020_avg_30y.tif,17.174999237060547,12.174999237060547,11.872499465942383,1.1872499465942383,0.23158086999012184,10.934235849319448,30yr_normal,,
BK0202,prism_tmax_us_30s_2020_avg_30y.tif,prism_vpdmax_us_30s_2020_avg_30y.tif,17.165000915527344,12.165000915527344,11.833000183105469,1.1833000183105469,0.23459696751573866,10.929752127337688,30yr_normal,,
BK0203,prism_tmax_us_30s_2020_avg_30y.tif,prism_vpdmax_us_30s_2020_avg_30y.tif,17.126666598849827,12.126666598849827,11.754443698459202,1.1754443698459203,0.23887723900983393,10.909698716478715,30yr_normal,,
BK0204,prism_tmax_us_30s_2020_avg_30y.tif,prism_vpdmax_us_30s_2020_avg_30y.tif,17.0749994913737,12.074999491373699,11.676666259765625,1.1676666259765625,0.24184860829086152,10.881571214667195,30yr_normal,,
BK0261,prism_tmax_us_30s_2020_avg_30y.tif,prism_vpdmax_us_30s_2020_avg_30y.tif,17.17571476527623,12.17571476527623,11.855713980538505,1.1855713980538505,0.2333262686792652,10.935327495502571,30yr_normal,,
BK0301,prism_tmax_us_30s_2020_avg_30y.tif,prism_vpdmax_us_30s_2020_avg_30y.tif,17.052491505940754,12.052491505940754,11.609999338785807,1.1609999338785806,0.24642596686119855,10.870608088844858,30yr_normal,,
BK0302,prism_tmax_us_30s_2020_avg_30y.tif,prism_vpdmax_us_30s_2020_avg_30y.tif,16.99997820172991,11.99997820172991,11.496414184570312,1.1496414184570312,0.2529204385927357,10.843385372747804,30yr_normal,,
BK0401,prism_tmax_us_30s_2020_avg_30y.tif,prism_vpdmax_us_30s_2020_avg_30y.tif,16.98999938964844,11.989999389648439,11.533000183105468,1.1533000183105468,0.24833922277164788,10.83592696847992,30yr_normal,,
BK0402,prism_tmax_us_30s_2020_avg_30y.tif,prism_vpdmax_us_30s_2020_avg_30y.tif,16.962989807128906,11.962989807128906,11.447988891601563,1.1447988891601564,0.25434578715415745,10.822973114993673,30yr_normal,,
BK0471,prism_tmax_us_30s_2020_avg_30y.tif,prism_vpdmax_us_30s_2020_avg_30y.tif,16.947498321533203,11.947498321533203,11.404974937438965,1.1404974937438965,0.2572181725209923,10.815318290110076,30yr_normal,,
BK0501,prism_tmax_us_30s_2020_avg_30y.tif,prism_vpdmax_us_30s_2020_avg_30y.tif,16.883999633789063,11.883999633789063,11.236978912353516,1.1236978912353517,0.26817373488360574,10.783620070167656,30yr_normal,,
BK0502,prism_tmax_us_30s_2020_avg_30y.tif,prism_vpdmax_us_30s_2020_avg_30y.tif,16.833999633789062,11.833999633789062,11.08800048828125,1.1088000488281249,0.27848499101819146,10.759322393828548,30yr_normal,,
BK0503,prism_tmax_us_30s_2020_avg_30y.tif,prism_vpdmax_us_30s_2020_avg_30y.tif,16.76124382019043,11.76124382019043,10.881875038146973,1.0881875038146973,0.29244723518858273,10.723557009477085,30yr_normal,,
BK0504,prism_tmax_us_30s_2020_avg_30y.tif,prism_vpdmax_us_30s_2020_avg_30y.tif,16.66817127574574,11.668171275745738,10.667272394353693,1.0667272394353693,0.3054409697850913,10.675891414473373,30yr_normal,,
BK0505,prism_tmax_us_30s_2020_avg_30y.tif,prism_vpdmax_us_30s_2020_avg_30y.tif,16.75299987792969,11.752999877929689,10.899999237060547,1.0899999237060547,0.2898830407503592,10.717874965801025,30yr_normal,,
BK0571,prism_tmax_us_30s_2020_avg_30y.tif,prism_vpdmax_us_30s_2020_avg_30y.tif,16.90166473388672,11.901664733886719,11.289983113606771,1.1289983113606772,0.2644969461885769,10.79219120396588,30yr_normal,,
BK0601,prism_tmax_us_30s_2020_avg_30y.tif,prism_vpdmax_us_30s_2020_avg_30y.tif,17.187058392693014,12.187058392693014,11.814117431640625,1.1814117431640625,0.23854610209794003,10.943810726781429,30yr_normal,,
BK0602,prism_tmax_us_30s_2020_avg_30y.tif,prism_vpdmax_us_30s_2020_avg_30y.tif,17.064536354758523,12.064536354758523,11.599090576171875,1.1599090576171875,0.2486345835567647,10.87830550448589,30yr_normal,,
BK0701,prism_tmax_us_30s_2020_avg_30y.tif,prism_vpdmax_us_30s_2020_avg_30y.tif,17.034255981445312,12.034255981445312,11.487142290387835,1.1487142290387835,0.25702093016508987,10.864432367034372,30yr_normal,,
BK0702,prism_tmax_us_30s_2020_avg_30y.tif,prism_vpdmax_us_30s_2020_avg_30y.tif,17.126304224917764,12.126304224917764,11.619999935752467,1.1619999935752467,0.25228785509042684,10.91476362257891,30yr_normal,,
BK0703,prism_tmax_us_30s_2020_avg_30y.tif,prism_vpdmax_us_30s_2020_avg_30y.tif,17.086225509643555,12.086225509643555,11.526249885559082,1.1526249885559081,0.2579333335139111,10.894257664038863,30yr_normal,,
BK0771,prism_tmax_us_30s_2020_avg_30y.tif,prism_vpdmax_us_30s_2020_avg_30y.tif,17.052486419677734,12.052486419677734,11.479987144470215,1.1479987144470214,0.259426714461247,10.875714498740544,30yr_normal,,
BK0801,prism_tmax_us_30s_2020_avg_30y.tif,prism_vpdmax_us_30s_2020_avg_30y.tif,17.021666208902996,12.021666208902996,11.550000508626303,1.1550000508626304,0.2495688647202856,10.854365304283071,30yr_normal,,
BK0802,prism_tmax_us_30s_2020_avg_30y.tif,prism_vpdmax_us_30s_2020_avg_30y.tif,16.99249267578125,11.99249267578125,11.444981892903646,1.1444981892903647,0.25737152481136083,10.840890356418834,30yr_normal,,
BK0891,prism_tmax_us_30s_2020_avg_30y.tif,prism_vpdmax_us_30s_2020_avg_30y.tif,16.93000030517578,11.930000305175781,11.289899826049805,1.1289899826049805,0.26711312339117876,10.8092856305274,30yr_normal,,
BK0901,prism_tmax_us_30s_2020_avg_30y.tif,prism_vpdmax_us_30s_2020_avg_30y.tif,16.985714503696986,11.985714503696986,11.422842843191964,1.1422842843191963,0.2589589505639718,10.837670991167832,30yr_normal,,
BK0902,prism_tmax_us_30s_2020_avg_30y.tif,prism_vpdmax_us_30s_2020_avg_30y.tif,16.967990112304687,11.967990112304687,11.340990447998047,1.1340990447998047,0.26550715788235646,10.830194706724523,30yr_normal,,
BK1001,prism_tmax_us_30s_2020_avg_30y.tif,prism_vpdmax_us_30s_2020_avg_30y.tif,16.991087171766495,11.991087171766495,11.304444207085503,1.1304444207085502,0.27129536808908905,10.845565506050614,30yr_normal,,
BK1002,prism_tmax_us_30s_2020_avg_30y.tif,prism_vpdmax_us_30s_2020_avg_30y.tif,16.94180020419034,11.94180020419034,11.2136362249201,1.12136362249201,0.27582674427305465,10.819400626275232,30yr_normal,,
BK1061,prism_tmax_us_30s_2020_avg_30y.tif,prism_vpdmax_us_30s_2020_avg_30y.tif,16.83712659563337,11.837126595633372,10.975713457380023,1.0975713457380023,0.2900001460317163,10.765620837114586,30yr_normal,,
BK1091,prism_tmax_us_30s_2020_avg_30y.tif,prism_vpdmax_us_30s_2020_avg_30y.tif,16.837112426757812,11.837112426757812,10.96714346749442,1.096714346749442,0.2908558469334297,10.765949093816518,30yr_normal,,
BK1101,prism_tmax_us_30s_2020_avg_30y.tif,prism_vpdmax_us_30s_2020_avg_30y.tif,16.773318481445312,11.773318481445312,10.851332600911459,1.0851332600911459,0.2966032305260293,10.732036648576221,30yr_normal,,
BK1102,prism_tmax_us_30s_2020_avg_30y.tif,prism_vpdmax_us_30s_2020_avg_30y.tif,16.742197672526043,11.742197672526043,10.787777370876736,1.0787777370876737,0.30012070618334596,10.71577351785232,30yr_normal,,
BK1103,prism_tmax_us_30s_2020_avg_30y.tif,prism_vpdmax_us_30s_2020_avg_30y.tif,16.695989990234374,11.695989990234374,10.70498046875,1.070498046875,0.3041959550670241,10.69117533480423,30yr_normal,,
BK1201,prism_tmax_us_30s_2020_avg_30y.tif,prism_vpdmax_us_30s_2020_avg_30y.tif,17.04425593784877,12.04425593784877,11.445699419294085,1.1445699419294084,0.2620921613207565,10.87209533615931,30yr_normal,,
BK1202,prism_tmax_us_30s_2020_avg_30y.tif,prism_vpdmax_us_30s_2020_avg_30y.tif,16.894139607747395,11.894139607747395,11.144158681233725,1.1144158681233725,0.27838753813087735,10.793383460078207,30yr_normal,,
BK1203,prism_tmax_us_30s_2020_avg_30y.tif,prism_vpdmax_us_30s_2020_avg_30y.tif,16.90299072265625,11.902990722656249,11.167990112304688,1.1167990112304689,0.27681818745256725,10.797785287414952,30yr_normal,,
BK1204,prism_tmax_us_30s_2020_avg_30y.tif,prism_vpdmax_us_30s_2020_avg_30y.tif,16.763999938964844,11.763999938964844,10.844000244140625,1.0844000244140626,0.29648612845760036,10.726707013876903,30yr_normal,,
BK1301,prism_tmax_us_30s_2020_avg_30y.tif,prism_vpdmax_us_30s_2020_avg_30y.tif,16.598326365152996,11.598326365152996,10.535807927449545,1.0535807927449545,0.3122638258564103,10.638970732603317,30yr_normal,,
BK1302,prism_tmax_us_30s_2020_avg_30y.tif,prism_vpdmax_us_30s_2020_avg_30y.tif,16.531158447265625,11.531158447265625,10.400575525620404,1.0400575525620404,0.3197300076356404,10.603820732600415,30yr_normal,,
BK1303,prism_tmax_us_30s_2020_avg_30y.tif,prism_vpdmax_us_30s_2020_avg_30y.tif,16.5166498819987,11.516649881998699,10.364999771118164,1.0364999771118164,0.32198233553657474,10.596479540959136,30yr_normal,,
BK1391,prism_tmax_us_30s_2020_avg_30y.tif,prism_vpdmax_us_30s_2020_avg_30y.tif,16.603299458821613,11.603299458821613,10.546632130940756,1.0546632130940756,0.3116308093888154,10.641541701241659,30yr_normal,,
BK1401,prism_tmax_us_30s_2020_avg_30y.tif,prism_vpdmax_us_30s_2020_avg_30y.tif,16.842491149902344,11.842491149902344,11.025816599527994,1.1025816599527993,0.2854813841337176,10.766886665959179,30yr_normal,,
BK1402,prism_tmax_us_30s_2020_avg_30y.tif,prism_vpdmax_us_30s_2020_avg_30y.tif,16.839989402077414,11.839989402077414,11.019990400834518,1.1019990400834518,0.2858347506547152,10.765607047985197,30yr_normal,,
BK1403,prism_tmax_us_30s_2020_avg_30y.tif,prism_vpdmax_us_30s_2020_avg_30y.tif,16.721537663386417,11.721537663386417,10.744614821213942,1.0744614821213943,0.30255571081482446,10.705016249490324,30yr_normal,,
BK1501,prism_tmax_us_30s_2020_avg_30y.tif,prism_vpdmax_us_30s_2020_avg_30y.tif,16.66153775728666,11.66153775728666,10.65075448843149,1.065075448843149,0.30649107417995713,10.672542900534259,30yr_normal,,
BK1502,prism_tmax_us_30s_2020_avg_30y.tif,prism_vpdmax_us_30s_2020_avg_30y.tif,16.644000244140624,11.644000244140624,10.616969299316406,1.0616969299316406,0.30827998797785283,10.663302173703029,30yr_normal,,
BK1503,prism_tmax_us_30s_2020_avg_30y.tif,prism_vpdmax_us_30s_2020_avg_30y.tif,16.525494384765626,11.525494384765626,10.398989868164062,1.0398989868164061,0.3193788810106213,10.600471216399283,30yr_normal,,
BK1601,prism_tmax_us_30s_2020_avg_30y.tif,prism_vpdmax_us_30s_2020_avg_30y.tif,16.933332655164932,11.933332655164932,11.326622009277344,1.1326622009277343,0.2637478775718385,10.809852531364248,30yr_normal,,
BK1602,prism_tmax_us_30s_2020_avg_30y.tif,prism_vpdmax_us_30s_2020_avg_30y.tif,16.866355202414773,11.866355202414773,11.133608731356533,1.1133608731356532,0.2768906802941362,10.77704143712477,30yr_normal,,
BK1701,prism_tmax_us_30s_2020_avg_30y.tif,prism_vpdmax_us_30s_2020_avg_30y.tif,16.88555399576823,11.88555399576823,11.128877427842882,1.1128877427842883,0.2791266808613211,10.788805901179085,30yr_normal,,
BK1702,prism_tmax_us_30s_2020_avg_30y.tif,prism_vpdmax_us_30s_2020_avg_30y.tif,16.774444580078125,11.774444580078125,10.876666598849827,1.0876666598849827,0.2941726208846158,10.73171991691195,30yr_normal,,
BK1703,prism_tmax_us_30s_2020_avg_30y.tif,prism_vpdmax_us_30s_2020_avg_30y.tif,16.836353648792613,11.836353648792613,11.028181596235795,1.1028181596235795,0.28468251988965965,10.763092749182047,30yr_normal,,
BK1704,prism_tmax_us_30s_2020_avg_30y.tif,prism_vpdmax_us_30s_2020_avg_30y.tif,16.844526811079547,11.844526811079547,11.059981606223367,1.1059981606223368,0.2822514504489453,10.766771521908538,30yr_normal,,
BK1771,prism_tmax_us_30s_2020_avg_30y.tif,prism_vpdmax_us_30s_2020_avg_30y.tif,16.81999969482422,11.819999694824219,10.982500076293945,1.0982500076293946,0.2877531751446254,10.755026824797168,30yr_normal,,
BK1801,prism_tmax_us_30s_2020_avg_30y.tif,prism_vpdmax_us_30s_2020_avg_30y.tif,16.687641816980697,11.687641816980697,10.673523846794577,1.0673523846794577,0.3065832185314912,10.68738011511093,30yr_normal,,
BK1802,prism_tmax_us_30s_2020_avg_30y.tif,prism_vpdmax_us_30s_2020_avg_30y.tif,16.59888373480903,11.598883734809029,10.518872578938803,1.0518872578938803,0.31400772210514405,10.63997211242404,30yr_normal,,
BK1803,prism_tmax_us_30s_2020_avg_30y.tif,prism_vpdmax_us_30s_2020_avg_30y.tif,16.686304995888158,11.686304995888158,10.70157824064556,1.070157824064556,0.30365636835187737,10.685471885430871,30yr_normal,,
BK1891,prism_tmax_us_30s_2020_avg_30y.tif,prism_vpdmax_us_30s_2020_avg_30y.tif,16.483988952636718,11.483988952636718,10.317984008789063,1.0317984008789063,0.3237496335941654,10.578655342147526,30yr_normal,,
BK1892,prism_tmax_us_30s_2020_avg_30y.tif,prism_vpdmax_us_30s_2020_avg_30y.tif,16.553316752115887,11.553316752115887,10.436666488647461,1.0436666488647461,0.3181164858999648,10.615750377408393,30yr_normal,,
BK1893,prism_tmax_us_30s_2020_avg_30y.tif,prism_vpdmax_us_30s_2020_avg_30y.tif,16.596654256184895,11.596654256184895,10.532221476236979,1.0532221476236978,0.3124713965723964,10.638104222109787,30yr_normal,,
BK5591,prism_tmax_us_30s_2020_avg_30y.tif,prism_vpdmax_us_30s_2020_avg_30y.tif,16.981648763020832,11.981648763020832,11.404158274332682,1.140415827433268,0.26045174537119964,10.835952384563692,30yr_normal,,
BK5691,prism_tmax_us_30s_2020_avg_30y.tif,prism_vpdmax_us_30s_2020_avg_30y.tif,16.4342041015625,11.4342041015625,10.229468094675164,1.0229468094675165,0.3281392358798012,10.5521524452867,30yr_normal,,
BK5692,prism_tmax_us_30s_2020_avg_30y.tif,prism_vpdmax_us_30s_2020_avg_30y.tif,16.3985200769761,11.398520076976101,10.201758889590993,1.0201758889590993,0.32771990461490197,10.531754806159105,30yr_normal,,
BK5693,prism_tmax_us_30s_2020_avg_30y.tif,prism_vpdmax_us_30s_2020_avg_30y.tif,16.601099650065105,11.601099650065105,10.553332858615452,1.0553332858615452,0.3107619303394915,10.639952940210334,30yr_normal,,
BX0101,prism_tmax_us_30s_2020_avg_30y.tif,prism_vpdmax_us_30s_2020_avg_30y.tif,17.069215040940506,12.069215040940506,11.889222365159254,1.1889222365159253,0.22005578856711194,10.869726853120142,30yr_normal,,
BX0102,prism_tmax_us_30s_2020_avg_30y.tif,prism_vpdmax_us_30s_2020_avg_30y.tif,17.029976738823784,12.029976738823784,11.768865797254774,1.1768865797254775,0.22845207984387894,10.85077847829173,30yr_normal,,
BX0201,prism_tmax_us_30s_2020_avg_30y.tif,prism_vpdmax_us_30s_2020_avg_30y.tif,16.989977155412948,11.989977155412948,11.712127685546875,1.1712127685546876,0.2304244174011365,10.828873843157787,30yr_normal,,
BX0202,prism_tmax_us_30s_2020_avg_30y.tif,prism_vpdmax_us_30s_2020_avg_30y.tif,17.00373649597168,12.00373649597168,11.717487335205078,1.171748733520508,0.23116074425659883,10.836964765708785,30yr_normal,,
BX0291,prism_tmax_us_30s_2020_avg_30y.tif,prism_vpdmax_us_30s_2020_avg_30y.tif,17.05500030517578,12.055000305175781,11.914999008178711,1.191499900817871,0.2161587477501672,10.860135560900483,30yr_normal,,
BX0301,prism_tmax_us_30s_2020_avg_30y.tif,prism_vpdmax_us_30s_2020_avg_30y.tif,16.994271414620535,11.994271414620535,11.668557303292411,1.166855730329241,0.23517842620364537,10.833177013587875,30yr_normal,,
BX0302,prism_tmax_us_30s_2020_avg_30y.tif,prism_vpdmax_us_30s_2020_avg_30y.tif,16.98499806722005,11.984998067220051,11.60333251953125,1.160333251953125,0.24084377995602968,10.830145509636488,30yr_normal,,
BX0303,prism_tmax_us_30s_2020_avg_30y.tif,prism_vpdmax_us_30s_2020_avg_30y.tif,16.97623634338379,11.976236343383789,11.578737258911133,1.1578737258911134,0.24249389305665514,10.825826106669874,30yr_normal,,
BX0391,prism_tmax_us_30s_2020_avg_30y.tif,prism_vpdmax_us_30s_2020_avg_30y.tif,16.9739990234375,11.9739990234375,11.553999328613282,1.1553999328613282,0.24476106705135736,10.825448545640246,30yr_normal,,
BX0401,prism_tmax_us_30s_2020_avg_30y.tif,prism_vpdmax_us_30s_2020_avg_30y.tif,17.04197998046875,12.04197998046875,11.76198959350586,1.176198959350586,0.2302521272906053,10.858291734950988,30yr_normal,,
BX0402,prism_tmax_us_30s_2020_avg_30y.tif,prism_vpdmax_us_30s_2020_avg_30y.tif,17.031667073567707,12.031667073567707,11.741633097330729,1.1741633097330728,0.2313319585950928,10.852868690440761,30yr_normal,,
BX0403,prism_tmax_us_30s_2020_avg_30y.tif,prism_vpdmax_us_30s_2020_avg_30y.tif,16.993316650390625,11.993316650390625,11.63998285929362,1.1639982859293618,0.23794760160406758,10.833723948201882,30yr_normal,,
BX0491,prism_tmax_us_30s_2020_avg_30y.tif,prism_vpdmax_us_30s_2020_avg_30y.tif,17.066665649414062,12.066665649414062,11.806632995605469,1.1806632995605468,0.2280780174255823,10.871434084066026,30yr_normal,,
BX0492,prism_tmax_us_30s_2020_avg_30y.tif,prism_vpdmax_us_30s_2020_avg_30y.tif,16.989999771118164,11.989999771118164,11.619999885559082,1.1619999885559082,0.23963928778583043,10.832508110323829,30yr_normal,,
BX0501,prism_tmax_us_30s_2020_avg_30y.tif,prism_vpdmax_us_30s_2020_avg_30y.tif,16.986236572265625,11.986236572265625,11.609987258911133,1.1609987258911132,0.2402927529505381,10.83063118838417,30yr_normal,,
BX0502,prism_tmax_us_30s_2020_avg_30y.tif,prism_vpdmax_us_30s_2020_avg_30y.tif,16.966654459635418,11.966654459635418,11.539999220106337,1.1539999220106336,0.24548298732394747,10.821567892631592,30yr_normal,,
BX0503,prism_tmax_us_30s_2020_avg_30y.tif,prism_vpdmax_us_30s_2020_avg_30y.tif,16.947999572753908,11.947999572753908,11.479999542236328,1.1479999542236328,0.24976192981719625,10.812672196169624,30yr_normal,,
BX0601,prism_tmax_us_30s_2020_avg_30y.tif,prism_vpdmax_us_30s_2020_avg_30y.tif,16.968738555908203,11.968738555908203,11.501249313354492,1.1501249313354491,0.24955036392621688,10.824348054222954,30yr_normal,,
BX0602,prism_tmax_us_30s_2020_avg_30y.tif,prism_vpdmax_us_30s_2020_avg_30y.tif,16.967498779296875,11.967498779296875,11.50624942779541,1.150624942779541,0.248935904119435,10.823403618180265,30yr_normal,,
BX0603,prism_tmax_us_30s_2020_avg_30y.tif,prism_vpdmax_us_30s_2020_avg_30y.tif,16.948571341378347,11.948571341378347,11.452856881277901,1.1452856881277902,0.2525289173720484,10.814083815088736,30yr_normal,,
BX0701,prism_tmax_us_30s_2020_avg_30y.tif,prism_vpdmax_us_30s_2020_avg_30y.tif,16.993333604600693,11.993333604600693,11.563332451714409,1.156333245171441,0.2456142097547207,10.836746538242197,30yr_normal,,
BX0702,prism_tmax_us_30s_2020_avg_30y.tif,prism_vpdmax_us_30s_2020_avg_30y.tif,16.946653578016495,11.946653578016495,11.459999084472656,1.1459999084472656,0.25163787143544813,10.812646262209483,30yr_normal,,
BX0703,prism_tmax_us_30s_2020_avg_30y.tif,prism_vpdmax_us_30s_2020_avg_30y.tif,16.932498931884766,11.932498931884766,11.408737182617188,1.1408737182617188,0.2554595529839272,10.806122498701345,30yr_normal,,
BX0801,prism_tmax_us_30s_2020_avg_30y.tif,prism_vpdmax_us_30s_2020_avg_30y.tif,16.99141366141183,11.99141366141183,11.545714242117745,1.1545714242117744,0.24719854446472778,10.836280573995145,30yr_normal,,
BX0802,prism_tmax_us_30s_2020_avg_30y.tif,prism_vpdmax_us_30s_2020_avg_30y.tif,17.038299560546875,12.038299560546875,11.654998779296875,1.1654998779296875,0.24061003543676862,10.860275594756727,30yr_normal,,
BX0803,prism_tmax_us_30s_2020_avg_30y.tif,prism_vpdmax_us_30s_2020_avg_30y.tif,17.04498291015625,12.04498291015625,11.712771945529514,1.1712771945529514,0.23545231618382378,10.862038070318835,30yr_normal,,
BX0901,prism_tmax_us_30s_2020_avg_30y.tif,prism_vpdmax_us_30s_2020_avg_30y.tif,16.977264404296875,11.977264404296875,11.563627069646662,1.1563627069646663,0.2440998635547289,10.827040163613336,30yr_normal,,
BX0902,prism_tmax_us_30s_2020_avg_30y.tif,prism_vpdmax_us_30s_2020_avg_30y.tif,16.965997314453126,11.965997314453126,11.555989837646484,1.1555989837646483,0.24382326836885548,10.820543021763882,30yr_normal,,
BX0903,prism_tmax_us_30s_2020_avg_30y.tif,prism_vpdmax_us_30s_2020_avg_30y.tif,16.964998517717635,11.964998517717635,11.487135750906807,1.1487135750906807,0.2506164884214275,10.82264643949552,30yr_normal,,
BX0904,prism_tmax_us_30s_2020_avg_30y.tif,prism_vpdmax_us_30s_2020_avg_30y.tif,16.958332061767578,11.958332061767578,11.451666514078775,1.1451666514078775,0.25354823694550577,10.8200187361418,30yr_normal,,
BX0991,prism_tmax_us_30s_2020_avg_30y.tif,prism_vpdmax_us_30s_2020_avg_30y.tif,16.972855704171316,11.972855704171316,11.611415318080358,1.1611415318080358,0.23891389161201237,10.822502343668656,30yr_normal,,
BX1001,prism_tmax_us_30s_2020_avg_30y.tif,prism_vpdmax_us_30s_2020_avg_30y.tif,16.973724365234375,11.973724365234375,11.43498706817627,1.143498706817627,0.2566369299439053,10.829960028555844,30yr_normal,,
BX1002,prism_tmax_us_30s_2020_avg_30y.tif,prism_vpdmax_us_30s_2020_avg_30y.tif,16.938627763227984,11.938627763227984,11.281363747336648,1.1281363747336648,0.2687616053873727,10.814825252667504,30yr_normal,,
BX1003,prism_tmax_us_30s_2020_avg_30y.tif,prism_vpdmax_us_30s_2020_avg_30y.tif,16.88648376464844,11.886483764648439,11.055479431152344,1.1055479431152344,0.28655190352636395,10.792251192641526,30yr_normal,,
BX1004,prism_tmax_us_30s_2020_avg_30y.tif,prism_vpdmax_us_30s_2020_avg_30y.tif,16.960908369584516,11.960908369584516,11.248173106800426,1.1248173106800425,0.2741352891053439,10.82957021417282,30yr_normal,,
BX1071,prism_tmax_us_30s_2020_avg_30y.tif,prism_vpdmax_us_30s_2020_avg_30y.tif,16.72163263956706,11.721632639567058,10.528333028157553,1.0528333028157553,0.3241925332598292,10.713573372205634,30yr_normal,,
BX1091,prism_tmax_us_30s_2020_avg_30y.tif,prism_vpdmax_us_30s_2020_avg_30y.tif,16.958749771118164,11.958749771118164,11.404999732971191,1.140499973297119,0.25825345396000454,10.82210472763028,30yr_normal,,
BX1101,prism_tmax_us_30s_2020_avg_30y.tif,prism_vpdmax_us_30s_2020_avg_30y.tif,16.952499389648438,11.952499389648438,11.432498931884766,1.1432498931884765,0.25492695575504065,10.817253447542395,30yr_normal,,
BX1102,prism_tmax_us_30s_2020_avg_30y.tif,prism_vpdmax_us_30s_2020_avg_30y.tif,16.954988098144533,11.954988098144533,11.380989074707031,1.138098907470703,0.2603074920987718,10.820779096042767,30yr_normal,,
BX1103,prism_tmax_us_30s_2020_avg_30y.tif,prism_vpdmax_us_30s_2020_avg_30y.tif,16.94090964577415,11.940909645774148,11.315445639870383,1.1315445639870383,0.26556371942167356,10.81486231088666,30yr_normal,,
BX1104,prism_tmax_us_30s_2020_avg_30y.tif,prism_vpdmax_us_30s_2020_avg_30y.tif,16.937142508370535,11.937142508370535,11.382828848702568,1.1382828848702569,0.2584782258536098,10.809941745006562,30yr_normal,,
BX1161,prism_tmax_us_30s_2020_avg_30y.tif,prism_vpdmax_us_30s_2020_avg_30y.tif,16.977098737444198,11.977098737444198,11.358570643833705,1.1358570643833705,0.26459020478495465,10.834998934611347,30yr_normal,,
BX1201,prism_tmax_us_30s_2020_avg_30y.tif,prism_vpdmax_us_30s_2020_avg_30y.tif,16.90833282470703,11.908332824707031,11.335816701253256,1.1335816701253256,0.2605268961333511,10.794411781789293,30yr_normal,,
BX1202,prism_tmax_us_30s_2020_avg_30y.tif,prism_vpdmax_us_30s_2020_avg_30y.tif,16.92190406436012,11.92190406436012,11.21189953031994,1.121189953031994,0.2741675828891923,10.80746746456764,30yr_normal,,
BX1203,prism_tmax_us_30s_2020_avg_30y.tif,prism_vpdmax_us_30s_2020_avg_30y.tif,16.863563537597656,11.863563537597656,11.278564453125,1.1278564453125,0.26213893545027234,10.769661127449828,30yr_normal,,
BX1271,prism_tmax_us_30s_2020_avg_30y.tif,prism_vpdmax_us_30s_2020_avg_30y.tif,16.89857155936105,11.898571559361049,11.364270891462054,1.1364270891462054,0.2567837490244349,10.787406087524317,30yr_normal,,
BX2691,prism_tmax_us_30s_2020_avg_30y.tif,prism_vpdmax_us_30s_2020_avg_30y.tif,16.951152128331803,11.951152128331803,11.486465454101562,1.1486465454101562,0.24940605020576934,10.814319834494999,30yr_normal,,
BX2791,prism_tmax_us_30s_2020_avg_30y.tif,prism_vpdmax_us_30s_2020_avg_30y.tif,16.95538330078125,11.95538330078125,11.447684654822716,1.1447684654822716,0.25367438937808173,10.818396366568555,30yr_normal,,
BX2891,prism_tmax_us_30s_2020_avg_30y.tif,prism_vpdmax_us_30s_2020_avg_30y.tif,16.86685093470982,11.86685093470982,10.965982491629465,1.0965982491629465,0.2936987986855364,10.783928107863883,30yr_normal,,
MN0101,prism_tmax_us_30s_2020_avg_30y.tif,prism_vpdmax_us_30s_2020_avg_30y.tif,17.225999450683595,12.225999450683595,11.972999572753906,1.1972999572753906,0.22630262522936784,10.96107862025274,30yr_normal,,
MN0102,prism_tmax_us_30s_2020_avg_30y.tif,prism_vpdmax_us_30s_2020_avg_30y.tif,17.233749389648438,12.233749389648438,12.010000228881836,1.2010000228881836,0.2233289043596023,10.964304163343987,30yr_normal,,
MN0191,prism_tmax_us_30s_2020_avg_30y.tif,prism_vpdmax_us_30s_2020_avg_30y.tif,17.231658935546875,12.231658935546875,11.904159545898438,1.1904159545898438,0.23371701773226805,10.967201404423859,30yr_normal,,
MN0201,prism_tmax_us_30s_2020_avg_30y.tif,prism_vpdmax_us_30s_2020_avg_30y.tif,17.203332265218098,12.203332265218098,11.959999084472656,1.1959999084472657,0.22548011235637455,10.947903078534715,30yr_normal,,
MN0202,prism_tmax_us_30s_2020_avg_30y.tif,prism_vpdmax_us_30s_2020_avg_30y.tif,17.17749786376953,12.177497863769531,11.927499771118164,1.1927499771118164,0.22631429243188927,10.933582805683056,30yr_normal,,
MN0203,prism_tmax_us_30s_2020_avg_30y.tif,prism_vpdmax_us_30s_2020_avg_30y.tif,17.231109619140625,12.231109619140625,12.015555487738716,1.2015555487738716,0.22252593567123502,10.96249184677153,30yr_normal,,
MN0301,prism_tmax_us_30s_2020_avg_30y.tif,prism_vpdmax_us_30s_2020_avg_30y.tif,17.19999821980794,12.199998219807942,11.928333282470703,1.1928333282470702,0.22833472618011497,10.947134538019887,30yr_normal,,
MN0302,prism_tmax_us_30s_2020_avg_30y.tif,prism_vpdmax_us_30s_2020_avg_30y.tif,17.18428475516183,12.18428475516183,11.898571559361049,1.1898571559361049,0.22984140016569188,10.938817126441874,30yr_normal,,
MN0303,prism_tmax_us_30s_2020_avg_30y.tif,prism_vpdmax_us_30s_2020_avg_30y.tif,17.188998413085937,12.188998413085937,11.923999786376953,1.1923999786376953,0.22773925110971804,10.940663625905845,30yr_normal,,
MN0401,prism_tmax_us_30s_2020_avg_30y.tif,prism_vpdmax_us_30s_2020_avg_30y.tif,17.195807139078777,12.195807139078777,12.000832875569662,1.2000832875569662,0.2206926930659483,10.941754876232583,30yr_normal,,
MN0402,prism_tmax_us_30s_2020_avg_30y.tif,prism_vpdmax_us_30s_2020_avg_30y.tif,17.157474517822266,12.157474517822266,11.984999656677246,1.1984999656677247,0.21869442015234153,10.919234958725095,30yr_normal,,
MN0501,prism_tmax_us_30s_2020_avg_30y.tif,prism_vpdmax_us_30s_2020_avg_30y.tif,17.154987335205078,12.154987335205078,11.91624927520752,1.191624927520752,0.22533734346731937,10.920435395043935,30yr_normal,,
MN0502,prism_tmax_us_30s_2020_avg_30y.tif,prism_vpdmax_us_30s_2020_avg_30y.tif,17.077980041503906,12.077980041503906,11.840989685058593,1.1840989685058594,0.225693143422508,10.87691208889776,30yr_normal,,
MN0601,prism_tmax_us_30s_2020_avg_30y.tif,prism_vpdmax_us_30s_2020_avg_30y.tif,17.189998626708984,12.189998626708984,11.9399995803833,1.19399995803833,0.22623279580647648,10.940638710095937,30yr_normal,,
MN0602,prism_tmax_us_30s_2020_avg_30y.tif,prism_vpdmax_us_30s_2020_avg_30y.tif,17.169999440511067,12.169999440511067,11.931666056315104,1.1931666056315104,0.2251971686964378,10.928892170067474,30yr_normal,,
MN0603,prism_tmax_us_30s_2020_avg_30y.tif,prism_vpdmax_us_30s_2020_avg_30y.tif,17.15699005126953,12.156990051269531,11.92698974609375,1.192698974609375,0.22445019604040595,10.921222286113704,30yr_normal,,
MN0604,prism_tmax_us_30s_2020_avg_30y.tif,prism_vpdmax_us_30s_2020_avg_30y.tif,17.07831573486328,12.078315734863281,11.844998677571615,1.1844998677571614,0.2253234313374728,10.876957130183106,30yr_normal,,
MN0661,prism_tmax_us_30s_2020_avg_30y.tif,prism_vpdmax_us_30s_2020_avg_30y.tif,17.1299991607666,12.129999160766602,11.90999984741211,1.190999984741211,0.22363213196232534,10.905596952015856,30yr_normal,,
MN0701,prism_tmax_us_30s_2020_avg_30y.tif,prism_vpdmax_us_30s_2020_avg_30y.tif,17.108866373697918,12.108866373697918,11.931109958224827,1.1931109958224826,0.2195531098590242,10.892011606061315,30yr_normal,,
MN0702,prism_tmax_us_30s_2020_avg_30y.tif,prism_vpdmax_us_30s_2020_avg_30y.tif,17.0539794921875,12.053979492187501,11.854999542236328,1.1854999542236329,0.22206398679033268,10.861877518878913,30yr_normal,,
MN0703,prism_tmax_us_30s_2020_avg_30y.tif,prism_vpdmax_us_30s_2020_avg_30y.tif,17.05712890625,12.05712890625,11.855713980538505,1.1855713980538505,0.2222847528792189,10.863749997725282,30yr_normal,,
MN0801,prism_tmax_us_30s_2020_avg_30y.tif,prism_vpdmax_us_30s_2020_avg_30y.tif,17.072491963704426,12.072491963704426,11.857499440511068,1.1857499440511068,0.22353239088369947,10.872951173037704,30yr_normal,,
MN0802,prism_tmax_us_30s_2020_avg_30y.tif,prism_vpdmax_us_30s_2020_avg_30y.tif,17.014990234375,12.014990234374999,11.772988891601562,1.1772988891601561,0.22665194766980346,10.841573678324856,30yr_normal,,
MN0803,prism_tmax_us_30s_2020_avg_30y.tif,prism_vpdmax_us_30s_2020_avg_30y.tif,17.073333740234375,12.073333740234375,11.881665547688803,1.1881665547688802,0.22119396065562857,10.872509457250551,30yr_normal,,
MN0901,prism_tmax_us_30s_2020_avg_30y.tif,prism_vpdmax_us_30s_2020_avg_30y.tif,17.08623695373535,12.086236953735352,11.899999618530273,1.1899999618530273,0.22055942391315808,10.879576206365815,30yr_normal,,
MN0902,prism_tmax_us_30s_2020_avg_30y.tif,prism_vpdmax_us_30s_2020_avg_30y.tif,17.06499989827474,12.064999898274738,11.849998474121094,1.1849998474121093,0.22358682534662444,10.868724564683,30yr_normal,,
MN0903,prism_tmax_us_30s_2020_avg_30y.tif,prism_vpdmax_us_30s_2020_avg_30y.tif,17.03833262125651,12.038332621256512,11.794999440511068,1.179499944051107,0.22661303370471253,10.854793518498393,30yr_normal,,
MN1001,prism_tmax_us_30s_2020_avg_30y.tif,prism_vpdmax_us_30s_2020_avg_30y.tif,17.078333536783855,12.078333536783855,11.893333435058594,1.1893333435058593,0.22049160947057178,10.87506831787838,30yr_normal,,
MN1002,prism_tmax_us_30s_2020_avg_30y.tif,prism_vpdmax_us_30s_2020_avg_30y.tif,17.06300048828125,12.06300048828125,11.828999328613282,1.182899932861328,0.2255011392941748,10.868343224598078,30yr_normal,,
MN1101,prism_tmax_us_30s_2020_avg_30y.tif,prism_vpdmax_us_30s_2020_avg_30y.tif,17.07666693793403,12.076666937934029,11.896665785047743,1.1896665785047742,0.2200035470206705,10.873931547787718,30yr_normal,,
MN1102,prism_tmax_us_30s_2020_avg_30y.tif,prism_vpdmax_us_30s_2020_avg_30y.tif,17.1109092018821,12.110909201882102,11.951818292791193,1.1951818292791194,0.21767241168657736,10.892430775259976,30yr_normal,,
MN1191,prism_tmax_us_30s_2020_avg_30y.tif,prism_vpdmax_us_30s_2020_avg_30y.tif,17.09621238708496,12.096212387084961,11.957499504089355,1.1957499504089355,0.2157368920164371,10.883337022039631,30yr_normal,,
MN1201,prism_tmax_us_30s_2020_avg_30y.tif,prism_vpdmax_us_30s_2020_avg_30y.tif,17.004445393880207,12.004445393880207,11.719999525282118,1.1719999525282119,0.23097510273438027,10.837293753704687,30yr_normal,,
MN1202,prism_tmax_us_30s_2020_avg_30y.tif,prism_vpdmax_us_30s_2020_avg_30y.tif,17.029988606770832,12.029988606770832,11.741099039713541,1.174109903971354,0.23122985510456395,10.851876873095156,30yr_normal,,
MN1203,prism_tmax_us_30s_2020_avg_30y.tif,prism_vpdmax_us_30s_2020_avg_30y.tif,17.065699986049108,12.065699986049108,11.724271501813616,1.1724271501813617,0.23622451518317522,10.874088126556831,30yr_normal,,
MN1291,prism_tmax_us_30s_2020_avg_30y.tif,prism_vpdmax_us_30s_2020_avg_30y.tif,16.974999745686848,11.974999745686848,11.648331960042318,1.1648331960042317,0.23542021843322725,10.8223450016487,30yr_normal,,
MN1292,prism_tmax_us_30s_2020_avg_30y.tif,prism_vpdmax_us_30s_2020_avg_30y.tif,17.101414271763392,12.101414271763392,11.80712890625,1.180712890625,0.23125780463668888,10.892386209312061,30yr_normal,,
MN6491,prism_tmax_us_30s_2020_avg_30y.tif,prism_vpdmax_us_30s_2020_avg_30y.tif,17.015993245442708,12.015993245442708,11.786659749348958,1.1786659749348958,0.22537770796617873,10.841641609396723,30yr_normal,,
QN0101,prism_tmax_us_30s_2020_avg_30y.tif,prism_vpdmax_us_30s_2020_avg_30y.tif,17.0330867767334,12.033086776733398,11.926243782043457,1.1926243782043457,0.21300243683143005,10.846470160082587,30yr_normal,,
QN0102,prism_tmax_us_30s_2020_avg_30y.tif,prism_vpdmax_us_30s_2020_avg_30y.tif,17.087998962402345,12.087998962402345,11.913999938964844,1.1913999938964843,0.2193231740584214,10.880089419087088,30yr_normal,,
QN0103,prism_tmax_us_30s_2020_avg_30y.tif,prism_vpdmax_us_30s_2020_avg_30y.tif,17.0389892578125,12.0389892578125,11.85,1.185,0.22117384245822946,10.853028229265771,30yr_normal,,
QN0104,prism_tmax_us_30s_2020_avg_30y.tif,prism_vpdmax_us_30s_2020_avg_30y.tif,17.00177140669389,12.00177140669389,11.819082086736506,1.1819082086736505,0.22081950014334906,10.831786451151771,30yr_normal,,
QN0105,prism_tmax_us_30s_2020_avg_30y.tif,prism_vpdmax_us_30s_2020_avg_30y.tif,17.08089932528409,12.08089932528409,11.867272116921164,1.1867272116921164,0.22333613287603993,10.877641017656362,30yr_normal,,
QN0151,prism_tmax_us_30s_2020_avg_30y.tif,prism_vpdmax_us_30s_2020_avg_30y.tif,17.00443352593316,12.004433525933159,11.871088663736979,1.187108866373698,0.21586509100748574,10.831348789970043,30yr_normal,,
QN0161,prism_tmax_us_30s_2020_avg_30y.tif,prism_vpdmax_us_30s_2020_avg_30y.tif,17.019948959350586,12.019948959350586,11.792499542236328,1.1792499542236328,0.22515995118765697,10.843798920768531,30yr_normal,,
QN0171,prism_tmax_us_30s_2020_avg_30y.tif,prism_vpdmax_us_30s_2020_avg_30y.tif,16.993265787760418,11.993265787760418,11.889966328938803,1.1889966328938804,0.2129445524705862,10.823868910781096,30yr_normal,,
QN0191,prism_tmax_us_30s_2020_avg_30y.tif,prism_vpdmax_us_30s_2020_avg_30y.tif,17.067474365234375,12.067474365234375,11.924999237060547,1.1924999237060547,0.21631647783927743,10.867270340878726,30yr_normal,,
QN0201,prism_tmax_us_30s_2020_avg_30y.tif,prism_vpdmax_us_30s_2020_avg_30y.tif,17.10998992919922,12.10998992919922,11.874999237060546,1.1874999237060546,0.22526875360052379,10.894894910020962,30yr_normal,,
QN0202,prism_tmax_us_30s_2020_avg_30y.tif,prism_vpdmax_us_30s_2020_avg_30y.tif,17.02221001519097,12.022210015190971,11.726655748155382,1.1726655748155381,0.23195369826609347,10.847750882031855,30yr_normal,,
QN0203,prism_tmax_us_30s_2020_avg_30y.tif,prism_vpdmax_us_30s_2020_avg_30y.tif,16.953617442737926,11.953617442737926,11.683635364879262,1.1683635364879261,0.22991643405297713,10.808058248615223,30yr_normal,,
QN0261,prism_tmax_us_30s_2020_avg_30y.tif,prism_vpdmax_us_30s_2020_avg_30y.tif,17.044241768973215,12.044241768973215,11.804286411830358,1.1804286411830358,0.22623214830622107,10.857994317292157,30yr_normal,,
QN0271,prism_tmax_us_30s_2020_avg_30y.tif,prism_vpdmax_us_30s_2020_avg_30y.tif,16.95142800467355,11.951428004673549,11.6099853515625,1.16099853515625,0.23707950280637813,10.809631923252809,30yr_normal,,
QN0301,prism_tmax_us_30s_2020_avg_30y.tif,prism_vpdmax_us_30s_2020_avg_30y.tif,16.968307495117188,11.968307495117188,11.81832504272461,1.181832504272461,0.21780299724169594,10.811626927647431,30yr_normal,,
QN0302,prism_tmax_us_30s_2020_avg_30y.tif,prism_vpdmax_us_30s_2020_avg_30y.tif,16.968163230202414,11.968163230202414,11.839999112215908,1.1839999112215909,0.21562227257487598,10.810688104646694,30yr_normal,,
QN0303,prism_tmax_us_30s_2020_avg_30y.tif,prism_vpdmax_us_30s_2020_avg_30y.tif,16.951250076293945,11.951250076293945,11.71875,1.171875,0.22618662869629125,10.805250138336309,30yr_normal,,
QN0401,prism_tmax_us_30s_2020_avg_30y.tif,prism_vpdmax_us_30s_2020_avg_30y.tif,16.94923048753005,11.949230487530048,11.676922137920673,1.1676922137920673,0.23018317221342022,10.80567567310941,30yr_normal,,
QN0402,prism_tmax_us_30s_2020_avg_30y.tif,prism_vpdmax_us_30s_2020_avg_30y.tif,16.976642184787327,11.976642184787327,11.67222171359592,1.167222171359592,0.23318293037165683,10.822397010410475,30yr_normal,,
QN0501,prism_tmax_us_30s_2020_avg_30y.tif,prism_vpdmax_us_30s_2020_avg_30y.tif,16.940624237060547,11.940624237060547,11.557493209838867,1.1557493209838867,0.2413326570118084,10.80517767661897,30yr_normal,,
QN0502,prism_tmax_us_30s_2020_avg_30y.tif,prism_vpdmax_us_30s_2020_avg_30y.tif,16.936469582950366,11.936469582950366,11.471169864430147,1.1471169864430146,0.2495821166482992,10.806064025375639,30yr_normal,,
QN0503,prism_tmax_us_30s_2020_avg_30y.tif,prism_vpdmax_us_30s_2020_avg_30y.tif,16.933124542236328,11.933124542236328,11.428749084472656,1.1428749084472656,0.25351599717721873,10.805713402338645,30yr_normal,,
QN0504,prism_tmax_us_30s_2020_avg_30y.tif,prism_vpdmax_us_30s_2020_avg_30y.tif,16.911536583533653,11.911536583533653,11.489222599909855,1.1489222599909854,0.2454810616144174,10.790315300078047,30yr_normal,,
QN0571,prism_tmax_us_30s_2020_avg_30y.tif,prism_vpdmax_us_30s_2020_avg_30y.tif,16.885713849748885,11.885713849748885,11.437128339494977,1.1437128339494977,0.24831627603536388,10.776788049289515,30yr_normal,,
QN0572,prism_tmax_us_30s_2020_avg_30y.tif,prism_vpdmax_us_30s_2020_avg_30y.tif,16.899999618530273,11.899999618530273,11.414999961853027,1.1414999961853027,0.25184214660339466,10.786273747321799,30yr_normal,,
QN0573,prism_tmax_us_30s_2020_avg_30y.tif,prism_vpdmax_us_30s_2020_avg_30y.tif,16.939998626708984,11.939998626708984,11.483332316080729,1.1483332316080728,0.24869108695564623,10.807714818517562,30yr_normal,,
QN0574,prism_tmax_us_30s_2020_avg_30y.tif,prism_vpdmax_us_30s_2020_avg_30y.tif,16.920000712076824,11.920000712076824,11.361649831136068,1.136164983113607,0.2590173268740146,10.800434213209046,30yr_normal,,
QN0601,prism_tmax_us_30s_2020_avg_30y.tif,prism_vpdmax_us_30s_2020_avg_30y.tif,16.962210761176216,11.962210761176216,11.57554456922743,1.157554456922743,0.24151832576770338,10.817490203613621,30yr_normal,,
QN0602,prism_tmax_us_30s_2020_avg_30y.tif,prism_vpdmax_us_30s_2020_avg_30y.tif,16.96498680114746,11.964986801147461,11.501243591308594,1.1501243591308594,0.24920462297719892,10.822084933080648,30yr_normal,,
QN0701,prism_tmax_us_30s_2020_avg_30y.tif,prism_vpdmax_us_30s_2020_avg_30y.tif,16.949999722567473,11.949999722567473,11.594512939453125,1.1594512939453125,0.23849502690405266,10.80937838826905,30yr_normal,,
QN0702,prism_tmax_us_30s_2020_avg_30y.tif,prism_vpdmax_us_30s_2020_avg_30y.tif,16.93235150505515,11.932351505055149,11.365881527171416,1.1365881527171415,0.25973153713010055,10.807717797458398,30yr_normal,,
QN0703,prism_tmax_us_30s_2020_avg_30y.tif,prism_vpdmax_us_30s_2020_avg_30y.tif,16.929229736328125,11.929229736328125,11.275369497445913,1.1275369497445913,0.26849518071512546,10.809391866519091,30yr_normal,,
QN0704,prism_tmax_us_30s_2020_avg_30y.tif,prism_vpdmax_us_30s_2020_avg_30y.tif,16.963150827508223,11.963150827508223,11.484715511924342,1.1484715511924342,0.25068798516163926,10.821626897365686,30yr_normal,,
QN0705,prism_tmax_us_30s_2020_avg_30y.tif,prism_vpdmax_us_30s_2020_avg_30y.tif,16.962210761176216,11.962210761176216,11.453321668836805,1.1453321668836804,0.2537406158067659,10.822293563598972,30yr_normal,,
QN0706,prism_tmax_us_30s_2020_avg_30y.tif,prism_vpdmax_us_30s_2020_avg_30y.tif,16.970980834960937,11.970980834960937,11.501998901367188,1.1501998901367188,0.24968241907331978,10.825671324118664,30yr_normal,,
QN0707,prism_tmax_us_30s_2020_avg_30y.tif,prism_vpdmax_us_30s_2020_avg_30y.tif,16.979976947490986,11.979976947490986,11.619976337139423,1.1619976337139424,0.2387154940853522,10.826462118402931,30yr_normal,,
QN0761,prism_tmax_us_30s_2020_avg_30y.tif,prism_vpdmax_us_30s_2020_avg_30y.tif,16.849999745686848,11.849999745686848,11.05163319905599,1.105163319905599,0.2835879911833197,10.770399936339487,30yr_normal,,
QN0791,prism_tmax_us_30s_2020_avg_30y.tif,prism_vpdmax_us_30s_2020_avg_30y.tif,16.953750610351562,11.953750610351562,11.414999008178711,1.141499900817871,0.25679235264139133,10.818695990657401,30yr_normal,,
QN0801,prism_tmax_us_30s_2020_avg_30y.tif,prism_vpdmax_us_30s_2020_avg_30y.tif,16.97582499186198,11.97582499186198,11.451665242513021,1.145166524251302,0.2551631039075879,10.830571870221425,30yr_normal,,
QN0802,prism_tmax_us_30s_2020_avg_30y.tif,prism_vpdmax_us_30s_2020_avg_30y.tif,16.972141810825892,11.972141810825892,11.404285975864955,1.1404285975864954,0.2595609069748914,10.830211843179413,30yr_normal,,
QN0803,prism_tmax_us_30s_2020_avg_30y.tif,prism_vpdmax_us_30s_2020_avg_30y.tif,16.94499969482422,11.944999694824219,11.336657206217447,1.1336657206217446,0.26381958025246055,10.816495922004549,30yr_normal,,
QN0804,prism_tmax_us_30s_2020_avg_30y.tif,prism_vpdmax_us_30s_2020_avg_30y.tif,16.962135314941406,11.962135314941406,11.317135402134486,1.1317135402134486,0.26735228015475165,10.827600169672595,30yr_normal,,
QN0805,prism_tmax_us_30s_2020_avg_30y.tif,prism_vpdmax_us_30s_2020_avg_30y.tif,16.966659545898438,11.966659545898438,11.35498301188151,1.135498301188151,0.2639850776384165,10.828842098036311,30yr_normal,,
QN0871,prism_tmax_us_30s_2020_avg_30y.tif,prism_vpdmax_us_30s_2020_avg_30y.tif,16.969974517822266,11.969974517822266,11.5024995803833,1.15024995803833,0.2495394416196841,10.82504455216176,30yr_normal,,
QN0891,prism_tmax_us_30s_2020_avg_30y.tif,prism_vpdmax_us_30s_2020_avg_30y.tif,16.966666327582466,11.966666327582466,11.326655069986979,1.132665506998698,0.26681849781739997,10.829959477381495,30yr_normal,,
QN0901,prism_tmax_us_30s_2020_avg_30y.tif,prism_vpdmax_us_30s_2020_avg_30y.tif,16.93776618109809,11.937766181098091,11.333321465386284,1.1333321465386283,0.26348643552014606,10.812263593842035,30yr_normal,,
QN0902,prism_tmax_us_30s_2020_avg_30y.tif,prism_vpdmax_us_30s_2020_avg_30y.tif,16.877262462269176,11.877262462269176,11.20271856134588,1.1202718561345881,0.27098098218327316,10.780903342104649,30yr_normal,,
QN0903,prism_tmax_us_30s_2020_avg_30y.tif,prism_vpdmax_us_30s_2020_avg_30y.tif,16.83444383409288,11.83444383409288,11.084421793619791,1.1084421793619792,0.2788835492226991,10.759730888775183,30yr_normal,,
QN0904,prism_tmax_us_30s_2020_avg_30y.tif,prism_vpdmax_us_30s_2020_avg_30y.tif,16.817485809326172,11.817485809326172,11.081212997436523,1.1081212997436523,0.27765181782488035,10.749631618293117,30yr_normal,,
QN0905,prism_tmax_us_30s_2020_avg_30y.tif,prism_vpdmax_us_30s_2020_avg_30y.tif,16.8639892578125,11.863989257812499,11.212989807128906,1.1212989807128906,0.2687354629064289,10.772494946101911,30yr_normal,,
QN1001,prism_tmax_us_30s_2020_avg_30y.tif,prism_vpdmax_us_30s_2020_avg_30y.tif,16.766500854492186,11.766500854492186,10.908494567871093,1.0908494567871094,0.2902648650498967,10.725680076461678,30yr_normal,,
QN1002,prism_tmax_us_30s_2020_avg_30y.tif,prism_vpdmax_us_30s_2020_avg_30y.tif,16.759999593098957,11.759999593098957,10.921658833821615,1.0921658833821615,0.2883553700779977,10.72124342972776,30yr_normal,,
QN1003,prism_tmax_us_30s_2020_avg_30y.tif,prism_vpdmax_us_30s_2020_avg_30y.tif,16.65686798095703,11.656867980957031,10.67310619354248,1.067310619354248,0.30383247562699855,10.668850308124046,30yr_normal,,
QN1091,prism_tmax_us_30s_2020_avg_30y.tif,prism_vpdmax_us_30s_2020_avg_30y.tif,16.581100463867188,11.581100463867188,10.525544060601128,1.0525544060601129,0.3117345621937946,10.628995645954856,30yr_normal,,
QN1101,prism_tmax_us_30s_2020_avg_30y.tif,prism_vpdmax_us_30s_2020_avg_30y.tif,16.951873779296875,11.951873779296875,11.351863861083984,1.1351863861083984,0.26293276371457397,10.820045009001154,30yr_normal,,
QN1102,prism_tmax_us_30s_2020_avg_30y.tif,prism_vpdmax_us_30s_2020_avg_30y.tif,16.94473587839227,11.944735878392269,11.284205386513158,1.1284205386513158,0.2690404411382834,10.81839813641576,30yr_normal,,
QN1103,prism_tmax_us_30s_2020_avg_30y.tif,prism_vpdmax_us_30s_2020_avg_30y.tif,16.949984741210937,11.949984741210937,11.245484924316406,1.1245484924316407,0.273396446884959,10.82308615189239,30yr_normal,,
QN1104,prism_tmax_us_30s_2020_avg_30y.tif,prism_vpdmax_us_30s_2020_avg_30y.tif,16.969977242606028,11.969977242606028,11.315706525530134,1.1315706525530134,0.2682189986669288,10.83238716303372,30yr_normal,,
QN1191,prism_tmax_us_30s_2020_avg_30y.tif,prism_vpdmax_us_30s_2020_avg_30y.tif,16.95665740966797,11.956657409667969,11.28082529703776,1.128082529703776,0.2704778604460991,10.825722550437055,30yr_normal,,
QN1201,prism_tmax_us_30s_2020_avg_30y.tif,prism_vpdmax_us_30s_2020_avg_30y.tif,16.887628891888788,11.887628891888788,11.17234712488511,1.1172347124885111,0.27497034963756173,10.788348929108505,30yr_normal,,
QN1202,prism_tmax_us_30s_2020_avg_30y.tif,prism_vpdmax_us_30s_2020_avg_30y.tif,16.817127772739955,11.817127772739955,11.023570469447545,1.1023570469447546,0.2833833066415741,10.751681086653692,30yr_normal,,
QN1203,prism_tmax_us_30s_2020_avg_30y.tif,prism_vpdmax_us_30s_2020_avg_30y.tif,16.752498626708984,11.752498626708984,10.886249542236328,1.0886249542236328,0.2912123121583965,10.718113160022243,30yr_normal,,
QN1204,prism_tmax_us_30s_2020_avg_30y.tif,prism_vpdmax_us_30s_2020_avg_30y.tif,16.717684232271633,11.717684232271633,10.825384286733774,1.0825384286733775,0.2941281297680238,10.699519314696849,30yr_normal,,
QN1205,prism_tmax_us_30s_2020_avg_30y.tif,prism_vpdmax_us_30s_2020_avg_30y.tif,16.831730054772418,11.831730054772418,11.037387350331182,1.1037387350331183,0.28333842778394946,10.759942943175053,30yr_normal,,
QN1206,prism_tmax_us_30s_2020_avg_30y.tif,prism_vpdmax_us_30s_2020_avg_30y.tif,16.932989501953124,11.932989501953124,11.232999420166015,1.1232999420166014,0.2730785228395174,10.81332490708335,30yr_normal,,
QN1301,prism_tmax_us_30s_2020_avg_30y.tif,prism_vpdmax_us_30s_2020_avg_30y.tif,16.992820739746094,11.992820739746094,11.305714198521205,1.1305714198521204,0.27132862212481035,10.846561507931085,30yr_normal,,
QN1302,prism_tmax_us_30s_2020_avg_30y.tif,prism_vpdmax_us_30s_2020_avg_30y.tif,16.986067030164932,11.986067030164932,11.319432576497396,1.1319432576497397,0.26933255377565857,10.84194769973735,30yr_normal,,
QN1303,prism_tmax_us_30s_2020_avg_30y.tif,prism_vpdmax_us_30s_2020_avg_30y.tif,16.94349060058594,11.943490600585939,11.239984893798828,1.123998489379883,0.27334769398664416,10.819384814268977,30yr_normal,,
QN1304,prism_tmax_us_30s_2020_avg_30y.tif,prism_vpdmax_us_30s_2020_avg_30y.tif,16.8445351340554,11.844535134055398,11.050900545987217,1.1050900545987217,0.28316031931294017,10.767133426499395,30yr_normal,,
QN1305,prism_tmax_us_30s_2020_avg_30y.tif,prism_vpdmax_us_30s_2020_avg_30y.tif,16.730000813802082,11.730000813802082,10.864983876546225,1.0864983876546224,0.2912891664277828,10.705387103831898,30yr_normal,,
QN1306,prism_tmax_us_30s_2020_avg_30y.tif,prism_vpdmax_us_30s_2020_avg_30y.tif,16.618946276212995,11.618946276212995,10.67367874948602,1.067367874948602,0.30034095196362576,10.645976532734473,30yr_normal,,
QN1307,prism_tmax_us_30s_2020_avg_30y.tif,prism_vpdmax_us_30s_2020_avg_30y.tif,16.601109822591145,11.601109822591145,10.662772284613716,1.0662772284613715,0.2998189070165802,10.635658099866694,30yr_normal,,
QN1371,prism_tmax_us_30s_2020_avg_30y.tif,prism_vpdmax_us_30s_2020_avg_30y.tif,16.813999938964844,11.813999938964844,11.005999755859374,1.1005999755859375,0.28485417839540905,10.75048565750246,30yr_normal,,
QN1401,prism_tmax_us_30s_2020_avg_30y.tif,prism_vpdmax_us_30s_2020_avg_30y.tif,16.26998183306526,11.269981833065259,10.064699958352481,1.006469995835248,0.3299889106302887,10.459765341225705,30yr_normal,,
QN1402,prism_tmax_us_30s_2020_avg_30y.tif,prism_vpdmax_us_30s_2020_avg_30y.tif,16.21832784016927,11.21832784016927,9.899438646104601,0.9899438646104601,0.34194312234376634,10.435175532457075,30yr_normal,,
QN1403,prism_tmax_us_30s_2020_avg_30y.tif,prism_vpdmax_us_30s_2020_avg_30y.tif,16.262210422092014,11.262210422092014,9.897216796875,0.9897216796875,0.3460484954312085,10.461670368030637,30yr_normal,,
QN1491,prism_tmax_us_30s_2020_avg_30y.tif,prism_vpdmax_us_30s_2020_avg_30y.tif,16.274000549316405,11.274000549316405,10.063980102539062,1.0063980102539063,0.3304171721783147,10.462212260128478,30yr_normal,,
QN8081,prism_tmax_us_30s_2020_avg_30y.tif,prism_vpdmax_us_30s_2020_avg_30y.tif,16.98766855093149,11.987668550931492,11.892308161808895,1.1892308161808895,0.21219299820681825,10.820399916673434,30yr_normal,,
QN8191,prism_tmax_us_30s_2020_avg_30y.tif,prism_vpdmax_us_30s_2020_avg_30y.tif,16.97698516845703,11.97698516845703,11.594999694824219,1.159499969482422,0.24093681029191405,10.825638756959858,30yr_normal,,
QN8291,prism_tmax_us_30s_2020_avg_30y.tif,prism_vpdmax_us_30s_2020_avg_30y.tif,16.93199920654297,11.931999206542969,11.367999267578124,1.1367999267578124,0.2594873087716989,10.80742206245714,30yr_normal,,
QN8381,prism_tmax_us_30s_2020_avg_30y.tif,prism_vpdmax_us_30s_2020_avg_30y.tif,16.548123677571613,11.548123677571613,10.540825525919596,1.0540825525919595,0.30723266373774405,10.608528562032038,30yr_normal,,
QN8491,prism_tmax_us_30s_2020_avg_30y.tif,prism_vpdmax_us_30s_2020_avg_30y.tif,16.358104808910472,11.358104808910472,10.179181073163006,1.0179181073163006,0.3263724429365018,10.508309796726282,30yr_normal,,
QN8492,prism_tmax_us_30s_2020_avg_30y.tif,prism_vpdmax_us_30s_2020_avg_30y.tif,16.26433397376019,11.264333973760191,9.861730160920516,0.9861730160920515,0.34978532510015736,10.464342995886389,30yr_normal,,
SI0101,prism_tmax_us_30s_2020_avg_30y.tif,prism_vpdmax_us_30s_2020_avg_30y.tif,17.21899871826172,12.21899871826172,11.871979522705079,1.1871979522705078,0.23574878277445288,10.960821544884753,30yr_normal,,
SI0102,prism_tmax_us_30s_2020_avg_30y.tif,prism_vpdmax_us_30s_2020_avg_30y.tif,17.164545232599433,12.164545232599433,11.73090848055753,1.173090848055753,0.24476359041797435,10.933489237918142,30yr_normal,,
SI0103,prism_tmax_us_30s_2020_avg_30y.tif,prism_vpdmax_us_30s_2020_avg_30y.tif,17.149982158954327,12.149982158954327,11.626915564903847,1.1626915564903846,0.2538037106145641,10.928784742398626,30yr_normal,,
SI0104,prism_tmax_us_30s_2020_avg_30y.tif,prism_vpdmax_us_30s_2020_avg_30y.tif,17.34782077955163,12.347820779551629,12.169985563858695,1.2169985563858696,0.21805915697836586,11.02691163069827,30yr_normal,,
SI0105,prism_tmax_us_30s_2020_avg_30y.tif,prism_vpdmax_us_30s_2020_avg_30y.tif,17.381424676804315,12.381424676804315,12.274752662295388,1.2274752662295387,0.21075650559976178,11.043095098448752,30yr_normal,,
SI0106,prism_tmax_us_30s_2020_avg_30y.tif,prism_vpdmax_us_30s_2020_avg_30y.tif,17.406913170447716,12.406913170447716,12.356146005483774,1.2356146005483775,0.20502879853116784,11.055296085466603,30yr_normal,,
SI0107,prism_tmax_us_30s_2020_avg_30y.tif,prism_vpdmax_us_30s_2020_avg_30y.tif,17.50639892578125,12.506398925781252,12.6059912109375,1.26059912109375,0.18949126697814367,11.105598258840379,30yr_normal,,
SI0191,prism_tmax_us_30s_2020_avg_30y.tif,prism_vpdmax_us_30s_2020_avg_30y.tif,17.344999313354492,12.344999313354492,12.159950256347656,1.2159950256347656,0.21879646608761183,11.025601621844428,30yr_normal,,
SI0201,prism_tmax_us_30s_2020_avg_30y.tif,prism_vpdmax_us_30s_2020_avg_30y.tif,17.036510965098504,12.036510965098504,11.35564256751019,1.135564256751019,0.27037988086842457,10.870961010392142,30yr_normal,,
SI0202,prism_tmax_us_30s_2020_avg_30y.tif,prism_vpdmax_us_30s_2020_avg_30y.tif,16.932489013671876,11.932489013671876,11.171495056152343,1.1171495056152343,0.27918285193147563,10.815440131561024,30yr_normal,,
SI0203,prism_tmax_us_30s_2020_avg_30y.tif,prism_vpdmax_us_30s_2020_avg_30y.tif,17.338364712027616,12.338364712027616,12.112785871638808,1.2112785871638807,0.22288706247236445,11.023447407271297,30yr_normal,,
SI0204,prism_tmax_us_30s_2020_avg_30y.tif,prism_vpdmax_us_30s_2020_avg_30y.tif,17.47186787923177,12.47186787923177,12.49603271484375,1.249603271484375,0.197201965090263,11.089049459804887,30yr_normal,,
SI0291,prism_tmax_us_30s_2020_avg_30y.tif,prism_vpdmax_us_30s_2020_avg_30y.tif,17.389048258463543,12.389048258463543,12.269990466889881,1.2269990466889882,0.2119536684399972,11.047888154245747,30yr_normal,,
SI0301,prism_tmax_us_30s_2020_avg_30y.tif,prism_vpdmax_us_30s_2020_avg_30y.tif,17.029988606770832,12.029988606770832,11.351110670301649,1.135111067030165,0.27022869204575306,10.867203416013043,30yr_normal,,
SI0302,prism_tmax_us_30s_2020_avg_30y.tif,prism_vpdmax_us_30s_2020_avg_30y.tif,17.18895221578664,12.188952215786639,11.65551021181304,1.165551021181304,0.25458388905884655,10.95118737475115,30yr_normal,,
SI0303,prism_tmax_us_30s_2020_avg_30y.tif,prism_vpdmax_us_30s_2020_avg_30y.tif,17.421000671386718,12.421000671386718,12.276494598388672,1.2276494598388672,0.21432836972658031,11.066938429978814,30yr_normal,,
SI0304,prism_tmax_us_30s_2020_avg_30y.tif,prism_vpdmax_us_30s_2020_avg_30y.tif,17.28488498263889,12.28488498263889,11.93710666232639,1.1937106662326389,0.23541898754180757,10.998049447260179,30yr_normal,,
SI0305,prism_tmax_us_30s_2020_avg_30y.tif,prism_vpdmax_us_30s_2020_avg_30y.tif,17.44302645596591,12.44302645596591,12.348778002189867,1.2348778002189866,0.209188584435537,11.077407114215836,30yr_normal,,
SI0391,prism_tmax_us_30s_2020_avg_30y.tif,prism_vpdmax_us_30s_2020_avg_30y.tif,17.407332356770834,12.407332356770834,12.336665852864583,1.2336665852864583,0.20701650531899785,11.056314932879427,30yr_normal,,
SI9561,prism_tmax_us_30s_2020_avg_30y.tif,prism_vpdmax_us_30s_2020_avg_30y.tif,16.97855704171317,11.97855704171317,11.22855704171317,1.122855704171317,0.2777262621961505,10.840988263694454,30yr_normal,,
SI9591,prism_tmax_us_30s_2020_avg_30y.tif,prism_vpdmax_us_30s_2020_avg_30y.tif,16.637997436523438,11.637997436523438,10.643999481201172,1.0643999481201172,0.305033245545002,10.658622612007974,30yr_normal,,
SI9592,prism_tmax_us_30s_2020_avg_30y.tif,prism_vpdmax_us_30s_2020_avg_30y.tif,16.841238021850586,11.841238021850586,10.998737335205078,1.0998737335205078,0.2880744731708371,10.76719522634542,30yr_normal,,
SI9593,prism_tmax_us_30s_2020_avg_30y.tif,prism_vpdmax_us_30s_2020_avg_30y.tif,16.920817057291668,11.920817057291668,11.150833129882812,1.1150833129882813,0.28017414879746605,10.80921171196178,30yr_normal,,
